0,961,46,1,1,342,962
0,961,46,1,1,342,962
0,1957,1,1,1,302,1958
0,2047,56,1,1,345,2048
0,2047,244,1,1,596,2048
0,2047,328,1,1,678,2048
0,2047,196,1,1,545,2048
0,2047,320,1,1,676,2048
0,2047,216,1,1,566,2048
0,2047,145,1,1,507,2048
0,2047,338,1,1,691,2048
0,2047,457,1,1,819,2048
0,2047,255,1,1,607,2048
0,2047,315,1,1,665,2048
0,2047,295,1,1,642,2048
0,2047,366,1,1,677,2048
0,2047,304,1,1,658,2048
1,3009,226,1,1,582,2048
1,4005,177,1,1,529,2048
1,4095,216,1,1,534,2048
1,4095,231,1,1,588,2048
1,4095,427,1,1,777,2048
1,4095,229,1,1,586,2048
1,4095,461,1,1,812,2048
1,4095,370,1,1,723,2048
1,4095,-13,1,1,287,2048
1,4095,336,1,1,691,2048
1,4095,339,1,1,698,2048
1,4095,341,1,1,687,2048
1,4095,182,1,1,534,2048
1,4095,319,1,1,645,2048
1,4095,166,1,1,521,2048
1,4095,53,1,1,332,2048
2,5057,209,1,1,543,2048
2,5841,40,1,1,339,1746
2,6053,247,1,1,598,2048
2,6143,355,1,1,691,2048
2,6143,7,1,1,304,2048
2,6143,136,1,1,488,2048
2,6143,169,1,1,523,2048
2,6143,103,1,1,459,2048
2,6143,277,1,1,627,2048
2,6143,256,1,1,600,2048
2,6143,281,1,1,634,2048
2,6143,276,1,1,636,2048
2,6143,247,1,1,607,2048
2,6143,173,1,1,526,2048
2,6143,355,1,1,708,2048
2,6143,346,1,1,699,2048
3,7105,128,1,1,480,2048
3,7206,25,1,1,337,1063
3,7889,334,1,1,683,2048
3,8101,303,1,1,648,2048
3,8191,331,1,1,691,2048
3,8191,71,1,1,377,2048
3,8191,14,1,1,302,2048
3,8191,72,1,1,356,2048
3,8191,338,1,1,691,2048
3,8191,256,1,1,600,2048
3,8191,212,1,1,562,2048
3,8191,313,1,1,663,2048
3,8191,171,1,1,526,2048
3,8191,153,1,1,509,2048
3,8191,260,1,1,600,2048
3,8191,374,1,1,727,2048
4,9153,241,1,1,554,2048
4,9254,323,1,1,673,2048
4,9937,241,1,1,594,2048
4,10149,0,1,1,272,2048
4,10239,368,1,1,718,2048
4,10239,155,1,1,503,2048
4,10239,474,1,1,827,2048
4,10239,-6,1,1,296,2048
4,10239,198,1,1,502,2048
4,10239,35,1,1,345,2048
4,10239,199,1,1,557,2048
4,10239,208,1,1,560,2048
4,10239,320,1,1,669,2048
4,10239,239,1,1,591,2048
4,10239,258,1,1,609,2048
4,10239,277,1,1,638,2048
5,11070,63,1,1,360,831
5,11201,256,1,1,605,2048
5,11302,227,1,1,590,2048
5,11985,276,1,1,631,2048
5,12197,5,1,1,281,2048
5,12287,126,1,1,491,2048
5,12287,236,1,1,586,2048
5,12287,211,1,1,563,2048
5,12287,251,1,1,606,2048
5,12287,453,1,1,806,2048
5,12287,225,1,1,581,2048
5,12287,477,1,1,830,2048
5,12287,265,1,1,614,2048
5,12287,416,1,1,771,2048
5,12287,134,1,1,434,2048
5,12287,465,1,1,819,2048
6,12614,-29,1,1,287,1312
6,13118,248,1,1,600,2048
6,13249,131,1,1,419,2048
6,14033,328,1,1,681,2048
6,14101,347,1,1,691,1814
6,14245,203,1,1,504,2048
6,14335,219,1,1,528,2048
6,14335,-5,1,1,288,2048
6,14335,158,1,1,510,2048
6,14335,166,1,1,499,2048
6,14335,181,1,1,474,2048
6,14335,-9,1,1,292,2048
6,14335,521,1,1,874,2048
6,14335,314,1,1,664,2048
6,14335,102,1,1,392,2048
6,14335,322,1,1,671,2048
7,14662,103,1,1,419,2048
7,15154,32,1,1,331,819
7,15166,370,1,1,725,2048
7,15297,470,1,1,820,2048
7,15388,69,1,1,366,1053
7,16081,153,1,1,457,2048
7,16108,14,1,1,317,1863
7,16149,259,1,1,608,2048
7,16383,154,1,1,461,2048
7,16383,342,1,1,691,2048
7,16383,470,1,1,823,2048
7,16383,263,1,1,612,2048
7,16383,501,1,1,854,2048
7,16383,125,1,1,423,2048
7,16383,359,1,1,650,2048
7,16383,400,1,1,753,2048
8,16710,346,1,1,712,2048
8,17202,450,1,1,805,2048
8,17214,-19,1,1,254,2048
8,17345,339,1,1,689,2048
8,17436,303,1,1,658,2048
8,18129,452,1,1,786,2048
8,18156,585,1,1,937,2048
8,18197,437,1,1,786,2048
8,18431,246,1,1,606,2048
8,18431,606,1,1,878,2048
8,18431,180,1,1,495,2048
8,18431,-50,1,1,227,2048
8,18431,341,1,1,691,2048
8,18431,120,1,1,407,2048
8,18431,672,1,1,958,2048
8,18431,-12,1,1,264,2048
9,18727,7,1,1,306,1513
9,18758,371,1,1,733,2048
9,19250,297,1,1,627,2048
9,19368,33,1,1,333,2023
9,19484,474,1,1,827,2048
9,20177,143,1,1,446,2048
9,20204,59,1,1,359,2048
9,20245,191,1,1,502,2048
9,20479,234,1,1,553,2048
9,20479,358,1,1,681,2048
9,20479,293,1,1,646,2048
9,20479,391,1,1,744,2048
9,20479,114,1,1,419,2048
9,20479,498,1,1,847,2048
9,20479,255,1,1,579,2048
9,20479,-49,1,1,243,2048
10,20712,345,1,1,668,1985
10,20806,502,1,1,825,2048
10,20936,630,1,1,925,1452
10,21089,630,1,1,925,1839
10,21416,313,1,1,657,2048
11,21786,55,1,1,354,697
11,21851,33,1,1,329,1139
10,22225,467,1,1,817,2048
10,22252,382,1,1,687,2048
10,22281,39,1,1,339,1802
10,22293,230,1,1,548,2048
10,22394,365,1,1,691,1915
10,22520,47,1,1,352,2041
10,22527,314,1,1,667,2048
10,22527,188,1,1,491,2048
10,22527,89,1,1,368,2048
10,22527,311,1,1,628,2048
10,22527,615,1,1,913,2048
11,22594,414,1,1,763,1788
11,22984,485,1,1,827,2048
12,23322,362,1,1,675,1471
11,23464,467,1,1,806,2048
11,23582,382,1,1,691,1062
12,23834,206,1,1,516,2048
11,24132,637,1,1,937,1851
11,24166,390,1,1,709,1914
11,24273,452,1,1,803,2048
11,24279,639,1,1,933,1986
12,24356,468,1,1,809,1762
11,24414,635,1,1,936,1887
11,24442,474,1,1,827,2048
11,24575,250,1,1,574,2048
11,24575,745,1,1,1068,2048
11,24575,381,1,1,693,2048
11,24575,101,1,1,381,2048
12,24898,79,1,1,373,1434
12,25032,216,1,1,535,2048
13,25081,49,1,1,347,1759
12,25095,77,1,1,373,929
12,25630,308,1,1,650,2048
12,25643,59,1,1,358,1511
13,25702,76,1,1,373,607
13,25826,381,1,1,694,928
12,25832,384,1,1,691,1559
12,25862,79,1,1,373,1583
13,25882,443,1,1,793,2048
12,26362,622,1,1,918,1920
13,26404,208,1,1,505,2048
12,26462,241,1,1,578,2048
12,26469,646,1,1,939,1894
12,26502,79,1,1,373,1927
12,26623,185,1,1,497,2048
12,26623,163,1,1,455,2048
13,26930,490,1,1,813,1898
14,27129,616,1,1,908,2048
13,27202,513,1,1,827,1370
13,27307,378,1,1,691,1677
13,27330,330,1,1,646,1687
14,27717,301,1,1,642,2015
13,27765,379,1,1,691,1403
14,27874,216,1,1,508,2048
13,27910,427,1,1,776,2048
14,27930,191,1,1,519,2048
13,27948,348,1,1,658,1479
15,28071,78,1,1,373,942
13,28214,498,1,1,826,1712
13,28308,624,1,1,923,1685
14,28452,511,1,1,852,2048
13,28510,866,1,1,1173,2048
13,28671,329,1,1,659,2048
14,28799,79,1,1,373,1034
14,28978,520,1,1,889,2048
14,29250,440,1,1,756,2048
15,29286,499,1,1,820,1569
14,29355,344,1,1,676,2048
14,29378,912,1,1,1257,2048
14,29547,79,1,1,373,1599
15,29802,472,1,1,801,1928
16,29898,807,1,1,1118,1827
15,29912,64,1,1,361,1982
14,29958,869,1,1,1218,2048
14,30083,61,1,1,358,1573
14,30203,643,1,1,936,1989
14,30356,457,1,1,764,2048
15,30434,638,1,1,936,1982
14,30719,264,1,1,600,2048
15,30847,274,1,1,597,2048
15,31026,600,1,1,891,2048
15,31298,589,1,1,939,2048
16,31334,614,1,1,906,2048
15,31338,264,1,1,586,1791
15,31403,492,1,1,827,2048
15,31426,255,1,1,587,2048
16,31692,356,1,1,670,1780
16,31850,301,1,1,651,2048
17,31946,441,1,1,773,2048
15,32006,359,1,1,691,2048
15,32063,357,1,1,674,1980
15,32251,164,1,1,480,2048
16,32403,79,1,1,373,1377
15,32404,464,1,1,800,2048
16,32482,439,1,1,774,2048
15,32767,413,1,1,720,2048
17,32848,382,1,1,691,1514
16,32851,603,1,1,937,2004
17,33087,382,1,1,691,1395
16,33214,497,1,1,819,1788
16,33346,1004,1,1,1330,2048
16,33386,494,1,1,822,2048
16,33451,146,1,1,452,2048
16,33492,351,1,1,676,1429
17,33716,623,1,1,915,1313
17,33898,275,1,1,603,2048
17,33990,79,1,1,373,1139
18,33994,961,1,1,1281,2048
16,34054,575,1,1,912,2048
18,34189,-20,1,1,283,1341
16,34299,177,1,1,475,2048
16,34452,691,1,1,980,2048
17,34507,386,1,1,689,1293
17,34530,481,1,1,814,2048
16,34815,481,1,1,816,2048
18,34864,380,1,1,690,1148
18,35135,1077,1,1,1405,2048
17,35202,485,1,1,798,1856
18,35378,387,1,1,691,1480
19,35411,381,1,1,691,1417
17,35434,1059,1,1,1411,2048
17,35466,385,1,1,696,1974
17,35499,83,1,1,419,2048
18,35614,79,1,1,373,1084
18,35997,480,1,1,805,2007
18,36062,517,1,1,827,860
17,36102,259,1,1,612,2048
19,36104,333,1,1,642,1915
17,36226,368,1,1,691,1927
19,36441,620,1,1,936,1306
17,36500,271,1,1,624,2048
18,36555,981,1,1,1265,2048
18,36567,383,1,1,691,1133
19,36602,521,1,1,827,1738
20,36855,373,1,1,691,1444
17,36863,346,1,1,691,2048
19,36882,380,1,1,691,1504
19,36938,79,1,1,373,941
18,37012,386,1,1,698,1513
18,37514,1068,1,1,1411,2048
18,37561,504,1,1,818,1335
20,37655,79,1,1,373,1053
19,37662,99,1,1,373,2048
19,37795,386,1,1,690,1228
21,37883,407,1,1,709,1028
19,38110,139,1,1,492,2048
20,38118,515,1,1,827,1180
18,38150,1187,1,1,1502,2048
20,38152,226,1,1,570,2048
19,38303,364,1,1,691,1748
20,38305,521,1,1,827,1423
19,38480,384,1,1,691,1468
20,38489,251,1,1,603,2048
18,38548,419,1,1,704,2048
18,38771,996,1,1,1333,1908
19,38895,391,1,1,697,1334
19,38896,387,1,1,691,1382
20,38946,384,1,1,691,1151
20,38991,386,1,1,691,1329
22,38992,630,1,1,939,1109
20,39340,79,1,1,373,1037
20,39371,387,1,1,691,1261
21,39448,406,1,1,709,1296
21,39532,404,1,1,709,1227
21,39703,620,1,1,891,2048
21,39759,79,1,1,373,768
21,39799,386,1,1,691,1310
19,39927,389,1,1,693,1379
21,39984,79,1,1,373,1038
20,40020,384,1,1,691,1540
21,40022,387,1,1,691,1904
19,40167,387,1,1,691,1396
20,40187,386,1,1,691,1292
19,40198,474,1,1,827,2048
20,40224,401,1,1,709,1328
23,40234,386,1,1,691,1242
21,40636,406,1,1,709,1265
21,40764,386,1,1,691,1424
22,40786,387,1,1,691,1338
22,40788,387,1,1,691,1085
22,40860,387,1,1,691,1328
20,41060,79,1,1,373,1133
22,41192,383,1,1,691,1208
22,41282,386,1,1,691,1260
21,41340,386,1,1,691,1320
20,41379,386,1,1,691,1181
20,41418,385,1,1,691,1251
21,41441,385,1,1,691,1254
24,41614,520,1,1,827,1380
21,41675,519,1,1,827,1451
22,41807,-97,1,1,215,2048
22,41847,327,1,1,691,2048
22,41885,385,1,1,691,1249
23,42022,387,1,1,691,1236
22,42037,387,1,1,691,1273
23,42124,519,1,1,827,1336
23,42152,386,1,1,691,1292
21,43108,-102,1,1,251,2048
23,43240,-102,1,1,251,2048
23,43330,-102,1,1,251,2048
22,43388,-102,1,1,251,2048
21,43427,-102,1,1,251,2048
21,43466,-102,1,1,251,2048
22,43489,-102,1,1,251,2048
25,43662,-102,1,1,251,2048
22,43723,-102,1,1,251,2048
23,43855,-102,1,1,251,2048
23,43895,-102,1,1,251,2048
23,43933,-102,1,1,251,2048
24,44070,-102,1,1,251,2048
23,44085,-102,1,1,251,2048
24,44172,-102,1,1,251,2048
24,44200,-102,1,1,251,2048
22,45156,-102,1,1,251,2048
24,45288,-102,1,1,251,2048
24,45378,-102,1,1,251,2048
23,45436,-102,1,1,251,2048
22,45475,-102,1,1,251,2048
22,45514,-102,1,1,251,2048
23,45537,-102,1,1,251,2048
26,45710,-102,1,1,251,2048
23,45771,-102,1,1,251,2048
24,45903,-102,1,1,251,2048
24,45943,-102,1,1,251,2048
24,45981,-102,1,1,251,2048
25,46118,-102,1,1,251,2048
24,46133,-102,1,1,251,2048
25,46220,-102,1,1,251,2048
25,46248,-102,1,1,251,2048
23,47204,-102,1,1,251,2048
25,47336,-102,1,1,251,2048
25,47426,-102,1,1,251,2048
24,47484,-102,1,1,251,2048
23,47523,-102,1,1,251,2048
23,47562,-102,1,1,251,2048
24,47585,-102,1,1,251,2048
27,47758,-102,1,1,251,2048
24,47819,-102,1,1,251,2048
25,47951,-102,1,1,251,2048
25,47991,-102,1,1,251,2048
25,48029,-102,1,1,251,2048
26,48166,-102,1,1,251,2048
25,48181,-102,1,1,251,2048
26,48268,-102,1,1,251,2048
26,48296,-102,1,1,251,2048
24,49252,-102,1,1,251,2048
26,49384,-102,1,1,251,2048
26,49474,-102,1,1,251,2048
25,49532,-102,1,1,251,2048
24,49571,-102,1,1,251,2048
24,49610,-102,1,1,251,2048
25,49633,-102,1,1,251,2048
28,49806,-102,1,1,251,2048
25,49867,-102,1,1,251,2048
26,49999,-102,1,1,251,2048
26,50039,-102,1,1,251,2048
26,50077,-102,1,1,251,2048
27,50214,-102,1,1,251,2048
26,50229,-102,1,1,251,2048
27,50316,-102,1,1,251,2048
27,50344,-102,1,1,251,2048
25,51300,-102,1,1,251,2048
27,51432,-102,1,1,251,2048
27,51522,-102,1,1,251,2048
26,51580,-102,1,1,251,2048
25,51619,-102,1,1,251,2048
25,51658,-102,1,1,251,2048
26,51681,-102,1,1,251,2048
29,51854,-102,1,1,251,2048
26,51915,-102,1,1,251,2048
27,52047,-102,1,1,251,2048
27,52087,-102,1,1,251,2048
27,52125,-102,1,1,251,2048
28,52262,-102,1,1,251,2048
27,52277,-102,1,1,251,2048
28,52364,-102,1,1,251,2048
28,52392,-102,1,1,251,2048
26,53348,-102,1,1,251,2048
28,53480,-102,1,1,251,2048
28,53570,-102,1,1,251,2048
27,53628,-102,1,1,251,2048
26,53667,-102,1,1,251,2048
26,53706,-102,1,1,251,2048
27,53729,-102,1,1,251,2048
30,53902,-102,1,1,251,2048
27,53963,-102,1,1,251,2048
28,54095,-102,1,1,251,2048
28,54135,-102,1,1,251,2048
28,54173,-102,1,1,251,2048
29,54310,-102,1,1,251,2048
28,54325,-102,1,1,251,2048
29,54412,-102,1,1,251,2048
29,54440,-102,1,1,251,2048
27,55396,-102,1,1,251,2048
29,55528,-102,1,1,251,2048
29,55618,-102,1,1,251,2048
28,55676,-102,1,1,251,2048
27,55715,-102,1,1,251,2048
27,55754,-102,1,1,251,2048
28,55777,-102,1,1,251,2048
31,55950,-102,1,1,251,2048
28,56011,-102,1,1,251,2048
29,56143,-102,1,1,251,2048
29,56183,-102,1,1,251,2048
29,56221,-102,1,1,251,2048
30,56358,-102,1,1,251,2048
29,56373,-102,1,1,251,2048
30,56460,-102,1,1,251,2048
30,56488,-102,1,1,251,2048
28,57444,-102,1,1,251,2048
30,57576,-102,1,1,251,2048
30,57666,20,1,1,373,2048
29,57724,94,1,1,368,2048
28,57763,-37,1,1,254,2048
28,57802,77,1,1,354,2048
29,57825,88,1,1,371,2048
32,57946,77,1,1,371,1996
30,57956,63,1,1,361,1813
29,57977,74,1,1,368,1966
30,58061,59,1,1,353,1878
29,58100,69,1,1,367,656
31,58206,74,1,1,368,540
30,58269,109,1,1,419,2048
30,58281,63,1,1,359,1908
30,58284,67,1,1,362,560
31,58358,69,1,1,363,1898
29,58391,79,1,1,373,628
31,58406,107,1,1,419,2048
29,58431,66,1,1,361,629
31,58469,68,1,1,363,1981
30,58490,74,1,1,373,665
33,58598,72,1,1,368,652
31,58604,61,1,1,357,648
30,58755,65,1,1,361,655
31,58811,74,1,1,368,542
31,58885,59,1,1,355,601
32,58938,52,1,1,348,580
30,59008,77,1,1,371,577
32,59029,65,1,1,361,623
32,59036,67,1,1,362,567
31,59059,63,1,1,359,569
30,59223,50,1,1,349,832
34,59225,60,1,1,356,627
32,59234,62,1,1,358,630
31,59322,69,1,1,363,567
32,59417,61,1,1,356,606
32,59476,73,1,1,367,591
33,59491,71,1,1,365,553
31,59590,55,1,1,351,582
31,59624,66,1,1,419,2048
33,59663,77,1,1,371,634
30,60025,66,1,1,419,2048
33,60040,60,1,1,354,623
31,60109,47,1,1,416,2048
32,60254,68,1,1,421,2048
31,60329,57,1,1,419,2048
33,61084,272,1,1,643,2048
32,61107,321,1,1,691,2048
31,61271,112,1,1,475,2048
35,61273,113,1,1,475,2048
33,61282,114,1,1,475,2048
32,61370,24,1,1,387,2048
33,61524,111,1,1,475,2048
34,61539,122,1,1,475,2048
32,61638,126,1,1,501,2048
32,61672,340,1,1,701,2048
34,61711,443,1,1,816,2048
33,61983,57,1,1,352,613
31,62073,167,1,1,531,2048
34,62088,167,1,1,531,2048
32,62157,167,1,1,531,2048
33,62302,169,1,1,531,2048
36,62323,377,1,1,697,1050
32,62377,171,1,1,533,2048
35,62720,59,1,1,356,632
33,62777,355,1,1,678,1105
34,63132,469,1,1,827,2048
35,63134,45,1,1,341,1595
33,63155,111,1,1,475,2048
33,63290,77,1,1,371,1652
36,63304,48,1,1,344,584
32,63319,122,1,1,475,2048
34,63330,112,1,1,475,2048
33,63434,497,1,1,827,1277
34,63572,171,1,1,475,2048
35,63759,332,1,1,695,2048
34,64017,363,1,1,691,1240
34,64031,111,1,1,475,2048
32,64121,123,1,1,419,2048
34,64282,386,1,1,694,848
36,64313,59,1,1,353,1179
34,64350,178,1,1,531,2048
37,64371,46,1,1,341,2048
33,64425,170,1,1,475,2048
34,64450,78,1,1,372,1160
34,64678,379,1,1,691,1523
35,64760,79,1,1,373,1188
35,65180,66,1,1,419,2048
37,65352,234,1,1,533,2048
33,65367,315,1,1,691,2048
35,65378,226,1,1,580,2048
37,65525,78,1,1,372,1212
34,65755,371,1,1,691,1330
36,65807,193,1,1,475,2048
35,66065,231,1,1,567,2048
33,66066,597,1,1,939,1945
35,66079,317,1,1,670,2048
38,66112,404,1,1,709,760
35,66182,363,1,1,693,1504
38,66192,645,1,1,937,1821
34,66249,78,1,1,372,882
35,66330,403,1,1,691,2048
35,66398,506,1,1,823,2048
35,66498,399,1,1,691,2048
36,66808,230,1,1,548,2048
36,67228,59,1,1,353,2048
36,67298,77,1,1,373,1219
34,67323,514,1,1,827,1257
36,67331,77,1,1,371,1149
39,67357,385,1,1,691,1245
35,67421,379,1,1,691,1172
36,67426,164,1,1,475,2048
37,67438,377,1,1,691,1631
38,67573,170,1,1,509,2048
39,67601,512,1,1,823,1409
35,67803,372,1,1,656,2048
37,68035,384,1,1,691,1227
36,68113,311,1,1,614,2048
37,68350,401,1,1,707,1122
36,68378,351,1,1,670,2048
36,68446,381,1,1,692,2048
36,68546,210,1,1,516,2048
38,68941,76,1,1,370,906
40,68942,616,1,1,939,1341
35,68956,373,1,1,691,1633
40,69022,512,1,1,827,1665
36,69126,496,1,1,827,1705
37,69196,370,1,1,691,1770
39,69251,378,1,1,691,1678
37,69293,510,1,1,827,1962
36,69294,77,1,1,371,1491
37,69346,57,1,1,396,2048
38,69420,484,1,1,827,1982
37,69767,369,1,1,691,1654
38,69925,507,1,1,821,1575
37,70158,373,1,1,690,1780
41,70160,506,1,1,821,1218
41,70198,384,1,1,691,1176
37,70208,371,1,1,690,1762
36,70487,383,1,1,691,1531
37,70524,484,1,1,801,1398
37,70594,170,1,1,509,2048
38,70608,511,1,1,821,1412
39,70860,501,1,1,827,1919
38,70863,385,1,1,691,1570
38,70891,518,1,1,827,1545
39,71228,641,1,1,934,1303
37,71235,511,1,1,827,1941
40,71299,451,1,1,760,2048
39,71335,509,1,1,827,1915
38,71469,521,1,1,831,1702
42,71483,516,1,1,827,1323
42,71787,498,1,1,808,1589
37,71903,508,1,1,827,1416
39,72198,646,1,1,939,1335
38,72206,498,1,1,829,2048
38,72230,646,1,1,939,1706
38,72256,248,1,1,548,2048
39,72305,399,1,1,709,1697
38,72405,520,1,1,829,1811
39,72476,510,1,1,821,1585
40,72515,513,1,1,823,1655
38,72681,490,1,1,801,1446
40,72889,516,1,1,827,1661
40,72989,370,1,1,691,1654
43,73079,515,1,1,827,1596
41,73347,502,1,1,827,2048
39,73388,372,1,1,690,1919
39,73450,79,1,1,373,1244
43,73594,502,1,1,819,1807
39,73797,823,1,1,1125,1541
39,73843,384,1,1,694,1613
38,73951,-37,1,1,254,2048
40,74061,515,1,1,827,1585
41,74083,383,1,1,691,1568
39,74095,504,1,1,814,1690
41,74173,749,1,1,1053,1184
40,74246,41,1,1,387,2048
40,74305,495,1,1,828,2000
39,74482,486,1,1,801,1801
41,74589,383,1,1,693,1700
44,74710,372,1,1,685,1631
44,74834,384,1,1,691,1240
42,74915,516,1,1,827,1568
42,75050,403,1,1,708,967
40,75062,516,1,1,827,1612
40,75125,385,1,1,690,1282
40,75180,388,1,1,694,1383
40,75406,363,1,1,691,2018
39,75641,386,1,1,691,1690
41,75658,514,1,1,827,1597
40,75731,513,1,1,827,1249
42,75840,511,1,1,827,1667
40,75885,494,1,1,816,1790
41,75896,504,1,1,819,1650
45,76122,388,1,1,698,1412
42,76255,498,1,1,812,1666
41,76353,511,1,1,827,2048
45,76355,510,1,1,827,1521
43,76560,380,1,1,693,1645
41,76775,386,1,1,694,1595
42,76841,642,1,1,935,945
40,76900,379,1,1,691,1259
41,77036,382,1,1,691,1911
41,77088,507,1,1,821,2026
43,77098,494,1,1,827,2048
43,77350,380,1,1,691,1510
41,77387,503,1,1,828,1981
42,77606,642,1,1,935,1948
41,77779,380,1,1,691,2048
46,77840,79,1,1,373,1485
42,77905,381,1,1,691,1552
41,77933,499,1,1,828,2048
43,78166,484,1,1,827,1911
46,78170,271,1,1,574,2048
41,78240,506,1,1,820,1340
44,78353,499,1,1,816,1793
42,78356,514,1,1,827,1320
44,78648,515,1,1,827,1550
43,78655,517,1,1,827,1814
42,78823,481,1,1,827,2048
44,79057,508,1,1,820,1707
42,79136,487,1,1,830,2048
42,79154,508,1,1,820,1767
43,79422,373,1,1,691,1816
42,79445,508,1,1,819,1666
42,79718,383,1,1,691,1478
42,79749,511,1,1,822,1816
47,79822,515,1,1,827,1652
47,79882,515,1,1,826,2042
43,79953,491,1,1,830,2048
44,80150,515,1,1,827,1495
44,80172,363,1,1,691,2006
43,80195,508,1,1,820,1839
45,80218,513,1,1,828,1570
45,80246,515,1,1,827,1893
43,80301,515,1,1,827,1478
43,80538,511,1,1,821,1384
44,80640,79,1,1,373,1218
45,80645,509,1,1,819,1588
43,80739,514,1,1,825,1603
43,81169,504,1,1,816,1724
48,81218,385,1,1,691,1396
43,81259,508,1,1,820,1541
48,81358,516,1,1,827,1476
44,81501,512,1,1,821,1200
43,81577,511,1,1,823,1828
45,81687,516,1,1,827,1515
46,81786,505,1,1,819,1568
44,81843,515,1,1,827,1890
46,81862,516,1,1,827,1616
45,82054,516,1,1,827,1414
44,82128,372,1,1,691,1590
46,82161,506,1,1,816,1516
45,82198,492,1,1,827,2048
44,82243,479,1,1,827,2048
44,82336,507,1,1,818,1597
44,82828,503,1,1,816,1569
44,83026,515,1,1,827,1857
49,83093,484,1,1,801,1735
46,83200,509,1,1,818,1513
49,83266,486,1,1,820,2048
45,83549,70,1,1,419,2048
44,83574,383,1,1,691,1997
47,83585,79,1,1,373,1424
47,83629,507,1,1,819,1767
47,83834,-90,1,1,251,2048
45,83891,-65,1,1,251,2048
45,83996,513,1,1,827,1753
46,84036,510,1,1,821,1982
45,84176,504,1,1,818,2048
46,84246,123,1,1,419,2048
47,84355,79,1,1,373,1155
45,84384,346,1,1,691,2048
45,84526,377,1,1,691,1500
46,84815,79,1,1,373,819
45,84876,365,1,1,691,2048
45,85099,495,1,1,813,1525
50,85141,222,1,1,531,2048
50,85314,332,1,1,646,2048
48,85330,79,1,1,373,975
46,85416,373,1,1,691,1867
48,85618,363,1,1,691,2033
48,85677,427,1,1,757,2048
47,85760,485,1,1,819,1724
47,85786,79,1,1,373,971
48,85882,218,1,1,531,2048
46,85939,213,1,1,531,2048
47,86177,485,1,1,821,1931
46,86224,342,1,1,658,2048
46,86325,377,1,1,691,1941
46,86545,382,1,1,691,2019
51,86566,380,1,1,691,1252
46,86754,487,1,1,802,1655
51,86823,612,1,1,939,1682
47,86883,380,1,1,691,1467
49,86889,382,1,1,691,1559
46,86924,227,1,1,531,2048
49,87036,383,1,1,691,1359
48,87188,504,1,1,816,1428
49,87233,380,1,1,691,1615
48,87292,489,1,1,801,1506
49,87315,382,1,1,691,1433
47,87842,506,1,1,818,1517
48,87889,510,1,1,827,1712
50,87947,79,1,1,373,1058
47,87977,497,1,1,813,1753
47,87987,57,1,1,393,2048
52,88096,386,1,1,691,1273
47,88178,510,1,1,820,1633
47,88288,505,1,1,819,1534
48,88545,381,1,1,691,1662
52,88614,259,1,1,603,2048
49,88880,500,1,1,815,1692
47,88972,123,1,1,419,2048
49,89035,507,1,1,820,1743
50,89077,370,1,1,691,1762
50,89078,503,1,1,816,1845
50,89084,504,1,1,818,2048
48,89097,647,1,1,939,1255
53,89334,78,1,1,373,1238
48,89464,76,1,1,373,1286
48,89474,491,1,1,801,1497
48,89484,79,1,1,373,1196
48,89553,500,1,1,814,1566
49,89751,502,1,1,827,1862
53,89753,79,1,1,373,1139
48,89905,79,1,1,373,933
51,89995,145,1,1,491,2048
49,90151,507,1,1,821,1606
51,90478,510,1,1,820,1394
49,90529,386,1,1,691,1065
50,90579,404,1,1,708,1544
51,90665,516,1,1,827,1588
49,90830,505,1,1,818,1733
49,90863,492,1,1,802,1389
50,90928,237,1,1,564,2048
49,91078,517,1,1,826,1594
54,91110,516,1,1,827,1776
50,91115,388,1,1,693,1364
51,91126,233,1,1,586,2048
54,91147,386,1,1,691,1394
49,91174,509,1,1,820,1621
49,91378,385,1,1,691,1473
52,91604,512,1,1,821,1609
50,91656,383,1,1,691,1505
52,91710,501,1,1,813,1232
51,91844,383,1,1,691,1265
50,91852,516,1,1,827,1323
50,92051,511,1,1,820,1188
52,92161,515,1,1,826,1496
50,92206,486,1,1,797,1376
51,92307,495,1,1,806,1379
50,92370,498,1,1,809,1196
51,92455,517,1,1,827,1340
55,92554,507,1,1,818,1407
50,92678,385,1,1,691,1300
52,92678,489,1,1,801,1552
50,92866,498,1,1,818,1788
55,93062,495,1,1,816,1952
51,93219,503,1,1,813,1367
53,93350,508,1,1,827,1640
52,93384,384,1,1,691,1540
51,93399,42,1,1,337,1193
51,93579,825,1,1,1124,1528
51,93582,647,1,1,939,1212
53,93634,494,1,1,827,2030
51,93704,485,1,1,827,2048
52,93744,491,1,1,801,1437
51,93766,79,1,1,373,1088
52,93821,385,1,1,691,1366
53,93859,514,1,1,823,1698
56,94249,516,1,1,827,1695
51,94364,513,1,1,822,1498
53,94500,478,1,1,801,1822
52,94638,510,1,1,824,1419
56,94782,384,1,1,692,1720
54,94841,384,1,1,691,1491
52,94934,385,1,1,691,1355
54,94955,385,1,1,691,1321
52,95019,513,1,1,827,1620
53,95147,376,1,1,691,1763
52,95186,509,1,1,819,1604
52,95204,509,1,1,818,1438
52,95396,516,1,1,827,1692
53,95410,646,1,1,939,1589
57,95488,511,1,1,820,1239
54,95531,499,1,1,815,1672
52,95623,513,1,1,826,1259
53,95792,54,1,1,347,2048
54,95904,395,1,1,700,1404
53,96157,504,1,1,814,1223
53,96181,384,1,1,691,1543
55,96382,501,1,1,811,1427
53,96591,511,1,1,821,1572
54,96771,488,1,1,802,1624
53,96777,514,1,1,827,1591
57,96830,509,1,1,821,2048
53,96833,515,1,1,827,1629
55,96889,327,1,1,676,2048
53,97056,517,1,1,827,1660
55,97065,514,1,1,826,1534
58,97184,487,1,1,801,1696
55,97411,510,1,1,820,1507
54,97433,488,1,1,818,2023
53,97671,-91,1,1,251,2048
54,97772,506,1,1,819,1591
54,97840,-91,1,1,251,2048
54,98205,86,1,1,406,2048
56,98430,66,1,1,419,2048
54,98639,384,1,1,737,2048
55,98819,141,1,1,416,2048
54,98825,291,1,1,644,2048
58,98878,115,1,1,389,2048
54,98881,105,1,1,379,2048
56,98937,137,1,1,412,2048
54,99104,190,1,1,475,2048
56,99113,261,1,1,614,2048
59,99232,537,1,1,827,2048
54,99317,513,1,1,821,1646
56,99459,470,1,1,756,2048
55,99481,174,1,1,475,2048
55,99687,513,1,1,822,1915
55,99704,512,1,1,822,1864
55,99889,513,1,1,827,1684
55,100210,514,1,1,826,1571
56,100246,510,1,1,820,1427
59,100345,513,1,1,822,1467
55,100401,517,1,1,827,1576
57,100478,134,1,1,475,2048
55,100492,517,1,1,827,1611
57,100575,515,1,1,826,1462
55,100581,510,1,1,820,1477
57,100599,79,1,1,373,1140
57,100625,511,1,1,827,1688
56,101250,79,1,1,373,1563
60,101280,187,1,1,531,2048
55,101365,142,1,1,490,2048
56,101529,259,1,1,612,2048
56,101752,-84,1,1,251,2048
56,101937,266,1,1,614,2048
56,102139,79,1,1,373,1929
57,102294,-74,1,1,251,2048
60,102393,91,1,1,419,2048
57,102407,79,1,1,373,1157
56,102449,133,1,1,419,2048
58,102526,-16,1,1,275,2048
56,102540,66,1,1,419,2048
58,102623,99,1,1,373,2048
56,102629,122,1,1,475,2048
58,102647,400,1,1,753,2048
58,102673,85,1,1,419,2048
61,103328,-102,1,1,251,2048
56,103413,-102,1,1,251,2048
57,103577,-102,1,1,251,2048
57,103800,178,1,1,531,2048
57,103985,66,1,1,419,2048
57,104187,-102,1,1,251,2048
58,104342,-102,1,1,251,2048
61,104441,-102,1,1,251,2048
58,104455,-102,1,1,251,2048
57,104497,-102,1,1,251,2048
59,104574,-102,1,1,251,2048
57,104588,-102,1,1,251,2048
59,104671,-102,1,1,251,2048
57,104677,-102,1,1,251,2048
59,104695,-102,1,1,251,2048
59,104721,-102,1,1,251,2048
60,105315,79,1,1,373,620
62,105376,-102,1,1,251,2048
57,105461,-102,1,1,251,2048
58,105625,-102,1,1,251,2048
58,105848,-102,1,1,251,2048
58,106033,-102,1,1,251,2048
58,106235,-102,1,1,251,2048
59,106390,-102,1,1,251,2048
62,106489,-102,1,1,251,2048
59,106503,-102,1,1,251,2048
58,106545,-102,1,1,251,2048
60,106622,-102,1,1,251,2048
58,106636,-102,1,1,251,2048
60,106719,-102,1,1,251,2048
58,106725,-102,1,1,251,2048
60,106769,-102,1,1,251,2048
61,107363,-102,1,1,251,2048
63,107424,-102,1,1,251,2048
58,107509,-102,1,1,251,2048
59,107673,-102,1,1,251,2048
59,107896,-102,1,1,251,2048
59,108081,-102,1,1,251,2048
59,108283,-102,1,1,251,2048
60,108438,-102,1,1,251,2048
63,108537,-102,1,1,251,2048
60,108551,-102,1,1,251,2048
59,108593,-102,1,1,251,2048
61,108670,-102,1,1,251,2048
59,108684,-102,1,1,251,2048
61,108767,-102,1,1,251,2048
59,108773,-102,1,1,251,2048
61,108817,-102,1,1,251,2048
62,109411,-102,1,1,251,2048
64,109472,-102,1,1,251,2048
59,109557,-102,1,1,251,2048
60,109721,-102,1,1,251,2048
60,109944,-102,1,1,251,2048
60,110129,-102,1,1,251,2048
60,110331,-102,1,1,251,2048
61,110486,-102,1,1,251,2048
64,110585,-102,1,1,251,2048
61,110599,-102,1,1,251,2048
60,110641,-102,1,1,251,2048
62,110718,-102,1,1,251,2048
60,110732,-102,1,1,251,2048
62,110815,-102,1,1,251,2048
60,110821,-102,1,1,251,2048
62,110865,-102,1,1,251,2048
63,111459,-102,1,1,251,2048
65,111520,-102,1,1,251,2048
60,111605,-102,1,1,251,2048
61,111769,-102,1,1,251,2048
61,111992,-102,1,1,251,2048
61,112177,-102,1,1,251,2048
61,112379,-102,1,1,251,2048
62,112534,-102,1,1,251,2048
65,112633,-102,1,1,251,2048
62,112647,-102,1,1,251,2048
61,112689,-102,1,1,251,2048
63,112766,-102,1,1,251,2048
61,112780,-102,1,1,251,2048
63,112863,-102,1,1,251,2048
61,112869,-102,1,1,251,2048
63,112913,-102,1,1,251,2048
64,113507,-102,1,1,251,2048
66,113568,-102,1,1,251,2048
61,113653,-102,1,1,251,2048
62,113817,-102,1,1,251,2048
62,114040,-102,1,1,251,2048
62,114225,-102,1,1,251,2048
62,114427,-102,1,1,251,2048
63,114582,-102,1,1,251,2048
66,114681,-102,1,1,251,2048
63,114695,-102,1,1,251,2048
62,114737,-102,1,1,251,2048
64,114814,-60,1,1,293,2048
62,114828,-12,1,1,341,2048
64,114911,30,1,1,383,2048
62,114917,-49,1,1,304,2048
64,114961,-50,1,1,303,2048
65,115555,421,1,1,774,2048
67,115616,178,1,1,531,2048
62,115701,-27,1,1,265,2048
63,115865,474,1,1,827,2048
63,116088,221,1,1,574,2048
63,116273,189,1,1,475,2048
63,116475,178,1,1,531,2048
64,116630,36,1,1,389,2048
67,116729,178,1,1,531,2048
64,116743,233,1,1,531,2048
63,116785,68,1,1,390,2048
65,116862,245,1,1,598,2048
63,116876,474,1,1,827,2048
65,116959,33,1,1,386,2048
63,116965,90,1,1,392,2048
65,117009,122,1,1,475,2048
66,117603,-31,1,1,260,2048
66,117612,-4,1,1,296,653
66,117637,34,1,1,332,628
68,117664,122,1,1,475,2048
63,117749,78,1,1,373,2048
64,117913,78,1,1,373,2048
64,118136,477,1,1,827,2048
64,118321,178,1,1,531,2048
64,118447,54,1,1,350,1972
65,118678,109,1,1,396,2048
68,118777,79,1,1,373,2048
65,118791,72,1,1,380,2048
64,118833,474,1,1,827,2048
66,118910,443,1,1,739,2048
64,118924,179,1,1,475,2048
64,119013,178,1,1,531,2048
67,119651,172,1,1,520,2048
67,119660,443,1,1,796,2048
67,119685,31,1,1,384,2048
69,119712,340,1,1,643,2048
64,119797,235,1,1,531,2048
65,119961,101,1,1,419,2048
65,120184,224,1,1,531,2048
65,120369,173,1,1,475,2048
65,120495,471,1,1,813,2048
65,120631,79,1,1,373,1618
67,120691,79,1,1,373,1781
66,120726,378,1,1,686,2048
69,120825,213,1,1,531,2048
66,120839,215,1,1,531,2048
65,120881,167,1,1,531,2048
65,120972,55,1,1,361,2048
70,121277,72,1,1,373,1565
68,121699,110,1,1,419,2048
68,121708,108,1,1,419,2048
65,121722,647,1,1,939,1925
68,121733,354,1,1,691,2048
66,122009,26,1,1,379,2048
66,122232,126,1,1,475,2048
66,122417,161,1,1,475,2048
66,122543,178,1,1,531,2048
66,122679,79,1,1,373,2048
68,122739,218,1,1,531,2048
67,122774,368,1,1,691,2048
70,122873,167,1,1,475,2048
67,122887,178,1,1,531,2048
66,122929,225,1,1,578,2048
66,123020,178,1,1,531,2048
69,123104,79,1,1,373,1405
71,123325,224,1,1,531,2048
69,123563,79,1,1,373,1855
66,123770,342,1,1,628,2048
69,123781,524,1,1,827,2048
67,124044,79,1,1,373,2035
68,124207,79,1,1,373,1433
67,124280,-102,1,1,251,2048
67,124465,178,1,1,531,2048
67,124591,-102,1,1,251,2048
67,124727,-102,1,1,251,2048
69,124787,-102,1,1,251,2048
71,124921,-102,1,1,251,2048
68,124935,-102,1,1,251,2048
67,124977,-102,1,1,251,2048
67,125068,-102,1,1,251,2048
70,125152,-102,1,1,251,2048
72,125373,-102,1,1,251,2048
70,125611,-102,1,1,251,2048
67,125818,-102,1,1,251,2048
70,125829,-102,1,1,251,2048
68,126092,-102,1,1,251,2048
69,126255,-102,1,1,251,2048
68,126328,-102,1,1,251,2048
68,126513,-102,1,1,251,2048
68,126639,-102,1,1,251,2048
68,126775,-102,1,1,251,2048
70,126835,122,1,1,475,2048
72,126969,178,1,1,531,2048
69,126983,122,1,1,475,2048
68,127025,-102,1,1,251,2048
68,127116,-102,1,1,251,2048
71,127200,122,1,1,475,2048
73,127421,-102,1,1,251,2048
71,127659,135,1,1,410,2048
68,127866,-102,1,1,251,2048
71,127877,-102,1,1,251,2048
69,128140,-102,1,1,251,2048
70,128303,-102,1,1,251,2048
69,128376,178,1,1,531,2048
69,128561,-102,1,1,251,2048
69,128687,-102,1,1,251,2048
69,128823,-102,1,1,251,2048
71,128883,-102,1,1,251,2048
73,129017,-102,1,1,251,2048
70,129031,-102,1,1,251,2048
69,129073,-102,1,1,251,2048
69,129164,-102,1,1,251,2048
72,129248,-102,1,1,251,2048
74,129469,-102,1,1,251,2048
72,129707,-102,1,1,251,2048
69,129914,-102,1,1,251,2048
72,129925,-102,1,1,251,2048
70,130188,-102,1,1,251,2048
71,130351,-102,1,1,251,2048
70,130424,-102,1,1,251,2048
70,130609,-102,1,1,251,2048
70,130735,-102,1,1,251,2048
70,130871,-102,1,1,251,2048
72,130931,-102,1,1,251,2048
74,131065,-102,1,1,251,2048
71,131079,-102,1,1,251,2048
70,131121,-102,1,1,251,2048
70,131212,-102,1,1,251,2048
73,131296,-102,1,1,251,2048
75,131517,-102,1,1,251,2048
73,131755,-102,1,1,251,2048
70,131962,-102,1,1,251,2048
73,131973,-102,1,1,251,2048
71,132236,-102,1,1,251,2048
72,132399,-102,1,1,251,2048
71,132472,-102,1,1,251,2048
71,132657,-102,1,1,251,2048
71,132783,-102,1,1,251,2048
71,132919,-102,1,1,251,2048
73,132979,-102,1,1,251,2048
75,133113,-102,1,1,251,2048
72,133127,-102,1,1,251,2048
71,133169,-102,1,1,251,2048
71,133260,-102,1,1,251,2048
74,133344,-102,1,1,251,2048
76,133565,-102,1,1,251,2048
74,133803,-102,1,1,251,2048
71,134010,-102,1,1,251,2048
74,134021,-102,1,1,251,2048
72,134284,-102,1,1,251,2048
73,134447,-102,1,1,251,2048
72,134520,-102,1,1,251,2048
72,134705,-102,1,1,251,2048
72,134831,-102,1,1,251,2048
72,134967,-102,1,1,251,2048
74,135027,-102,1,1,251,2048
76,135161,-102,1,1,251,2048
73,135175,-102,1,1,251,2048
72,135217,-102,1,1,251,2048
72,135308,24,1,1,373,2048
75,135392,-102,1,1,251,2048
77,135613,-102,1,1,251,2048
74,135727,74,1,1,368,552
75,135851,178,1,1,531,2048
73,135979,30,1,1,334,762
72,136058,178,1,1,531,2048
75,136069,51,1,1,367,2048
73,136185,36,1,1,333,877
78,136261,-4,1,1,296,648
73,136332,390,1,1,691,2048
75,136403,37,1,1,337,676
76,136470,79,1,1,373,1078
74,136495,87,1,1,419,2048
73,136568,161,1,1,475,2048
74,136645,72,1,1,371,666
74,136711,79,1,1,373,526
73,136744,50,1,1,350,686
73,136753,100,1,1,419,2048
73,136879,344,1,1,691,2048
76,136893,68,1,1,363,824
74,136901,61,1,1,356,569
73,137015,171,1,1,475,2048
75,137066,79,1,1,373,571
75,137075,73,1,1,419,2048
74,137146,74,1,1,368,578
77,137209,158,1,1,475,2048
74,137337,34,1,1,331,593
77,137383,65,1,1,365,913
76,137468,79,1,1,373,1065
77,137742,43,1,1,339,849
76,137899,130,1,1,475,2048
74,138014,79,1,1,373,1261
76,138117,39,1,1,335,1051
79,138309,335,1,1,710,2048
75,138406,79,1,1,373,1069
74,138464,79,1,1,373,1449
75,138693,79,1,1,373,2048
77,138707,79,1,1,373,808
75,138759,179,1,1,531,2048
76,138784,35,1,1,332,1709
75,138789,79,1,1,373,1643
74,138791,66,1,1,361,1912
75,138949,99,1,1,452,2048
75,139209,79,1,1,373,1195
77,139231,44,1,1,340,1763
78,139257,179,1,1,531,2048
76,139334,64,1,1,359,575
78,139431,142,1,1,448,2048
77,139435,79,1,1,373,1318
78,139517,65,1,1,360,810
78,139790,396,1,1,691,2048
80,139832,73,1,1,373,1523
78,140038,78,1,1,372,807
76,140119,79,1,1,373,1713
77,140276,79,1,1,373,1492
77,140384,76,1,1,370,1050
75,140512,74,1,1,367,2048
76,140741,126,1,1,475,2048
76,140837,5,1,1,297,2048
75,140839,126,1,1,488,2048
79,140864,25,1,1,321,1347
77,140875,79,1,1,373,756
76,140997,222,1,1,531,2048
78,141031,79,1,1,373,1596
78,141155,79,1,1,373,771
76,141257,222,1,1,531,2048
79,141305,222,1,1,531,2048
78,141403,19,1,1,317,1127
79,141479,237,1,1,531,2048
78,141662,78,1,1,372,787
76,141682,79,1,1,373,1170
79,141838,108,1,1,461,2048
81,141880,79,1,1,373,2048
79,142046,79,1,1,373,1015
79,142086,178,1,1,531,2048
79,142232,79,1,1,373,1077
77,142651,79,1,1,373,1910
77,142787,79,1,1,373,1105
77,142885,217,1,1,531,2048
76,142887,184,1,1,536,2048
80,142900,38,1,1,334,1062
80,142912,103,1,1,419,2048
77,143045,102,1,1,446,2048
79,143115,79,1,1,373,1453
82,143181,79,1,1,373,1301
77,143305,78,1,1,419,2048
80,143353,538,1,1,827,2048
80,143372,79,1,1,373,1140
80,143435,79,1,1,373,1956
79,143451,175,1,1,499,2048
78,143812,79,1,1,373,1161
80,144094,-46,1,1,251,2048
80,144134,87,1,1,440,2048
78,144199,79,1,1,373,1412
80,144214,79,1,1,373,1099
80,144532,78,1,1,372,1081
81,144787,79,1,1,373,1875
78,144933,130,1,1,475,2048
77,144935,221,1,1,531,2048
81,144948,195,1,1,547,2048
78,144990,79,1,1,373,1685
78,145093,69,1,1,419,2048
79,145167,79,1,1,373,1355
81,145170,79,1,1,373,1817
83,145229,118,1,1,419,2048
81,145420,361,1,1,714,2048
81,145454,79,1,1,373,2019
81,145590,79,1,1,373,1456
81,145758,78,1,1,372,1226
82,145850,79,1,1,373,1063
79,145951,79,1,1,373,1752
82,146017,79,1,1,373,1069
81,146098,78,1,1,373,2004
79,146099,79,1,1,373,1109
81,146262,282,1,1,628,2048
80,146279,79,1,1,373,1112
82,146577,79,1,1,373,1123
78,146726,79,1,1,373,1791
79,146981,178,1,1,531,2048
79,147141,77,1,1,419,2048
82,147184,647,1,1,939,2014
84,147277,76,1,1,373,2048
82,147441,79,1,1,373,2021
81,147444,79,1,1,373,1165
82,147447,79,1,1,373,1185
82,147638,-49,1,1,251,2048
82,147781,79,1,1,373,2023
80,147786,79,1,1,373,1835
83,147898,69,1,1,369,2048
83,148065,113,1,1,419,2048
80,148089,79,1,1,373,1990
80,148127,79,1,1,373,1146
82,148146,-49,1,1,253,2048
85,148254,79,1,1,373,977
80,148318,79,1,1,373,1177
83,148605,79,1,1,373,1164
83,148625,172,1,1,520,2048
83,148651,79,1,1,373,1204
84,148730,79,1,1,373,832
79,148774,75,1,1,419,2048
83,148781,353,1,1,668,1597
81,148960,54,1,1,349,1174
84,149205,79,1,1,373,1140
83,149390,78,1,1,373,1244
82,149492,114,1,1,419,2048
83,149686,75,1,1,419,2048
83,149829,119,1,1,419,2048
81,150137,-12,1,1,279,2048
81,150175,133,1,1,475,2048
86,150302,231,1,1,531,2048
81,150366,130,1,1,475,2048
84,150653,50,1,1,393,2048
84,150673,72,1,1,419,2048
84,150699,202,1,1,552,2048
85,150750,79,1,1,373,2020
80,150822,76,1,1,419,2048
84,150829,120,1,1,419,2048
82,151008,74,1,1,419,2048
85,151253,340,1,1,682,2048
82,151310,78,1,1,372,1173
84,151438,471,1,1,824,2048
83,151540,78,1,1,373,2048
84,151734,79,1,1,419,2048
84,151877,75,1,1,419,2048
82,152223,75,1,1,419,2048
87,152350,83,1,1,419,2048
82,152414,76,1,1,419,2048
85,152701,70,1,1,419,2048
85,152721,346,1,1,691,2048
85,152747,51,1,1,389,2048
86,152769,380,1,1,693,1516
86,152798,72,1,1,419,2048
81,152870,181,1,1,531,2048
85,152877,186,1,1,531,2048
83,153056,68,1,1,419,2048
83,153358,342,1,1,691,2048
88,153478,79,1,1,373,1128
85,153486,484,1,1,827,2048
84,153588,182,1,1,488,2048
83,153672,79,1,1,373,1258
85,153782,185,1,1,531,2048
85,153925,190,1,1,531,2048
83,154271,215,1,1,568,2048
86,154332,508,1,1,827,1611
86,154420,468,1,1,785,1543
86,154716,511,1,1,827,1969
86,154749,517,1,1,827,2048
87,154817,208,1,1,561,2048
84,154825,510,1,1,827,1769
87,154846,347,1,1,691,2048
82,154918,195,1,1,531,2048
89,155068,510,1,1,827,1590
84,155174,375,1,1,691,1502
84,155406,90,1,1,443,2048
86,155534,188,1,1,531,2048
85,155636,323,1,1,676,2048
84,155821,513,1,1,827,1550
86,155830,383,1,1,736,2048
86,155956,358,1,1,691,2031
87,155958,513,1,1,827,1538
88,156294,514,1,1,827,1477
85,156315,515,1,1,827,1490
87,156317,348,1,1,664,1568
87,156380,480,1,1,827,2048
87,156408,512,1,1,827,1692
90,156607,513,1,1,827,1539
85,156776,514,1,1,827,1602
85,156861,377,1,1,691,1455
88,156894,199,1,1,531,2048
83,156966,41,1,1,390,2048
87,157014,514,1,1,827,1480
86,157039,517,1,1,827,1403
85,157212,519,1,1,827,1391
88,157598,513,1,1,827,1218
86,157857,79,1,1,373,1081
87,157878,478,1,1,827,2048
88,157918,501,1,1,816,1510
87,158004,241,1,1,531,2048
88,158006,121,1,1,468,2048
89,158342,185,1,1,531,2048
86,158363,498,1,1,788,2048
88,158365,487,1,1,827,2048
84,158486,510,1,1,827,1520
91,158655,224,1,1,531,2048
86,158909,134,1,1,475,2048
87,158930,30,1,1,327,1073
89,158942,185,1,1,531,2048
88,159062,171,1,1,475,2048
87,159087,136,1,1,475,2048
86,159260,174,1,1,475,2048
89,159646,174,1,1,475,2048
85,159755,79,1,1,373,1269
88,159926,124,1,1,419,2048
89,159966,124,1,1,419,2048
88,160052,-46,1,1,251,2048
89,160054,123,1,1,419,2048
89,160198,449,1,1,766,1833
90,160390,400,1,1,709,2048
87,160411,129,1,1,462,2048
92,160430,418,1,1,738,1775
90,160465,381,1,1,691,1523
88,160484,405,1,1,709,1397
89,160484,382,1,1,691,1422
87,160718,517,1,1,827,1809
87,160968,430,1,1,748,1708
88,160978,178,1,1,531,2048
90,161075,515,1,1,827,1429
89,161318,517,1,1,827,1392
86,161354,386,1,1,692,1599
90,161420,381,1,1,691,1366
90,161437,515,1,1,827,1471
91,161862,517,1,1,827,1472
91,161961,515,1,1,827,1496
93,162030,511,1,1,827,1600
89,162100,341,1,1,691,2048
88,162205,646,1,1,938,1794
90,162246,-7,1,1,264,2048
89,162532,473,1,1,761,2048
90,162532,338,1,1,691,2048
88,162766,324,1,1,606,2048
88,162785,516,1,1,827,1817
89,163026,252,1,1,531,2048
91,163123,536,1,1,827,2048
87,163256,518,1,1,827,1902
90,163366,310,1,1,612,2048
92,163427,491,1,1,804,1565
94,163464,402,1,1,708,1434
91,163468,241,1,1,588,2048
91,163485,345,1,1,691,2048
92,163502,517,1,1,827,1541
90,163720,503,1,1,814,1620
91,163771,516,1,1,827,1525
91,163848,382,1,1,691,1316
90,164085,515,1,1,827,1553
89,164253,210,1,1,531,2048
92,164560,516,1,1,827,1437
89,164814,359,1,1,691,2048
89,164833,132,1,1,475,2048
91,165033,380,1,1,693,1667
90,165074,207,1,1,548,2048
88,165304,387,1,1,736,2048
92,165424,399,1,1,709,1653
93,165475,155,1,1,475,2048
95,165512,118,1,1,419,2048
92,165516,486,1,1,827,2048
92,165533,134,1,1,475,2048
93,165550,135,1,1,475,2048
91,165768,153,1,1,475,2048
92,165896,143,1,1,475,2048
90,166008,79,1,1,373,1175
93,166076,79,1,1,373,1516
91,166133,368,1,1,720,2048
90,166146,79,1,1,373,1332
91,166226,79,1,1,373,1152
90,166301,383,1,1,735,2048
91,166523,79,1,1,373,515
94,166598,79,1,1,373,522
92,166752,79,1,1,373,526
92,167081,116,1,1,475,2048
92,167105,79,1,1,373,582
93,167262,79,1,1,373,510
89,167352,72,1,1,419,2048
93,167472,219,1,1,523,2048
94,167523,381,1,1,734,2048
93,167529,79,1,1,373,1996
96,167560,59,1,1,419,2048
93,167564,73,1,1,419,2048
94,167598,352,1,1,705,2048
92,167816,122,1,1,475,2048
93,167944,67,1,1,420,2048
92,168181,170,1,1,475,2048
91,168194,104,1,1,475,2048
91,168349,298,1,1,662,2048
94,168412,382,1,1,693,883
95,168546,512,1,1,827,948
95,168646,349,1,1,656,2048
93,168892,381,1,1,691,1811
94,168905,380,1,1,695,1341
93,169153,152,1,1,514,2048
94,169310,99,1,1,475,2048
90,169400,98,1,1,462,2048
94,169520,306,1,1,668,2048
93,169542,487,1,1,827,1726
95,169571,351,1,1,681,2048
97,169608,315,1,1,679,2048
94,169640,79,1,1,373,1696
92,169894,404,1,1,707,1545
95,170069,521,1,1,827,1657
93,170229,318,1,1,682,2048
92,170242,327,1,1,667,2048
95,170326,512,1,1,826,1421
96,170337,383,1,1,691,1691
96,170594,338,1,1,691,2048
94,170632,519,1,1,827,1479
94,170709,613,1,1,939,1167
95,170905,520,1,1,827,1595
94,170920,515,1,1,827,2028
95,170999,512,1,1,827,1479
96,171095,404,1,1,709,1026
93,171283,382,1,1,693,1389
95,171374,518,1,1,827,1734
91,171448,321,1,1,668,2048
94,171619,514,1,1,827,1390
96,171619,121,1,1,419,2048
93,171653,509,1,1,827,1411
98,171656,435,1,1,769,2048
96,171821,379,1,1,691,1495
97,171945,79,1,1,373,1351
95,172157,377,1,1,691,1525
96,172249,628,1,1,939,1250
97,172385,338,1,1,691,2048
92,172556,518,1,1,826,1108
95,172757,308,1,1,661,2048
96,172788,516,1,1,826,1414
96,172953,380,1,1,691,2048
95,172968,339,1,1,692,2048
97,173143,338,1,1,691,2048
97,173212,499,1,1,809,1391
94,173331,114,1,1,475,2048
97,173548,518,1,1,827,1299
98,173575,489,1,1,827,1630
95,173667,329,1,1,679,2048
97,173667,340,1,1,691,2048
94,173701,322,1,1,662,2048
99,173704,350,1,1,691,2048
96,174105,518,1,1,827,1348
96,174205,71,1,1,419,2048
97,174378,375,1,1,691,1425
98,174433,487,1,1,827,2048
93,174604,342,1,1,691,2048
98,174650,518,1,1,827,1102
99,174670,79,1,1,373,1095
98,174830,357,1,1,691,1618
97,174836,315,1,1,666,2048
97,175007,79,1,1,373,802
96,175016,338,1,1,691,2048
95,175026,79,1,1,373,1325
98,175026,515,1,1,826,1359
100,175060,519,1,1,827,1356
96,175112,518,1,1,827,1445
98,175191,317,1,1,668,2048
95,175379,340,1,1,693,2048
97,175505,489,1,1,800,1400
98,175762,381,1,1,691,1384
97,175939,79,1,1,373,923
94,176050,441,1,1,754,1446
99,176145,517,1,1,827,1119
101,176429,383,1,1,691,1369
98,176429,375,1,1,691,1593
99,176481,338,1,1,691,2048
99,176669,516,1,1,827,1478
96,176695,518,1,1,827,1316
99,176698,377,1,1,667,2048
100,176718,88,1,1,382,2048
99,176878,316,1,1,669,2048
99,177016,385,1,1,691,1254
98,177055,115,1,1,419,2048
96,177074,348,1,1,691,2048
97,177160,65,1,1,419,2048
95,177195,515,1,1,827,1145
98,177553,111,1,1,419,2048
100,177843,384,1,1,691,1362
100,177980,385,1,1,691,1282
98,177987,116,1,1,468,2048
100,178002,79,1,1,373,1857
100,178010,516,1,1,827,1132
99,178390,519,1,1,827,1335
97,178410,519,1,1,827,1336
99,178477,338,1,1,691,2048
102,178477,121,1,1,419,2048
100,178717,106,1,1,468,2048
97,178743,250,1,1,531,2048
101,178766,338,1,1,691,2048
100,178885,495,1,1,839,1869
99,179002,79,1,1,373,1015
98,179208,497,1,1,804,2048
96,179243,450,1,1,756,2048
99,179601,2,1,1,303,2048
101,179665,514,1,1,827,1655
101,179891,467,1,1,778,2048
98,179892,517,1,1,827,1149
101,180002,79,1,1,373,1285
101,180028,261,1,1,564,2048
103,180037,512,1,1,827,1560
101,180050,375,1,1,684,2048
100,180364,79,1,1,373,1974
101,180400,55,1,1,373,1515
100,180413,517,1,1,827,1411
98,180458,-30,1,1,319,2048
100,180525,118,1,1,419,2048
102,180814,182,1,1,531,2048
99,181256,76,1,1,419,2048
97,181291,183,1,1,531,2048
100,181649,-8,1,1,342,2048
102,181713,184,1,1,531,2048
102,181939,483,1,1,827,2048
99,181940,126,1,1,475,2048
102,182050,177,1,1,531,2048
102,182076,479,1,1,827,2048
104,182085,178,1,1,531,2048
102,182098,178,1,1,531,2048
101,182412,178,1,1,531,2048
102,182448,178,1,1,531,2048
101,182461,178,1,1,531,2048
99,182506,178,1,1,531,2048
101,182573,178,1,1,531,2048
103,182862,178,1,1,531,2048
102,182919,79,1,1,373,507
103,182955,79,1,1,373,507
102,182970,79,1,1,373,509
100,183012,79,1,1,373,506
102,183079,79,1,1,373,506
100,183304,178,1,1,531,2048
98,183339,178,1,1,531,2048
103,183425,79,1,1,373,506
104,183458,79,1,1,373,596
104,183461,79,1,1,373,506
103,183476,79,1,1,373,506
101,183560,79,1,1,373,548
103,183587,79,1,1,373,508
101,183697,178,1,1,531,2048
103,183761,178,1,1,531,2048
101,183811,79,1,1,373,507
99,183848,79,1,1,373,509
105,183964,79,1,1,373,506
105,183967,79,1,1,373,506
104,183976,79,1,1,373,551
103,183987,178,1,1,531,2048
100,183988,178,1,1,531,2048
102,184067,79,1,1,373,507
104,184095,79,1,1,373,508
103,184098,178,1,1,531,2048
103,184124,178,1,1,531,2048
105,184133,178,1,1,531,2048
103,184146,178,1,1,531,2048
102,184225,79,1,1,373,528
104,184267,78,1,1,372,506
102,184320,79,1,1,373,509
100,184357,79,1,1,373,509
105,184485,79,1,1,373,509
104,184708,387,1,1,691,721
106,184752,520,1,1,827,785
104,184911,79,1,1,373,787
106,184940,385,1,1,691,807
103,185163,519,1,1,827,1096
104,185204,520,1,1,827,1058
105,185278,391,1,1,695,1183
104,185296,386,1,1,691,1198
103,185376,383,1,1,691,1056
104,185524,55,1,1,419,2048
106,185623,478,1,1,827,1659
107,185750,386,1,1,691,998
101,185892,464,1,1,827,1904
104,185916,385,1,1,691,753
103,185949,381,1,1,691,1724
106,186133,384,1,1,691,1648
105,186221,519,1,1,827,1513
105,186290,520,1,1,827,994
105,186315,384,1,1,691,2048
106,186390,384,1,1,694,1112
101,186405,338,1,1,691,2048
105,186565,520,1,1,827,1654
107,186653,383,1,1,691,1713
108,186689,25,1,1,322,939
104,186985,518,1,1,827,1609
106,187117,647,1,1,939,827
105,187252,72,1,1,373,2048
102,187459,383,1,1,709,1567
105,187572,170,1,1,475,2048
107,187595,387,1,1,691,1462
107,187671,288,1,1,614,2048
102,187677,519,1,1,827,1272
105,187964,-32,1,1,287,2048
104,187997,121,1,1,453,2048
106,188269,152,1,1,501,2048
106,188363,339,1,1,691,2048
107,188368,520,1,1,827,1978
106,188613,338,1,1,691,2048
106,188634,386,1,1,691,1382
108,188701,329,1,1,691,2048
109,188737,346,1,1,691,2048
105,188903,383,1,1,709,1918
103,189126,518,1,1,827,1449
107,189165,100,1,1,446,2048
105,189472,384,1,1,691,1475
103,189507,198,1,1,532,2048
107,189604,378,1,1,691,1241
106,189620,338,1,1,691,2048
108,189643,271,1,1,574,2048
108,189719,222,1,1,531,2048
107,189727,384,1,1,691,1458
110,189878,385,1,1,691,1141
106,190012,190,1,1,531,2048
109,190142,386,1,1,691,1441
108,190416,152,1,1,462,2048
107,190661,292,1,1,631,2048
107,190682,106,1,1,412,2048
106,190951,222,1,1,531,2048
104,191174,338,1,1,691,2048
108,191182,519,1,1,827,1455
108,191213,338,1,1,691,2048
107,191416,385,1,1,691,1404
108,191507,515,1,1,827,1903
106,191520,112,1,1,457,2048
104,191555,318,1,1,667,2048
107,191668,194,1,1,497,2048
109,191691,173,1,1,475,2048
109,191767,174,1,1,472,2048
111,191926,384,1,1,691,2048
110,192190,382,1,1,691,2048
108,192270,516,1,1,827,1588
109,192297,385,1,1,694,1881
107,192407,379,1,1,691,1456
109,192644,380,1,1,691,1462
105,192709,381,1,1,691,1535
108,192709,342,1,1,691,2048
105,193093,387,1,1,691,1538
110,193095,381,1,1,691,1404
109,193097,514,1,1,827,1590
109,193261,191,1,1,488,2048
110,193277,515,1,1,827,1510
109,193373,384,1,1,691,1103
108,193464,516,1,1,827,2048
107,193568,353,1,1,691,2048
108,193716,332,1,1,683,2048
110,193720,519,1,1,827,1076
111,193903,382,1,1,691,1713
112,193974,329,1,1,691,2048
109,194036,516,1,1,827,1327
110,194345,338,1,1,691,2048
108,194455,217,1,1,516,2048
106,194614,515,1,1,827,1521
106,194757,91,1,1,444,2048
110,194832,518,1,1,827,1459
110,194919,519,1,1,827,1658
111,194948,515,1,1,827,1671
109,195093,384,1,1,691,1629
111,195143,346,1,1,694,2048
110,195145,338,1,1,691,2048
108,195616,293,1,1,618,2048
109,195683,405,1,1,709,1228
109,195764,238,1,1,542,2048
111,195768,271,1,1,620,2048
112,195951,365,1,1,709,2048
111,196005,385,1,1,691,1660
113,196022,277,1,1,618,2048
110,196084,338,1,1,691,2048
112,196094,516,1,1,827,1146
111,196197,404,1,1,709,1365
107,196662,58,1,1,358,2048
107,196805,377,1,1,691,2048
111,196967,-47,1,1,251,2048
110,197141,499,1,1,806,2048
112,197191,300,1,1,649,2048
111,197193,88,1,1,441,2048
111,197439,370,1,1,679,1355
112,197463,514,1,1,827,1266
113,197499,381,1,1,691,1548
109,197664,347,1,1,691,2048
110,197731,333,1,1,686,2048
113,197780,381,1,1,691,1686
110,197812,338,1,1,691,2048
112,197816,177,1,1,475,2048
112,198053,340,1,1,691,2048
114,198070,193,1,1,531,2048
108,198091,384,1,1,691,1286
108,198295,514,1,1,827,1633
111,198361,515,1,1,827,1220
112,198508,518,1,1,827,1541
113,198615,377,1,1,691,1424
113,198996,517,1,1,827,1533
110,199120,513,1,1,827,1456
114,199145,384,1,1,691,1646
112,199241,485,1,1,827,2048
111,199279,381,1,1,691,1548
111,199324,515,1,1,827,1512
114,199397,515,1,1,827,1617
113,199436,13,1,1,312,1383
112,199487,488,1,1,827,2048
113,199864,338,1,1,691,2048
109,199917,520,1,1,827,1826
115,200009,381,1,1,691,1939
109,200024,518,1,1,827,1729
113,200042,475,1,1,790,1534
115,200114,515,1,1,827,969
112,200409,338,1,1,691,2048
114,200507,384,1,1,691,1511
114,200663,339,1,1,691,2048
112,200684,381,1,1,691,1405
113,200761,382,1,1,691,1520
114,200921,516,1,1,827,1485
115,200934,516,1,1,827,1537
110,201080,519,1,1,827,1163
111,201168,338,1,1,691,2048
112,201372,338,1,1,691,2048
113,201535,338,1,1,691,2048
114,201912,338,1,1,691,2048
115,202018,382,1,1,691,1355
116,202057,338,1,1,691,2048
110,202072,338,1,1,691,2048
114,202090,338,1,1,691,2048
116,202162,338,1,1,691,2048
115,202194,516,1,1,827,1687
113,202217,381,1,1,691,1533
113,202457,347,1,1,691,2048
112,202642,381,1,1,691,1474
111,202689,403,1,1,709,1609
114,202796,384,1,1,691,1261
114,202809,341,1,1,691,2048
115,202969,341,1,1,691,2048
116,202982,384,1,1,688,2048
113,203420,342,1,1,693,2048
117,203604,383,1,1,691,1442
117,203626,383,1,1,691,1569
115,203723,516,1,1,827,1633
114,203741,386,1,1,691,1524
116,203750,520,1,1,827,1556
111,203810,518,1,1,827,1738
112,203880,79,1,1,373,1191
115,203960,154,1,1,499,2048
113,204000,386,1,1,691,1358
116,204066,338,1,1,691,2048
114,204126,386,1,1,692,1669
115,204380,385,1,1,691,1571
116,204404,403,1,1,708,1435
117,204471,518,1,1,827,1489
115,204844,126,1,1,468,2048
118,205096,401,1,1,709,1470
116,205248,405,1,1,709,1288
118,205257,518,1,1,827,1653
117,205307,405,1,1,709,1557
117,205385,405,1,1,709,1319
113,205442,405,1,1,709,1562
114,205468,329,1,1,682,2048
114,205565,515,1,1,827,1565
115,205604,406,1,1,709,1478
116,205771,338,1,1,691,2048
115,205789,326,1,1,673,2048
116,205826,518,1,1,827,1446
112,205858,103,1,1,449,2048
118,206060,515,1,1,827,1589
117,206089,517,1,1,827,1685
116,206358,515,1,1,827,1514
119,206548,515,1,1,827,1452
115,206686,405,1,1,709,1121
118,206700,405,1,1,709,1393
116,206755,405,1,1,709,1151
119,206762,518,1,1,827,1505
118,206823,406,1,1,709,1438
117,206874,404,1,1,709,1626
114,207138,519,1,1,827,1696
117,207150,517,1,1,827,1379
115,207294,515,1,1,827,1826
116,207297,515,1,1,827,1508
117,207316,381,1,1,691,1490
118,207639,381,1,1,691,1550
117,207901,520,1,1,827,1543
113,207906,340,1,1,685,2048
116,208022,405,1,1,709,1336
119,208108,338,1,1,691,2048
119,208153,382,1,1,691,1330
117,208211,404,1,1,709,1456
118,208232,388,1,1,693,1358
119,208241,516,1,1,827,1541
120,208275,402,1,1,709,1513
115,208525,517,1,1,827,1387
118,208580,385,1,1,694,1430
120,208596,476,1,1,782,2048
117,208646,385,1,1,692,1349
116,208666,518,1,1,827,1372
118,209015,515,1,1,827,1699
114,209314,381,1,1,691,1408
119,209484,516,1,1,827,1252
120,209623,379,1,1,691,1470
120,209651,514,1,1,827,1543
119,209687,-111,1,1,251,2048
119,209862,515,1,1,827,1282
121,209878,375,1,1,691,1603
118,209949,86,1,1,380,2048
118,210054,377,1,1,691,1843
117,210070,-109,1,1,251,2048
121,210118,401,1,1,709,1522
118,210127,382,1,1,693,1481
120,210289,130,1,1,475,2048
116,210573,130,1,1,475,2048
117,210714,83,1,1,358,2048
115,210964,515,1,1,827,1650
119,210993,516,1,1,827,1978
120,211532,153,1,1,450,2048
121,211671,123,1,1,476,2048
121,211699,122,1,1,475,2048
120,211735,521,1,1,827,2048
120,211910,174,1,1,475,2048
118,211921,515,1,1,827,1851
122,211926,381,1,1,691,2048
122,211993,377,1,1,691,1875
119,211997,124,1,1,477,2048
119,212102,175,1,1,475,2048
119,212175,31,1,1,364,2048
121,212252,513,1,1,827,1963
120,212558,382,1,1,691,1565
117,212621,514,1,1,827,2048
118,212622,513,1,1,827,1908
116,213012,197,1,1,531,2048
121,213397,514,1,1,827,1662
122,213558,514,1,1,827,1887
121,213580,-67,1,1,251,2048
123,213621,513,1,1,827,1628
122,213747,123,1,1,419,2048
120,213877,384,1,1,693,1702
123,213886,515,1,1,827,1960
120,213906,514,1,1,827,1909
121,213925,381,1,1,691,2015
119,213969,118,1,1,419,2048
118,214033,401,1,1,709,1412
120,214150,378,1,1,691,2048
121,214227,404,1,1,709,1669
122,214300,209,1,1,512,2048
117,214608,514,1,1,827,1596
119,214670,328,1,1,681,2048
122,214939,513,1,1,827,1542
123,214957,401,1,1,709,1210
122,215108,514,1,1,827,1528
123,215113,512,1,1,827,1555
124,215186,514,1,1,827,1300
122,215392,401,1,1,709,1467
124,215429,513,1,1,827,1808
121,215482,513,1,1,827,1605
121,215509,513,1,1,827,1603
122,215784,515,1,1,827,1557
123,215848,514,1,1,827,1548
120,216017,486,1,1,827,2048
119,216081,337,1,1,683,2048
121,216198,386,1,1,730,2048
123,216481,513,1,1,827,1542
124,216561,513,1,1,827,1604
118,216656,515,1,1,827,2048
122,216704,400,1,1,709,1195
120,216718,480,1,1,827,2048
125,216764,512,1,1,827,1578
122,216776,515,1,1,827,1294
125,216831,401,1,1,709,1402
123,217156,325,1,1,666,2048
124,217161,351,1,1,684,2048
120,217317,514,1,1,827,1236
123,217421,513,1,1,827,1637
123,217440,135,1,1,475,2048
124,217896,329,1,1,682,2048
121,218065,354,1,1,691,2048
122,218246,195,1,1,531,2048
124,218529,116,1,1,419,2048
125,218609,129,1,1,475,2048
119,218704,169,1,1,475,2048
123,218752,185,1,1,531,2048
121,218766,148,1,1,475,2048
126,218812,122,1,1,475,2048
123,218824,124,1,1,419,2048
126,218879,18,1,1,363,2048
124,219204,212,1,1,524,2048
125,219209,236,1,1,530,2048
124,219241,494,1,1,827,1820
121,219365,298,1,1,616,2048
124,219488,274,1,1,580,2048
125,219944,121,1,1,419,2048
122,220113,119,1,1,419,2048
123,220294,168,1,1,475,2048
125,220494,381,1,1,695,1965
124,220521,511,1,1,827,1769
126,220657,120,1,1,442,2048
120,220752,402,1,1,732,2048
122,220814,-97,1,1,252,2048
127,220860,103,1,1,397,2048
124,220872,497,1,1,827,2048
127,220927,494,1,1,827,2048
126,221016,365,1,1,693,1807
125,221252,494,1,1,827,2048
125,221289,318,1,1,654,2048
122,221413,146,1,1,475,2048
125,221460,493,1,1,827,1972
126,221992,78,1,1,419,2048
123,222034,378,1,1,709,1921
125,222089,381,1,1,709,1568
126,222101,378,1,1,691,1607
124,222225,493,1,1,827,1931
121,222401,374,1,1,691,1649
128,222451,379,1,1,693,1591
127,222705,359,1,1,691,2048
125,222722,340,1,1,671,1850
123,222862,143,1,1,475,2048
126,222872,379,1,1,693,1583
128,222975,132,1,1,475,2048
127,223064,132,1,1,475,2048
126,223128,494,1,1,827,1668
126,223300,371,1,1,706,2048
123,223406,488,1,1,826,1993
127,223669,380,1,1,709,1568
125,223779,511,1,1,826,1554
122,223984,513,1,1,827,1583
127,224040,344,1,1,691,2048
124,224082,169,1,1,475,2048
128,224132,48,1,1,345,1427
126,224137,162,1,1,515,2048
129,224376,512,1,1,827,1925
124,224422,386,1,1,691,1560
129,224469,514,1,1,827,1494
128,224566,512,1,1,827,1502
127,224689,512,1,1,827,1561
126,224770,355,1,1,691,2048
127,224873,374,1,1,691,1573
127,224920,370,1,1,709,2048
128,225119,380,1,1,691,1450
126,225333,510,1,1,827,1554
124,225454,344,1,1,691,2048
130,225550,79,1,1,373,1174
125,225583,377,1,1,691,1501
128,225710,510,1,1,827,1670
129,225728,512,1,1,827,1596
123,225745,352,1,1,691,1761
129,225826,16,1,1,315,1260
125,226107,376,1,1,691,1685
127,226185,333,1,1,680,2048
128,226449,512,1,1,826,1529
130,226517,272,1,1,619,2048
128,226583,511,1,1,826,1710
128,226737,121,1,1,468,2048
129,226783,512,1,1,827,1664
127,226818,195,1,1,500,2048
127,226946,513,1,1,827,1613
126,227120,377,1,1,691,1537
130,227275,378,1,1,691,1547
131,227280,371,1,1,691,1730
129,227289,377,1,1,691,1579
124,227324,378,1,1,691,1579
126,227420,12,1,1,311,1313
130,227489,513,1,1,826,1663
125,227502,338,1,1,691,2048
129,228040,512,1,1,827,1591
128,228084,401,1,1,709,1138
129,228114,379,1,1,691,1531
128,228233,327,1,1,680,2048
129,228305,514,1,1,827,1568
131,228565,314,1,1,660,2048
127,228613,505,1,1,827,1493
126,228730,399,1,1,709,1228
128,228806,605,1,1,939,1988
125,228822,380,1,1,691,1498
130,228831,338,1,1,691,2048
132,228952,358,1,1,675,1672
127,228956,376,1,1,691,1536
131,229115,373,1,1,700,1840
130,229337,485,1,1,827,2048
130,229357,79,1,1,373,1243
129,229472,79,1,1,373,1239
131,229537,484,1,1,827,2048
130,229583,79,1,1,373,1278
129,229726,514,1,1,827,1642
130,230088,338,1,1,691,2048
127,230171,385,1,1,691,1441
132,230198,501,1,1,827,1633
128,230281,505,1,1,821,1668
131,230679,512,1,1,827,1848
129,230702,499,1,1,826,1896
126,230870,338,1,1,691,2048
