0,968,2,1,1,304,969
0,1751,18,1,1,317,1752
0,3841,375,1,1,793,3842
0,4095,452,1,1,913,4096
0,4095,346,1,1,805,4096
0,4095,300,1,1,693,4096
0,4095,544,1,1,999,4096
0,4095,635,1,1,907,4096
0,4095,600,1,1,891,4096
0,4095,232,1,1,559,4096
0,4095,585,1,1,862,4096
0,4095,526,1,1,981,4096
0,4095,374,1,1,826,4096
0,4095,477,1,1,933,4096
0,4095,211,1,1,601,4096
0,4095,244,1,1,696,4096
1,5064,63,1,1,455,4096
1,5254,1,1,1,301,1159
1,5497,-12,1,1,291,1402
1,5847,450,1,1,894,4096
2,6078,9,1,1,309,1014
1,6935,617,1,1,913,2840
1,6959,607,1,1,920,3118
1,7153,294,1,1,691,3058
1,7286,515,1,1,925,3191
1,7800,53,1,1,351,3705
1,8191,183,1,1,641,4096
1,8191,-3,1,1,303,4096
1,8191,132,1,1,492,4096
1,8191,170,1,1,551,4096
1,8191,340,1,1,794,4096
1,8191,430,1,1,882,4096
1,8191,11,1,1,289,4096
2,9170,29,1,1,327,979
2,9350,154,1,1,482,4096
2,9593,124,1,1,480,4096
2,9941,31,1,1,328,1750
2,9943,556,1,1,1018,4096
3,10174,-8,1,1,303,4096
2,10702,38,1,1,336,3416
2,10848,27,1,1,325,3048
2,11031,-39,1,1,270,4096
2,11055,-28,1,1,243,4096
2,11249,-64,1,1,241,4096
3,11355,1,1,1,300,2185
2,11708,-11,1,1,292,3517
2,12287,434,1,1,886,4096
2,12287,53,1,1,386,4096
2,12287,177,1,1,619,4096
2,12287,278,1,1,644,4096
3,12833,27,1,1,330,3240
4,12949,370,1,1,746,2775
3,13446,366,1,1,821,4096
3,14037,271,1,1,690,4096
3,14039,135,1,1,552,4096
3,14798,707,1,1,1162,4096
3,14944,15,1,1,312,4096
3,14987,644,1,1,940,2700
3,15127,300,1,1,755,4096
3,15151,354,1,1,719,4096
3,15261,15,1,1,323,2974
3,15345,196,1,1,528,4096
4,15451,-4,1,1,291,4096
3,15804,343,1,1,795,4096
4,15925,32,1,1,349,1127
3,16383,375,1,1,827,4096
3,16383,-11,1,1,282,4096
4,16929,178,1,1,531,4096
5,17045,94,1,1,419,4096
4,17094,314,1,1,673,2150
4,17289,632,1,1,924,3250
4,17542,133,1,1,545,4096
4,17626,620,1,1,913,2499
5,18075,47,1,1,349,786
4,18133,371,1,1,827,4096
4,19083,598,1,1,871,4096
4,19247,629,1,1,1074,4096
4,19357,222,1,1,598,4096
4,19441,359,1,1,814,4096
5,19547,273,1,1,652,4096
4,19729,27,1,1,346,3925
5,20021,28,1,1,389,4096
5,20350,-7,1,1,297,1103
4,20479,203,1,1,544,4096
4,20479,622,1,1,1085,4096
5,21025,241,1,1,596,4096
6,21141,429,1,1,881,4096
5,21190,537,1,1,992,4096
5,21638,439,1,1,827,4096
6,21670,890,1,1,1313,3595
5,21722,486,1,1,936,4096
5,22229,466,1,1,918,4096
5,22755,33,1,1,337,3026
5,23179,349,1,1,810,4096
5,23453,557,1,1,1011,4096
5,23537,365,1,1,801,4096
6,23643,147,1,1,521,4096
6,24117,400,1,1,839,4096
5,24380,495,1,1,932,3901
6,24446,436,1,1,806,4096
5,24575,626,1,1,1082,4096
6,24871,492,1,1,937,3846
7,25237,150,1,1,472,4096
6,25286,599,1,1,1046,4096
7,25445,35,1,1,337,999
6,25734,105,1,1,424,4096
7,25766,-19,1,1,276,4096
6,25818,466,1,1,921,4096
6,26325,460,1,1,818,4096
6,26851,108,1,1,467,4096
6,27067,382,1,1,804,3530
6,27275,556,1,1,1011,4096
6,27549,91,1,1,404,4096
6,27586,-16,1,1,293,3011
7,27739,123,1,1,458,4096
7,28213,637,1,1,931,4096
6,28476,259,1,1,615,4096
7,28497,-3,1,1,297,948
7,28692,625,1,1,920,3821
8,29333,23,1,1,461,4096
7,29382,357,1,1,809,4096
8,29439,640,1,1,932,3673
8,29541,321,1,1,694,4096
7,29665,632,1,1,938,3847
7,29830,255,1,1,667,4096
7,30292,11,1,1,314,2706
7,30421,175,1,1,552,4096
7,30842,31,1,1,333,2366
7,30947,291,1,1,632,4096
7,31106,332,1,1,781,3831
7,31163,605,1,1,906,4096
8,31787,384,1,1,799,3290
8,31793,646,1,1,938,3580
8,31835,467,1,1,919,4096
8,32788,47,1,1,356,4096
8,33345,276,1,1,622,3515
9,33429,152,1,1,476,4096
8,33478,341,1,1,801,4096
9,33535,453,1,1,827,4096
9,33637,91,1,1,403,4096
8,33761,374,1,1,825,4096
8,33850,47,1,1,356,2687
8,34388,-42,1,1,254,4096
8,34517,166,1,1,493,4096
8,34528,474,1,1,826,3422
10,34701,64,1,1,371,1166
8,34938,417,1,1,792,4096
8,35043,147,1,1,503,4096
9,35078,642,1,1,937,3243
9,35883,325,1,1,679,4096
9,35889,148,1,1,489,4096
9,36884,380,1,1,770,4096
10,36931,263,1,1,682,3294
9,36939,639,1,1,931,3089
9,37136,787,1,1,1107,3658
9,37146,629,1,1,927,2629
9,37270,18,1,1,317,2332
9,37441,419,1,1,825,4096
10,37525,33,1,1,343,4096
9,37857,299,1,1,676,4096
10,38158,25,1,1,332,1219
10,38270,-3,1,1,306,3192
10,38309,62,1,1,360,1039
10,38328,-38,1,1,271,1182
9,38484,267,1,1,633,4096
11,38552,34,1,1,332,1027
9,38615,313,1,1,671,4087
9,38742,495,1,1,938,3699
11,38797,271,1,1,607,4096
10,39416,-15,1,1,286,1975
11,39941,330,1,1,673,1783
10,39979,239,1,1,691,4096
10,39985,308,1,1,683,4096
10,40551,25,1,1,338,3667
11,40596,-24,1,1,277,2287
12,40690,61,1,1,358,749
11,40898,36,1,1,336,2570
11,41027,663,1,1,1118,4096
10,41232,209,1,1,574,4096
10,41953,224,1,1,611,4096
10,42032,605,1,1,913,3548
11,42366,373,1,1,827,4096
12,42641,625,1,1,930,4089
10,42711,78,1,1,390,4096
10,42838,212,1,1,535,4096
12,42893,202,1,1,610,4096
12,43438,312,1,1,662,2842
11,43468,515,1,1,913,2917
11,43500,69,1,1,365,1547
11,43512,168,1,1,463,4096
11,43796,711,1,1,1106,3817
11,44061,498,1,1,939,4076
12,44516,77,1,1,373,3618
12,44574,645,1,1,938,2208
13,44786,104,1,1,557,4096
12,45123,120,1,1,460,4096
11,45155,344,1,1,691,2317
11,45159,-9,1,1,292,2448
11,45328,240,1,1,608,4096
13,45780,636,1,1,928,3139
11,45959,746,1,1,1062,3927
12,46325,377,1,1,695,2529
12,46597,646,1,1,939,3085
13,46989,306,1,1,755,4096
12,47025,45,1,1,346,3525
13,47054,628,1,1,922,3616
12,47395,955,1,1,1314,3334
13,47422,3,1,1,308,1097
12,47465,637,1,1,936,3997
13,47637,417,1,1,791,2514
13,47755,618,1,1,913,3239
12,48086,515,1,1,913,2927
13,48171,296,1,1,662,3597
12,48287,1011,1,1,1333,3132
12,48546,426,1,1,791,3218
14,48882,775,1,1,1231,4096
14,49473,59,1,1,354,1718
13,49641,60,1,1,354,2246
14,49830,76,1,1,373,1659
14,49876,289,1,1,671,4096
12,50006,53,1,1,350,4047
13,50179,74,1,1,372,2093
14,50281,647,1,1,939,3227
14,50403,647,1,1,939,2766
13,50475,497,1,1,827,3010
13,50599,1022,1,1,1334,3574
13,50693,846,1,1,1248,4096
13,50757,580,1,1,940,2470
15,50850,641,1,1,933,1968
14,51085,495,1,1,872,4096
13,51413,634,1,1,929,2867
14,51518,451,1,1,901,4096
14,52348,65,1,1,373,2169
14,52526,317,1,1,652,2885
15,52558,625,1,1,939,2682
15,52700,823,1,1,1125,2870
15,52931,623,1,1,937,2528
13,53257,637,1,1,939,3251
15,53569,239,1,1,560,4096
14,53814,445,1,1,827,3121
14,53898,366,1,1,691,3141
14,54351,641,1,1,936,3876
15,54377,575,1,1,919,4096
16,54386,376,1,1,691,3536
15,54609,540,1,1,913,3091
14,54695,195,1,1,551,4096
16,55087,57,1,1,353,1518
15,55181,194,1,1,589,4096
15,55207,468,1,1,806,2859
14,55429,78,1,1,373,2172
14,55509,332,1,1,691,4096
15,55772,46,1,1,350,1874
15,55919,462,1,1,799,3393
16,56198,62,1,1,357,1589
16,56318,355,1,1,676,3760
16,56796,455,1,1,827,4096
16,56840,401,1,1,765,3909
17,57203,69,1,1,373,885
15,57214,459,1,1,798,2863
15,57417,78,1,1,373,1908
16,57454,415,1,1,754,2273
16,57544,66,1,1,366,3167
17,57553,645,1,1,939,2466
15,57910,623,1,1,941,4096
16,57953,495,1,1,826,2746
16,58173,641,1,1,939,2401
16,58263,324,1,1,647,2344
17,58366,311,1,1,648,3980
15,58529,647,1,1,939,3100
17,58692,480,1,1,815,1852
15,58791,737,1,1,1053,4096
17,59227,-3,1,1,297,1274
16,59465,1004,1,1,1313,2251
17,59720,358,1,1,691,2924
16,59759,76,1,1,373,2342
17,59892,380,1,1,691,1629
17,60102,814,1,1,1125,2558
18,60105,48,1,1,347,1413
17,60151,366,1,1,691,3953
18,60682,43,1,1,338,3129
17,60972,595,1,1,939,2799
18,61299,445,1,1,820,4096
17,61550,368,1,1,823,4096
16,61691,355,1,1,687,3781
17,61795,75,1,1,373,2036
18,61963,483,1,1,827,2736
17,62014,506,1,1,827,2549
18,62081,805,1,1,1108,2361
16,62215,802,1,1,1125,3686
19,62315,24,1,1,323,2210
18,62462,197,1,1,531,4096
18,62613,327,1,1,685,2721
16,62638,640,1,1,939,3847
19,62866,385,1,1,709,2184
18,62925,613,1,1,923,1953
17,63251,79,1,1,373,1036
19,63302,78,1,1,373,1339
17,63451,480,1,1,827,1760
18,63524,376,1,1,691,1729
19,63681,362,1,1,691,1219
18,63877,820,1,1,1125,1863
18,64012,321,1,1,690,3861
19,64038,64,1,1,359,1113
20,64117,362,1,1,670,1251
18,64198,125,1,1,473,4096
19,64317,640,1,1,939,3018
20,64320,79,1,1,373,1018
19,64751,343,1,1,691,2670
18,64907,313,1,1,631,1656
20,65215,362,1,1,709,2900
19,65344,74,1,1,373,2731
19,65432,366,1,1,691,1555
18,65455,578,1,1,927,3905
20,65534,76,1,1,372,1217
21,65619,79,1,1,373,1502
21,65778,78,1,1,373,563
19,66011,394,1,1,699,1999
20,66016,75,1,1,373,1978
20,66078,74,1,1,373,2397
19,66276,382,1,1,693,2752
18,66461,1018,1,1,1328,3010
19,66681,79,1,1,373,2483
17,66694,446,1,1,829,4056
22,66958,79,1,1,373,1180
20,67075,77,1,1,373,1064
19,67274,451,1,1,827,2367
20,67446,352,1,1,688,2695
21,67487,1355,1,1,1651,3167
19,67685,488,1,1,827,2230
20,67844,380,1,1,691,2500
21,68000,508,1,1,827,2466
21,68180,642,1,1,941,2164
20,68183,77,1,1,373,2751
22,68583,1349,1,1,1651,2964
20,68678,73,1,1,373,1997
19,68726,324,1,1,690,2265
20,68730,73,1,1,373,1456
20,69112,70,1,1,373,2836
22,69285,362,1,1,691,1285
21,69395,586,1,1,944,2320
21,69419,403,1,1,709,1575
23,69604,1021,1,1,1331,2646
18,69864,517,1,1,827,3170
21,69906,398,1,1,704,1723
21,70157,466,1,1,826,2711
21,70174,1010,1,1,1391,4096
22,70333,386,1,1,691,2153
23,70517,66,1,1,373,1934
21,70590,490,1,1,827,1478
21,70752,496,1,1,827,2022
22,71019,505,1,1,827,1624
21,71102,595,1,1,926,2424
20,71142,556,1,1,939,3457
24,71334,369,1,1,679,1730
23,71405,381,1,1,691,1072
19,71444,301,1,1,626,1580
20,71470,397,1,1,784,2744
22,71527,363,1,1,692,4040
23,71528,502,1,1,826,2243
22,71605,824,1,1,1125,1699
22,71651,329,1,1,672,2232
24,72533,387,1,1,691,1005
23,72596,74,1,1,373,1577
22,72621,645,1,1,937,1869
22,72809,376,1,1,690,2652
20,72834,433,1,1,750,1390
22,73064,826,1,1,1125,2474
23,73123,827,1,1,1125,1472
24,73147,512,1,1,827,1742
21,73209,494,1,1,827,2067
21,73455,647,1,1,939,1985
22,73725,64,1,1,362,2623
24,73829,976,1,1,1326,3312
23,73938,484,1,1,813,2411
23,74002,496,1,1,827,2397
22,74118,1273,1,1,1592,3944
21,74431,510,1,1,827,1597
23,74592,372,1,1,691,1783
24,74672,378,1,1,691,2076
25,74711,359,1,1,709,2178
22,74874,14,1,1,325,1665
23,75084,960,1,1,1315,2463
23,75181,491,1,1,827,2117
25,75270,475,1,1,801,2123
25,75430,994,1,1,1376,4096
22,75515,348,1,1,691,2060
23,75529,396,1,1,709,1411
24,75584,509,1,1,827,1646
25,75643,512,1,1,825,1814
24,75650,380,1,1,691,2527
23,75715,352,1,1,691,1990
26,76163,372,1,1,691,1452
22,76208,334,1,1,657,1777
24,76614,651,1,1,944,1530
24,76676,642,1,1,935,2674
24,76817,367,1,1,684,1102
24,76838,507,1,1,827,1309
24,77025,490,1,1,799,2433
23,77302,365,1,1,691,2428
25,77638,54,1,1,350,1024
25,77672,68,1,1,373,3000
27,77982,78,1,1,373,1819
23,78012,461,1,1,827,2497
25,78116,647,1,1,939,2466
25,78203,500,1,1,823,1365
25,78221,79,1,1,373,1196
26,78241,484,1,1,820,2598
26,78244,516,1,1,826,2974
25,78583,367,1,1,677,1766
25,78658,354,1,1,709,3074
24,78701,568,1,1,913,3520
25,78890,395,1,1,709,2214
24,78924,637,1,1,939,1622
26,78936,377,1,1,688,1298
26,79341,1347,1,1,1748,3911
23,79479,1484,1,1,1822,3271
26,79598,381,1,1,691,1377
24,79636,504,1,1,827,1624
27,79830,79,1,1,373,1589
27,79857,632,1,1,924,1613
26,80185,445,1,1,817,2513
25,80445,77,1,1,372,1521
27,80511,76,1,1,373,913
26,80540,511,1,1,827,1882
26,80909,489,1,1,805,2326
28,81037,649,1,1,941,1180
27,81104,503,1,1,827,2168
27,81132,641,1,1,941,1791
26,81210,503,1,1,827,3007
26,81270,513,1,1,827,2380
28,81474,347,1,1,659,1644
27,81555,347,1,1,661,1370
28,81652,365,1,1,699,3670
24,81659,786,1,1,1125,2180
25,82183,513,1,1,827,2547
26,82212,968,1,1,1411,4096
27,82222,385,1,1,691,1313
27,82242,53,1,1,351,972
28,82246,371,1,1,688,1735
26,82272,470,1,1,800,1827
29,82406,76,1,1,373,932
27,82504,491,1,1,827,1964
29,82673,507,1,1,827,1636
25,82797,1026,1,1,1374,4096
28,82970,647,1,1,939,1415
26,83235,511,1,1,825,1052
25,83272,65,1,1,368,1613
28,83378,467,1,1,792,2246
28,83384,516,1,1,827,2280
27,83402,639,1,1,931,2192
28,83572,640,1,1,941,1350
29,83574,1020,1,1,1324,1328
27,83602,388,1,1,693,1330
27,83839,828,1,1,1125,1627
28,84090,380,1,1,691,1586
28,84195,510,1,1,827,1953
30,84278,483,1,1,800,1605
29,84294,383,1,1,694,2642
30,84435,512,1,1,827,2029
26,84542,519,1,1,829,1745
29,84574,79,1,1,373,1196
29,84754,519,1,1,827,1370
30,84803,49,1,1,345,1229
28,85077,374,1,1,691,1475
29,85084,506,1,1,818,1512
30,85415,375,1,1,681,1121
28,85537,1195,1,1,1502,2135
26,85651,490,1,1,827,2379
29,85773,514,1,1,827,1683
31,85877,515,1,1,826,1442
29,85955,512,1,1,827,1760
30,86221,78,1,1,373,1647
29,86349,510,1,1,827,3379
31,86592,68,1,1,373,1177
30,86599,497,1,1,818,1515
30,86705,79,1,1,373,932
27,86710,1359,1,1,1663,3475
27,86910,1003,1,1,1312,2368
30,86998,498,1,1,837,2244
31,87053,1347,1,1,1648,2775
29,87109,636,1,1,930,1572
28,87141,1426,1,1,1737,3302
30,87193,79,1,1,373,1238
31,87266,506,1,1,826,2463
29,87401,374,1,1,691,2324
32,87421,505,1,1,827,1544
31,87540,77,1,1,373,1319
32,87702,383,1,1,691,1110
27,87804,1331,1,1,1635,2153
31,88382,79,1,1,373,1783
28,88606,639,1,1,939,1896
30,88664,385,1,1,691,1555
31,88670,487,1,1,801,1672
32,88761,620,1,1,913,1495
30,88855,469,1,1,820,2506
28,88900,374,1,1,691,1990
29,88963,513,1,1,827,1822
31,88967,645,1,1,939,1774
33,89009,512,1,1,829,1307
33,89014,827,1,1,1125,1593
32,89024,498,1,1,827,1971
31,89352,491,1,1,821,2647
32,89429,79,1,1,373,1047
30,89483,514,1,1,827,2082
31,90103,646,1,1,939,1439
28,90140,520,1,1,827,2336
32,90260,79,1,1,373,1293
34,90599,403,1,1,709,1590
32,90731,514,1,1,826,1379
32,90840,399,1,1,709,2170
33,90927,513,1,1,820,1498
29,90927,378,1,1,691,2027
30,90966,784,1,1,1125,2003
33,90995,643,1,1,939,2234
33,91000,386,1,1,691,1976
31,91096,520,1,1,837,1613
29,91374,78,1,1,373,2768
33,91434,78,1,1,373,1174
31,91438,516,1,1,826,2583
34,91458,352,1,1,678,2444
32,91636,1216,1,1,1594,4096
33,91645,78,1,1,373,914
29,91728,387,1,1,691,1588
31,92355,375,1,1,691,1389
30,92537,79,1,1,373,1163
33,92568,387,1,1,691,1728
32,92571,468,1,1,821,2468
35,92620,380,1,1,708,2021
32,92643,363,1,1,686,1547
34,92853,387,1,1,691,1419
34,93073,355,1,1,690,2073
32,93357,384,1,1,691,1919
30,93369,-80,1,1,224,2442
31,93745,512,1,1,827,1208
34,93753,368,1,1,709,2826
34,93804,504,1,1,825,2809
30,93908,1441,1,1,1749,2180
34,94140,353,1,1,672,1572
34,94263,495,1,1,815,2618
35,94286,568,1,1,941,2828
36,94294,647,1,1,939,1674
33,94391,1266,1,1,1583,2755
32,94503,1438,1,1,1749,2148
33,94575,375,1,1,691,2004
33,94728,609,1,1,939,2085
33,94936,526,1,1,836,1579
31,95015,646,1,1,939,1107
32,95266,385,1,1,702,1521
35,95362,377,1,1,687,1609
35,95659,473,1,1,826,2586
34,95843,78,1,1,373,907
35,95883,514,1,1,827,1620
34,96005,460,1,1,776,1277
36,96113,502,1,1,822,1827
31,96174,600,1,1,939,2805
34,96226,520,1,1,827,1835
35,96356,510,1,1,825,2552
34,96908,647,1,1,939,2333
35,96949,901,1,1,1310,4096
36,97000,378,1,1,691,1638
33,97075,520,1,1,826,1809
36,97247,377,1,1,691,1364
35,97287,602,1,1,941,3147
32,97297,1274,1,1,1590,2282
36,97517,377,1,1,691,1858
35,97605,384,1,1,690,1762
33,97623,513,1,1,823,3120
35,97694,634,1,1,939,1689
32,97798,389,1,1,694,1624
37,97910,511,1,1,827,1797
37,98100,1753,1,1,2177,3806
36,98323,48,1,1,344,1036
36,98464,363,1,1,672,2108
33,98528,78,1,1,373,1231
35,98535,1259,1,1,1578,1627
35,98558,354,1,1,660,2332
34,98851,1140,1,1,1445,1776
37,99065,79,1,1,373,1548
36,99103,515,1,1,827,2154
37,99308,79,1,1,373,985
37,99339,78,1,1,373,2092
38,99346,1280,1,1,1590,1246
34,99411,516,1,1,827,1788
36,99448,1195,1,1,1502,1843
36,99512,515,1,1,826,1818
37,99526,378,1,1,691,2526
33,99830,468,1,1,786,2032
36,99900,508,1,1,827,1365
38,99932,501,1,1,827,2022
37,100313,403,1,1,709,1849
38,100421,380,1,1,687,1356
36,100620,367,1,1,683,2062
38,100739,382,1,1,691,1431
38,100782,385,1,1,691,1443
34,100805,395,1,1,709,2277
37,100957,379,1,1,691,1854
35,101282,514,1,1,826,2431
37,101373,507,1,1,827,1861
38,101408,1033,1,1,1335,1882
39,101635,387,1,1,691,1703
39,101785,370,1,1,691,1364
38,101810,395,1,1,703,1497
35,102086,510,1,1,827,2675
34,102183,372,1,1,684,2353
37,102185,1106,1,1,1445,2285
35,102224,73,1,1,373,1419
37,102238,372,1,1,684,1618
38,102451,382,1,1,691,1494
40,102564,79,1,1,373,929
39,102579,285,1,1,630,3233
36,102751,521,1,1,827,1469
39,102993,79,1,1,373,1183
39,103162,645,1,1,941,2380
39,103280,608,1,1,932,2541
40,103397,518,1,1,826,1612
37,103544,907,1,1,1321,4096
38,103643,620,1,1,939,2270
39,103675,391,1,1,709,2267
36,103878,646,1,1,941,1792
38,103894,802,1,1,1125,1709
41,104016,1346,1,1,1647,1452
36,104018,481,1,1,806,1794
38,104059,355,1,1,669,1821
37,104270,818,1,1,1125,1519
40,104409,406,1,1,709,1830
40,104455,79,1,1,373,1293
40,104464,520,1,1,827,789
40,104878,495,1,1,814,1598
39,104923,1002,1,1,1335,2472
37,105023,382,1,1,691,1145
39,105160,506,1,1,824,1517
40,105208,1027,1,1,1331,2215
38,105230,368,1,1,687,1686
35,105460,517,1,1,827,3277
42,105525,79,1,1,373,1509
39,105600,512,1,1,825,1706
41,105758,76,1,1,373,1303
39,105858,1026,1,1,1331,1799
41,106191,521,1,1,827,1782
41,106242,651,1,1,943,2845
37,106344,513,1,1,827,2326
40,106414,647,1,1,939,1491
40,106945,451,1,1,779,1785
41,106978,1436,1,1,1749,2100
43,107007,385,1,1,700,1482
41,107019,510,1,1,824,1811
40,107029,401,1,1,709,1171
41,107029,1445,1,1,1749,2565
40,107103,509,1,1,818,1503
38,107130,338,1,1,691,2860
39,107259,482,1,1,798,2029
38,107616,1249,1,1,1592,2593
42,107862,398,1,1,709,2104
42,107926,487,1,1,799,1684
41,107951,512,1,1,826,1537
42,108217,504,1,1,812,1239
44,108289,495,1,1,813,1282
42,108324,399,1,1,709,1295
42,108391,513,1,1,827,2200
38,108605,511,1,1,826,2261
42,108807,503,1,1,827,1788
40,108892,647,1,1,939,1633
41,108943,395,1,1,709,1998
41,108946,497,1,1,805,1917
39,109208,501,1,1,819,1592
41,109285,369,1,1,690,2182
39,109341,368,1,1,689,2211
42,109451,519,1,1,827,1500
36,109556,948,1,1,1383,4096
43,109679,1032,1,1,1334,1462
43,109840,78,1,1,373,1914
41,110028,1033,1,1,1335,1136
43,110097,495,1,1,820,2235
42,110480,511,1,1,827,1537
42,110675,401,1,1,709,1729
37,110834,385,1,1,691,1278
43,110951,376,1,1,691,2144
43,110988,1370,1,1,1664,2664
40,110990,400,1,1,709,1782
44,110990,519,1,1,827,1311
42,111000,518,1,1,827,1715
39,111015,647,1,1,939,2410
44,111030,646,1,1,939,933
40,111050,79,1,1,373,1709
43,111050,79,1,1,373,1599
42,111130,644,1,1,939,1102
43,111794,79,1,1,373,1119
43,111822,497,1,1,812,1342
38,112023,452,1,1,766,1189
44,112079,363,1,1,680,1091
44,112206,1586,1,1,1909,2366
45,112286,1029,1,1,1331,1296
41,112335,509,1,1,827,1345
45,112385,916,1,1,1352,4096
43,112487,827,1,1,1278,4096
45,112512,387,1,1,691,1482
43,112522,73,1,1,373,1392
44,112791,481,1,1,795,1741
44,112791,79,1,1,373,1840
43,112806,1325,1,1,1633,1806
40,112835,496,1,1,813,1820
46,113237,645,1,1,937,951
45,113356,391,1,1,695,1277
45,113457,371,1,1,682,1251
44,113672,499,1,1,815,1878
44,113678,341,1,1,656,1856
42,113730,400,1,1,708,1395
39,113889,615,1,1,944,1866
45,114016,519,1,1,829,1225
44,114167,387,1,1,691,1680
46,114177,627,1,1,944,1665
45,114288,506,1,1,827,1497
44,114429,370,1,1,691,1623
44,114461,435,1,1,760,1939
47,114518,519,1,1,827,1281
41,114555,369,1,1,691,1720
46,114700,367,1,1,679,1243
45,114862,395,1,1,699,1184
46,115068,78,1,1,373,1712
41,115146,926,1,1,1377,4096
46,115192,1029,1,1,1331,1176
46,115565,513,1,1,826,1277
47,115876,79,1,1,373,1176
45,115890,503,1,1,826,1461
46,115921,1057,1,1,1445,3536
43,116004,389,1,1,700,2274
45,116023,828,1,1,1125,1562
42,116258,491,1,1,807,1703
40,116417,500,1,1,827,2528
47,116475,1784,1,1,2140,2298
46,116535,623,1,1,939,1673
47,116602,645,1,1,939,1534
48,116679,513,1,1,827,2161
45,116702,1324,1,1,1628,2535
42,116754,384,1,1,691,1608
47,116814,383,1,1,691,1622
46,117130,385,1,1,691,1107
47,117281,382,1,1,691,1716
48,117525,511,1,1,819,1649
41,117563,644,1,1,936,1146
46,117592,649,1,1,941,890
47,117609,79,1,1,373,1074
47,117624,1193,1,1,1502,1703
43,117710,384,1,1,691,1452
45,117768,897,1,1,1327,4096
49,117770,77,1,1,373,1091
48,117832,372,1,1,678,1230
46,117834,78,1,1,373,1944
48,118083,515,1,1,827,1269
43,118128,514,1,1,827,1374
44,118157,513,1,1,827,2153
42,118515,78,1,1,373,952
48,118578,386,1,1,691,2103
47,118732,517,1,1,827,1602
48,118791,626,1,1,939,1510
49,118891,404,1,1,709,1366
47,119000,518,1,1,825,1408
48,119018,633,1,1,927,1409
47,119145,385,1,1,690,1311
48,119168,378,1,1,683,1544
44,119201,1194,1,1,1502,1491
50,119248,515,1,1,827,1478
46,119315,79,1,1,373,1547
49,119523,387,1,1,691,1440
45,119546,521,1,1,827,1389
49,119549,628,1,1,944,1717
43,119698,643,1,1,941,1183
45,119986,78,1,1,373,785
49,120598,375,1,1,688,2020
50,120661,371,1,1,691,1770
48,120690,511,1,1,827,1690
47,120703,76,1,1,373,1388
46,120865,79,1,1,373,1319
49,120973,1339,1,1,1638,2182
50,120990,516,1,1,827,1467
49,121015,515,1,1,825,1997
48,121071,1316,1,1,1630,2339
44,121085,1723,1,1,2060,2957
50,121130,1181,1,1,1502,1581
49,121567,1153,1,1,1502,2399
46,121570,1334,1,1,1650,1584
50,121766,381,1,1,686,1168
48,121925,521,1,1,827,2780
49,121950,516,1,1,827,1260
48,122100,387,1,1,691,1397
44,122255,345,1,1,690,2557
45,122330,388,1,1,691,1245
51,122359,507,1,1,827,1698
50,122561,357,1,1,663,1546
50,122701,1016,1,1,1321,1728
47,122713,78,1,1,373,1143
51,122742,1139,1,1,1445,1612
51,122868,356,1,1,679,1878
52,123191,79,1,1,373,832
51,123308,403,1,1,707,1542
51,123344,962,1,1,1411,4096
49,123389,447,1,1,765,1464
50,123496,517,1,1,827,1546
45,123547,400,1,1,709,1292
49,123646,518,1,1,827,1546
51,123852,647,1,1,939,1151
46,123950,519,1,1,826,1620
48,124247,1031,1,1,1333,1534
51,124266,514,1,1,827,1705
50,124317,1703,1,1,2048,2750
52,124421,514,1,1,827,1553
53,124882,514,1,1,826,1691
52,124948,1336,1,1,1641,1640
47,124961,857,1,1,1310,4096
52,125142,775,1,1,1074,1798
49,125167,924,1,1,1355,4096
47,125295,505,1,1,815,1345
52,125316,520,1,1,828,1464
51,125341,364,1,1,683,1845
50,125454,380,1,1,691,2065
50,125525,497,1,1,817,1879
52,125636,379,1,1,685,1370
49,125949,1260,1,1,1570,1702
53,125963,375,1,1,704,1542
52,126391,400,1,1,709,1050
54,126528,378,1,1,685,1646
48,126655,513,1,1,827,1360
48,126821,1019,1,1,1333,1860
51,126826,628,1,1,941,1301
52,126832,1503,1,1,1844,4090
53,126844,512,1,1,827,1702
53,126930,382,1,1,687,1294
53,126939,508,1,1,826,1623
50,127007,358,1,1,666,1840
53,127158,798,1,1,1125,2210
51,127227,447,1,1,767,1773
51,127284,285,1,1,633,2967
46,127643,1017,1,1,1405,4096
54,127784,628,1,1,942,1821
55,127977,388,1,1,692,1449
50,128007,1818,1,1,2138,2058
53,128067,514,1,1,827,1676
53,128115,407,1,1,709,1283
54,128155,384,1,1,691,1225
49,128319,405,1,1,709,1664
54,128321,649,1,1,941,1382
52,128330,828,1,1,1125,1504
51,128345,367,1,1,673,1338
54,128510,517,1,1,827,1666
54,128511,405,1,1,709,1353
52,128771,372,1,1,691,1544
55,128829,404,1,1,709,1045
47,128972,386,1,1,691,1329
55,129273,828,1,1,1125,952
52,129323,430,1,1,771,2039
53,129453,383,1,1,690,1123
55,129465,647,1,1,939,955
56,129469,521,1,1,827,1492
54,129471,1002,1,1,1331,1404
52,129608,378,1,1,688,1263
50,129781,378,1,1,688,1462
55,129815,370,1,1,677,1660
51,129934,617,1,1,939,1927
53,130290,487,1,1,806,1519
55,130292,510,1,1,827,1781
56,130571,363,1,1,672,1742
48,130596,385,1,1,691,1624
54,130605,793,1,1,1125,2490
53,130844,1031,1,1,1333,1521
56,130866,385,1,1,691,1401
49,130917,933,1,1,1388,4096
53,130940,405,1,1,707,1332
56,130996,1021,1,1,1325,1723
55,131085,383,1,1,691,1614
52,131119,520,1,1,827,1185
54,131129,518,1,1,827,1676
56,131313,1029,1,1,1331,1021
56,131613,601,1,1,939,1798
51,131756,1017,1,1,1334,1975
55,131937,534,1,1,842,1332
49,132177,515,1,1,827,1581
57,132179,514,1,1,827,1608
50,132222,386,1,1,691,1305
54,132374,1446,1,1,1749,1530
55,132470,493,1,1,803,1341
57,132532,79,1,1,373,1536
53,132554,385,1,1,694,1435
54,132569,1879,1,1,2206,2279
54,132710,515,1,1,827,1770
57,132906,983,1,1,1324,2040
57,132946,1002,1,1,1331,1633
57,132971,384,1,1,691,1358
56,133171,517,1,1,827,1234
56,133201,518,1,1,825,2116
51,133518,456,1,1,768,1296
57,133565,883,1,1,1338,4096
54,133577,79,1,1,373,1023
52,133617,372,1,1,690,1861
58,133755,649,1,1,941,849
56,133759,387,1,1,692,1289
58,133808,1196,1,1,1502,1629
55,133956,386,1,1,691,1582
55,133980,383,1,1,691,1411
55,134143,398,1,1,709,1433
50,134194,349,1,1,678,2017
58,134239,1274,1,1,1584,1707
58,134242,402,1,1,709,1271
58,134390,1005,1,1,1333,1444
57,134578,375,1,1,680,1407
57,134627,517,1,1,827,1426
52,134841,403,1,1,707,1323
58,134966,599,1,1,925,1401
55,135148,386,1,1,692,1571
53,135149,487,1,1,798,1532
59,135293,384,1,1,691,1538
57,135331,513,1,1,827,1572
56,135498,519,1,1,827,1518
56,135571,510,1,1,819,1428
56,135718,515,1,1,827,1762
53,135840,647,1,1,939,999
59,135930,393,1,1,699,1540
58,135934,383,1,1,691,1356
59,136100,507,1,1,827,1861
59,136270,1302,1,1,1641,2028
58,136316,387,1,1,691,1689
56,136567,386,1,1,691,1419
60,136673,404,1,1,709,1380
54,136684,511,1,1,827,1535
58,136786,517,1,1,827,1455
57,136896,385,1,1,689,1398
57,136970,383,1,1,691,1252
57,137025,647,1,1,939,1454
60,137086,521,1,1,827,816
59,137364,79,1,1,373,1430
54,137381,386,1,1,691,1541
59,137422,1732,1,1,2058,2456
60,137464,521,1,1,827,1364
60,137539,828,1,1,1125,1609
59,137904,950,1,1,1374,4096
61,137969,387,1,1,691,1296
55,137977,522,1,1,827,1293
57,138229,479,1,1,800,1662
51,138290,989,1,1,1398,4096
58,138348,518,1,1,827,1452
59,138573,807,1,1,1125,1787
61,138610,1372,1,1,1669,1524
60,138648,647,1,1,939,1284
61,138857,79,1,1,373,1393
60,139068,518,1,1,825,1646
58,139105,1336,1,1,1655,2135
56,139201,386,1,1,691,1224
58,139214,489,1,1,827,2189
55,139241,647,1,1,944,1860
62,139313,647,1,1,939,1344
61,139423,498,1,1,824,1884
52,139848,308,1,1,619,1558
61,140031,403,1,1,709,1383
62,140188,517,1,1,826,1578
58,140216,383,1,1,691,1987
60,140265,1299,1,1,1649,2361
62,140297,453,1,1,765,1440
59,140412,940,1,1,1395,4096
63,140520,79,1,1,373,1207
59,140540,521,1,1,829,1435
59,140619,405,1,1,709,2271
60,140661,514,1,1,827,2088
56,140846,514,1,1,827,1605
59,140859,517,1,1,827,1645
57,141038,1159,1,1,1502,1837
61,141086,608,1,1,939,2018
62,141282,77,1,1,373,1251
53,141301,521,1,1,827,1453
64,141544,79,1,1,373,1024
63,141607,387,1,1,691,1310
62,141716,1437,1,1,1749,2293
63,141779,504,1,1,819,1591
60,141828,513,1,1,823,1416
57,141909,79,1,1,373,1063
60,142040,519,1,1,827,1500
59,142101,500,1,1,810,1885
61,142135,367,1,1,677,1474
61,142405,492,1,1,815,2140
54,142462,645,1,1,939,1161
60,142509,515,1,1,827,1650
62,142607,308,1,1,624,1521
63,142880,470,1,1,785,1598
58,143049,1069,1,1,1407,2011
61,143153,647,1,1,939,1325
60,143156,1898,1,1,2211,2537
65,143199,520,1,1,828,1655
63,143307,303,1,1,617,1591
62,143388,387,1,1,696,1253
64,143529,519,1,1,827,1922
64,143534,350,1,1,660,1755
61,143587,518,1,1,827,1547
58,143784,509,1,1,827,1875
63,143905,386,1,1,692,1298
61,143982,520,1,1,827,1473
62,143985,483,1,1,793,1580
60,144050,998,1,1,1331,1949
55,144052,377,1,1,691,1590
64,144298,533,1,1,840,1418
62,144423,79,1,1,373,1270
59,144533,376,1,1,687,1484
61,144611,519,1,1,827,1455
59,144776,406,1,1,709,992
66,144879,1193,1,1,1503,1680
62,144902,386,1,1,691,1315
65,144941,390,1,1,695,1412
63,145327,1348,1,1,1651,1342
63,145332,996,1,1,1333,1944
64,145449,1286,1,1,1628,2142
64,145513,1031,1,1,1333,1608
61,145604,1028,1,1,1331,1554
65,145652,1309,1,1,1649,2118
62,145713,322,1,1,633,1731
66,146130,647,1,1,939,1189
56,146187,371,1,1,691,2135
62,146239,609,1,1,932,1628
67,146287,404,1,1,709,1408
63,146390,515,1,1,827,1488
63,146533,1752,1,1,2058,2110
64,146753,384,1,1,691,1421
60,146769,1590,1,1,1899,2236
65,146821,505,1,1,826,1372
62,146907,405,1,1,709,1303
64,146959,515,1,1,827,1632
63,147153,517,1,1,825,1440
66,147222,515,1,1,827,1570
67,147384,77,1,1,373,1254
57,147568,518,1,1,827,1381
63,147728,392,1,1,696,1489
68,147875,617,1,1,939,1588
64,148068,507,1,1,827,1678
61,148162,1027,1,1,1331,1393
65,148297,385,1,1,691,1338
65,148339,386,1,1,691,1586
66,148352,1029,1,1,1331,1531
64,148354,383,1,1,691,1821
65,148394,995,1,1,1409,4096
63,148532,1138,1,1,1445,1625
67,148725,622,1,1,944,1503
64,148743,502,1,1,817,1590
60,148872,943,1,1,1407,4096
68,149055,394,1,1,709,1671
62,149446,79,1,1,373,1284
65,149476,517,1,1,827,1408
66,149565,387,1,1,691,1226
64,149580,420,1,1,737,1852
65,149609,947,1,1,1411,4096
69,149649,1351,1,1,1650,1774
67,149754,514,1,1,827,1402
65,149923,1025,1,1,1331,1180
66,150018,503,1,1,819,1624
64,150046,79,1,1,373,1514
66,150070,323,1,1,632,1773
65,150340,519,1,1,827,1986
68,150369,522,1,1,830,1644
61,150373,386,1,1,691,1501
66,150998,1450,1,1,1749,1522
63,151077,1445,1,1,1749,1631
70,151116,1194,1,1,1502,1467
67,151204,385,1,1,693,1639
66,151494,385,1,1,691,1571
67,151594,515,1,1,823,1576
58,151664,948,1,1,1405,4096
65,151670,518,1,1,827,1624
67,151725,1356,1,1,1651,1655
66,151840,518,1,1,827,1500
69,151907,472,1,1,785,1538
65,151972,1576,1,1,1895,2392
64,152143,1028,1,1,1334,1066
68,152301,317,1,1,658,2547
66,152378,1196,1,1,1502,2769
71,152381,1273,1,1,1583,1265
67,152633,520,1,1,828,1635
67,152846,402,1,1,709,1352
66,152886,647,1,1,939,1216
59,153069,376,1,1,681,1405
69,153151,956,1,1,1396,4096
68,153208,379,1,1,691,1483
68,153227,500,1,1,827,2023
66,153461,1282,1,1,1592,1489
67,153662,1355,1,1,1651,1822
72,153761,390,1,1,695,1380
70,153784,1407,1,1,1749,1877
68,153852,348,1,1,689,2258
69,153929,386,1,1,691,1628
68,154040,517,1,1,824,1407
67,154406,376,1,1,684,1520
62,154469,960,1,1,1407,4096
60,154613,511,1,1,827,1544
67,154728,521,1,1,827,1267
68,154751,498,1,1,827,1905
69,155009,426,1,1,748,1801
70,155073,390,1,1,717,1922
73,155128,519,1,1,827,1367
70,155275,518,1,1,827,1346
69,155337,74,1,1,373,2110
69,155355,510,1,1,827,1315
71,155444,507,1,1,827,1660
67,155561,1258,1,1,1587,3183
63,155636,518,1,1,827,1167
68,155646,1354,1,1,1651,1984
61,155974,340,1,1,648,1361
65,156239,955,1,1,1410,4096
71,156318,406,1,1,709,1245
70,156463,518,1,1,827,1454
71,156760,514,1,1,826,1485
69,156763,1164,1,1,1502,2012
70,156775,404,1,1,709,1420
64,156847,79,1,1,373,1211
70,156875,514,1,1,824,1538
68,157028,512,1,1,819,2622
66,157053,641,1,1,933,814
74,157159,502,1,1,827,2031
68,157176,647,1,1,939,1615
72,157200,510,1,1,827,1756
62,157827,800,1,1,1125,1853
72,157902,517,1,1,826,1584
69,157948,968,1,1,1410,4096
71,158169,516,1,1,825,1394
71,158369,401,1,1,709,1494
69,158550,519,1,1,827,1374
75,158679,520,1,1,826,1520
65,158714,988,1,1,1314,1867
72,158747,517,1,1,827,1987
73,158793,527,1,1,840,1593
68,158824,966,1,1,1411,4096
70,159187,1355,1,1,1651,2424
67,159219,1159,1,1,1502,2166
69,159425,517,1,1,825,2397
73,159620,1334,1,1,1632,1718
70,159719,1356,1,1,1667,1771
69,159742,966,1,1,1411,4096
76,159825,518,1,1,826,1146
70,160045,618,1,1,939,1495
66,160060,517,1,1,827,1346
73,160136,375,1,1,680,1389
63,160144,1535,1,1,1852,2317
72,160166,591,1,1,926,1997
74,160210,517,1,1,826,1417
72,160260,518,1,1,827,1891
71,160559,953,1,1,1408,4096
69,160623,1278,1,1,1591,1799
70,160765,517,1,1,826,1340
74,160920,402,1,1,709,1300
71,161106,1307,1,1,1630,1387
70,161384,79,1,1,373,1642
64,161427,400,1,1,709,1283
77,161687,498,1,1,827,1862
75,161704,383,1,1,699,1494
73,161717,385,1,1,690,1457
71,161745,1192,1,1,1504,1700
73,161757,522,1,1,829,1591
72,161961,1184,1,1,1502,1402
67,162053,1232,1,1,1569,1993
68,162089,1887,1,1,2200,2870
70,162131,1006,1,1,1331,1508
75,162333,1175,1,1,1502,1413
72,162459,510,1,1,817,1353
74,162695,1644,1,1,1959,2559
71,162923,501,1,1,822,1539
71,162936,1325,1,1,1645,2171
74,163124,518,1,1,827,1407
69,163138,79,1,1,373,1049
76,163150,1359,1,1,1669,1446
68,163162,506,1,1,816,1109
65,163274,645,1,1,941,1847
71,163283,955,1,1,1408,4096
73,163492,518,1,1,829,1531
71,163497,386,1,1,691,1366
76,164054,1337,1,1,1651,1721
75,164067,1355,1,1,1651,1372
74,164090,1434,1,1,1749,2333
72,164091,405,1,1,709,1155
73,164127,385,1,1,693,1668
72,164129,977,1,1,1318,2384
72,164391,388,1,1,694,1468
69,164471,519,1,1,826,1309
70,164513,387,1,1,691,1375
77,164689,531,1,1,839,1539
75,164809,1337,1,1,1651,1685
66,164903,1373,1,1,1667,1629
74,164964,518,1,1,826,1472
72,165035,507,1,1,818,1538
72,165049,1009,1,1,1331,1766
73,165304,624,1,1,940,1175
77,165411,76,1,1,373,1357
73,165546,492,1,1,802,1455
76,165731,480,1,1,795,1664
70,165753,365,1,1,671,1282
78,165783,970,1,1,1411,4096
76,165907,79,1,1,373,1098
73,166039,1355,1,1,1651,1648
71,166132,619,1,1,939,1619
78,166330,1272,1,1,1583,1641
67,166408,626,1,1,939,1505
75,166409,519,1,1,827,1445
73,166590,1449,1,1,1749,1555
74,166598,1430,1,1,1749,2471
73,166614,1193,1,1,1502,1565
78,166717,1196,1,1,1502,1306
74,167243,1279,1,1,1595,1697
77,167277,491,1,1,804,1546
71,167355,1349,1,1,1646,1602
77,167522,491,1,1,801,1615
74,167525,1301,1,1,1651,2221
72,167530,390,1,1,694,1398
74,167581,507,1,1,816,1542
74,167999,75,1,1,373,1385
68,168007,1344,1,1,1644,1599
76,168083,1120,1,1,1445,1674
75,168098,824,1,1,1125,1500
75,168186,953,1,1,1408,4096
79,168270,817,1,1,1123,1553
75,168620,404,1,1,709,1377
78,168741,475,1,1,790,1464
78,168782,1257,1,1,1569,1260
75,168979,1258,1,1,1569,1454
79,169009,1750,1,1,2058,2679
72,169047,386,1,1,696,1692
75,169193,612,1,1,931,1612
69,169267,478,1,1,793,1260
77,169331,388,1,1,691,1248
73,169554,1258,1,1,1590,2024
80,169603,73,1,1,373,1333
76,169790,1312,1,1,1651,1692
79,169807,646,1,1,938,1066
79,169879,954,1,1,1409,4096
76,170212,1333,1,1,1637,1592
75,170502,1550,1,1,1915,2503
76,170504,385,1,1,691,1311
76,170597,1191,1,1,1502,2411
76,170663,1354,1,1,1651,1684
74,170686,955,1,1,1409,4096
80,170829,1257,1,1,1569,1820
80,170920,79,1,1,373,1041
78,170942,516,1,1,827,1611
74,171025,511,1,1,820,1471
73,171131,610,1,1,939,2084
81,171209,503,1,1,815,1606
79,171294,1320,1,1,1658,2512
80,171348,1026,1,1,1331,1541
77,171458,458,1,1,769,1668
70,171509,1552,1,1,1852,2242
77,171790,822,1,1,1125,1127
77,171798,476,1,1,801,1586
76,171808,1278,1,1,1589,1306
77,171839,405,1,1,709,1335
77,172109,449,1,1,761,1512
75,172122,518,1,1,825,1436
79,172194,79,1,1,373,1252
81,172318,1075,1,1,1394,1489
81,172352,384,1,1,691,1432
81,172654,519,1,1,827,1306
74,172671,488,1,1,800,1540
82,172707,329,1,1,637,1498
75,172797,1335,1,1,1634,1772
80,172806,622,1,1,936,1512
71,172948,522,1,1,829,1439
78,173282,518,1,1,827,1492
76,173307,405,1,1,709,1185
78,173468,518,1,1,827,1629
80,173495,519,1,1,826,1301
78,173710,364,1,1,675,1912
77,173728,1739,1,1,2051,1920
78,173752,1451,1,1,1749,1643
78,173792,1355,1,1,1651,2334
82,173812,519,1,1,828,1460
82,173939,647,1,1,939,1285
76,174144,378,1,1,683,1347
75,174149,509,1,1,816,1478
81,174201,521,1,1,827,1395
83,174285,626,1,1,941,1578
77,174615,385,1,1,691,1308
72,174914,1749,1,1,2059,1966
81,174950,397,1,1,709,1455
78,175081,358,1,1,666,1353
79,175097,829,1,1,1125,1387
79,175109,1137,1,1,1445,1641
83,175376,605,1,1,926,1564
79,175413,519,1,1,827,1621
79,175627,468,1,1,817,2345
79,175754,490,1,1,827,2002
83,175814,503,1,1,827,1875
76,175817,1856,1,1,2191,1668
84,175976,623,1,1,939,1691
80,175987,648,1,1,940,878
77,176042,1907,1,1,2200,1898
82,176100,1313,1,1,1651,1899
73,176370,513,1,1,820,1456
82,176414,954,1,1,1409,4096
78,176553,1743,1,1,2056,1938
82,176585,311,1,1,629,1635
77,176862,522,1,1,829,1045
80,176948,518,1,1,827,1535
80,176990,401,1,1,709,1893
84,177000,1251,1,1,1584,1624
79,177132,1503,1,1,1835,2051
80,177168,644,1,1,939,1414
78,177190,503,1,1,812,1148
80,177219,623,1,1,939,1592
85,177430,355,1,1,663,1454
84,177476,451,1,1,763,1662
81,177542,443,1,1,756,1555
74,177628,386,1,1,692,1258
83,177678,517,1,1,827,1578
79,178008,386,1,1,691,1455
83,178060,493,1,1,807,1475
83,178076,505,1,1,813,1662
80,178224,385,1,1,691,1092
78,178344,506,1,1,827,1482
81,178412,512,1,1,821,1464
81,178475,405,1,1,709,1307
79,178578,1031,1,1,1333,1388
81,178704,1259,1,1,1569,1714
86,178862,508,1,1,818,1432
85,178869,514,1,1,821,1393
84,179079,380,1,1,691,1401
81,179206,499,1,1,810,1987
75,179253,489,1,1,798,1625
82,179292,452,1,1,764,1750
85,179396,1733,1,1,2064,2396
84,179414,353,1,1,661,1354
81,179572,1024,1,1,1331,1348
80,179624,518,1,1,827,1616
84,179668,492,1,1,802,1592
80,179732,398,1,1,703,1154
87,179970,519,1,1,827,1108
82,180004,384,1,1,691,1529
86,180255,525,1,1,835,1386
82,180313,1589,1,1,1898,1901
82,180376,517,1,1,827,1672
79,180406,1251,1,1,1587,2062
85,180481,374,1,1,682,1402
76,180501,514,1,1,822,1248
82,180604,385,1,1,691,1398
85,180770,405,1,1,708,1356
86,180782,487,1,1,796,1386
85,180908,1320,1,1,1634,1240
83,180961,484,1,1,795,1669
88,181146,1278,1,1,1587,1176
82,181147,517,1,1,827,1575
81,181184,517,1,1,827,1452
83,181187,647,1,1,939,1183
81,181380,1024,1,1,1333,1756
80,181748,1028,1,1,1333,1342
83,181775,487,1,1,798,1399
83,181788,450,1,1,762,1475
87,181960,1452,1,1,1749,1705
89,182112,647,1,1,939,966
86,182119,1195,1,1,1502,1638
87,182129,382,1,1,691,1347
77,182180,514,1,1,827,1679
86,182214,516,1,1,827,1444
84,182265,391,1,1,697,1304
83,182410,1452,1,1,1749,1806
86,182436,1524,1,1,1825,1528
84,182544,384,1,1,691,1357
82,182747,508,1,1,818,1563
82,183017,622,1,1,939,1637
88,183121,520,1,1,827,1161
84,183143,1029,1,1,1331,1355
78,183195,79,1,1,373,1015
83,183207,1451,1,1,1749,2060
90,183460,367,1,1,678,1348
84,183553,621,1,1,939,1778
81,183622,1171,1,1,1502,1874
87,183636,517,1,1,827,1517
87,183924,519,1,1,826,1488
84,183929,465,1,1,776,1519
85,183934,622,1,1,935,1669
87,183965,1004,1,1,1331,1751
85,184209,511,1,1,827,1665
84,184383,1195,1,1,1502,1176
83,184641,484,1,1,795,1624
89,184699,514,1,1,827,1578
83,184752,1393,1,1,1710,2005
88,184782,1237,1,1,1569,2653
79,184868,617,1,1,939,1673
85,185019,1278,1,1,1592,1876
85,185099,1194,1,1,1502,1546
86,185201,514,1,1,823,1267
82,185352,389,1,1,694,1730
88,185448,386,1,1,694,1812
88,185513,454,1,1,767,1548
88,185630,1171,1,1,1502,1706
85,185836,1434,1,1,1749,1907
85,185926,516,1,1,826,1543
90,186129,464,1,1,776,1430
84,186167,528,1,1,837,1526
84,186254,315,1,1,624,1502
89,186548,373,1,1,680,1035
86,186616,1579,1,1,1890,2407
86,186723,1356,1,1,1653,1624
80,186776,511,1,1,822,1908
83,186781,383,1,1,691,1429
89,186822,480,1,1,789,1374
89,186857,1724,1,1,2034,2075
89,186865,392,1,1,695,1235
86,186955,1445,1,1,1749,1936
87,187025,609,1,1,927,1824
91,187230,646,1,1,939,1101
91,187556,966,1,1,1411,4096
90,187886,517,1,1,827,1338
85,187904,471,1,1,786,1650
90,187928,511,1,1,819,1106
85,187968,518,1,1,827,1801
90,187979,649,1,1,941,1114
87,188023,488,1,1,799,1407
87,188043,389,1,1,694,1320
90,188249,402,1,1,709,1392
87,188282,521,1,1,827,1327
88,188317,384,1,1,691,1292
81,188580,1277,1,1,1587,1804
84,188609,518,1,1,827,1828
92,188982,513,1,1,821,1426
86,189215,528,1,1,835,1311
92,189302,1312,1,1,1651,2072
91,189303,646,1,1,938,1417
88,189344,366,1,1,674,1301
91,189368,806,1,1,1125,1389
86,189377,389,1,1,695,1409
91,189480,622,1,1,941,1552
88,189482,472,1,1,789,1459
91,189613,518,1,1,827,1364
82,189833,827,1,1,1125,1253
89,189885,1746,1,1,2052,1568
88,189925,1355,1,1,1651,1643
86,189932,975,1,1,1408,4096
86,190022,956,1,1,1411,4096
93,190494,504,1,1,814,1512
85,190504,997,1,1,1325,1895
92,190633,647,1,1,939,1020
92,190771,514,1,1,822,1403
89,190772,406,1,1,709,1428
93,190800,1030,1,1,1334,1498
87,190883,518,1,1,827,1668
87,190931,493,1,1,804,1554
92,190932,1355,1,1,1651,1629
89,191045,382,1,1,691,1563
92,191164,521,1,1,829,1684
87,191262,600,1,1,913,1240
83,191549,1174,1,1,1502,1716
87,191599,1326,1,1,1640,1667
89,191629,379,1,1,692,1704
93,191757,519,1,1,827,1124
94,191970,518,1,1,827,1476
86,191988,403,1,1,709,1484
90,192078,1580,1,1,1903,2193
90,192176,516,1,1,827,1404
88,192225,519,1,1,827,1294
94,192372,510,1,1,817,1572
93,192461,383,1,1,691,1529
93,192631,454,1,1,768,1467
84,192895,520,1,1,827,1346
88,193015,614,1,1,938,1753
88,193117,455,1,1,798,2234
90,193279,517,1,1,828,1650
94,193297,512,1,1,827,1540
95,193412,518,1,1,827,1442
87,193439,638,1,1,932,1451
88,193451,1373,1,1,1669,1852
89,193874,629,1,1,941,1649
94,193993,524,1,1,831,1362
95,194042,1738,1,1,2061,1670
91,194167,1288,1,1,1633,2089
85,194203,386,1,1,692,1308
94,194259,1735,1,1,2048,1798
91,194541,1297,1,1,1651,2365
91,194646,388,1,1,693,1367
89,194751,1553,1,1,1852,1736
89,194853,625,1,1,941,1402
93,194867,976,1,1,1411,4096
89,195041,1247,1,1,1584,1924
90,195141,956,1,1,1411,4096
90,195157,787,1,1,1106,1283
95,195236,1355,1,1,1651,1939
96,195254,515,1,1,824,1842
86,195444,391,1,1,695,1241
96,195453,1453,1,1,1749,1411
95,195474,392,1,1,697,1215
88,195574,1353,1,1,1651,2135
92,195699,514,1,1,827,1532
92,195903,386,1,1,691,1362
95,196080,1740,1,1,2058,2087
92,196240,1374,1,1,1669,1594
90,196415,382,1,1,691,1374
96,196420,79,1,1,373,1184
90,196425,1335,1,1,1634,1674
97,196570,646,1,1,939,1316
91,196640,385,1,1,691,1499
96,196795,516,1,1,825,1321
94,196977,1530,1,1,1835,2110
89,197004,513,1,1,822,1430
97,197151,1429,1,1,1739,1698
87,197221,1414,1,1,1720,1777
93,197286,1355,1,1,1651,1587
93,197686,347,1,1,656,1446
91,197705,990,1,1,1331,2548
92,197933,433,1,1,748,1293
88,197950,621,1,1,913,729
97,198103,519,1,1,827,1308
91,198206,1528,1,1,1848,1781
95,198208,1018,1,1,1321,1231
90,198366,385,1,1,691,1362
91,198566,518,1,1,827,2151
98,198569,643,1,1,937,1418
97,198621,1717,1,1,2039,2201
92,198691,388,1,1,691,986
94,198814,455,1,1,772,1528
90,198949,972,1,1,1411,4096
94,199196,403,1,1,717,1510
89,199346,647,1,1,939,1396
92,199538,615,1,1,934,1332
96,199654,68,1,1,373,1446
98,199747,379,1,1,691,1644
92,199774,618,1,1,933,1208
93,199840,619,1,1,931,1907
91,199935,368,1,1,676,1569
93,199999,953,1,1,1408,4096
93,200085,520,1,1,827,1394
99,200118,516,1,1,824,1549
96,200176,970,1,1,1411,4096
91,200465,519,1,1,827,1516
98,200666,925,1,1,1380,4096
98,200724,1347,1,1,1655,2103
95,200783,1326,1,1,1625,1969
93,200807,503,1,1,818,1269
90,200926,508,1,1,821,1580
95,200935,519,1,1,827,1739
97,201312,1356,1,1,1651,1658
92,201321,504,1,1,815,1386
94,201428,386,1,1,691,1429
94,201482,1922,1,1,2215,1642
94,201543,621,1,1,939,1458
100,201823,458,1,1,775,1705
99,201858,1753,1,1,2064,2111
92,201942,387,1,1,691,1477
99,202010,806,1,1,1125,1286
97,202051,1257,1,1,1588,1875
99,202184,608,1,1,925,1518
94,202218,315,1,1,624,1411
93,202223,1358,1,1,1655,2449
96,202233,388,1,1,691,1298
91,202715,1351,1,1,1651,1789
98,202895,1344,1,1,1645,1583
93,202921,503,1,1,813,1600
100,202991,515,1,1,827,1133
95,203041,516,1,1,827,1559
95,203339,79,1,1,373,1121
93,203381,1451,1,1,1749,1439
94,203672,516,1,1,827,1449
97,203803,496,1,1,807,1570
101,203830,1376,1,1,1682,2007
95,203899,1349,1,1,1651,2471
92,203904,621,1,1,913,1189
96,203961,510,1,1,822,3178
96,204278,368,1,1,677,1237
94,204338,406,1,1,709,1417
101,204432,406,1,1,709,1441
94,204727,1282,1,1,1591,1346
95,205011,640,1,1,939,1339
96,205089,1333,1,1,1651,1750
98,205144,645,1,1,938,1341
99,205164,1405,1,1,1749,2269
102,205210,451,1,1,764,1380
96,205343,470,1,1,780,1444
97,205371,1139,1,1,1445,1410
95,205639,956,1,1,1411,4096
93,205679,1353,1,1,1651,1775
100,206106,940,1,1,1405,4096
102,206130,624,1,1,939,1698
98,206147,962,1,1,1411,4096
95,206197,1440,1,1,1738,1859
97,206235,1748,1,1,2056,1957
100,206280,952,1,1,1402,4096
100,206618,1531,1,1,1834,1454
95,206699,1523,1,1,1830,1972
103,206889,647,1,1,939,759
96,206895,434,1,1,763,1884
97,206998,1174,1,1,1502,1909
103,207043,1451,1,1,1749,1833
94,207086,1326,1,1,1628,1407
97,207139,1339,1,1,1642,1796
96,207313,624,1,1,941,1674
96,207416,1359,1,1,1654,1219
99,207429,1412,1,1,1749,2285
98,207592,504,1,1,813,1357
98,207606,1249,1,1,1592,2235
101,207717,390,1,1,695,1437
99,207839,1450,1,1,1749,1692
101,207892,1007,1,1,1335,1786
98,208008,647,1,1,939,869
97,208154,1339,1,1,1651,1259
104,208210,648,1,1,941,1167
98,208387,517,1,1,827,1389
104,208507,1727,1,1,2051,1618
101,208597,1335,1,1,1641,1979
96,208622,418,1,1,733,1923
95,208751,444,1,1,759,1665
102,208926,372,1,1,679,1209
100,208929,423,1,1,736,1500
97,209041,1254,1,1,1566,1625
99,209099,370,1,1,677,1493
97,209185,1227,1,1,1539,1872
99,209357,517,1,1,826,1349
105,209512,646,1,1,939,1302
100,209631,1449,1,1,1749,1792
98,209696,1594,1,1,1904,1542
102,209879,1322,1,1,1660,1987
99,209901,1237,1,1,1570,2309
101,209903,446,1,1,760,974
97,210379,388,1,1,693,1757
100,210452,492,1,1,800,1353
103,210789,1209,1,1,1539,1863
102,210804,1520,1,1,1832,2207
98,210873,1552,1,1,1856,1688
106,211190,625,1,1,942,1678
99,211230,1259,1,1,1645,2843
100,211345,1482,1,1,1825,1988
99,211647,1346,1,1,1648,1951
100,211669,1345,1,1,1643,1768
101,211873,1452,1,1,1749,1421
99,211919,78,1,1,373,1046
103,211927,1174,1,1,1502,2048
102,212031,1360,1,1,1655,2128
98,212131,1450,1,1,1749,1752
104,212333,517,1,1,827,1544
105,212603,949,1,1,1408,4096
96,212847,956,1,1,1406,4096
100,213011,1115,1,1,1445,1781
107,213099,1743,1,1,2062,1909
101,213127,516,1,1,827,1458
98,213137,983,1,1,1401,4096
101,213363,731,1,1,1054,2018
100,213482,519,1,1,828,1563
99,213639,519,1,1,827,1508
104,213655,1362,1,1,1657,1728
102,213677,1350,1,1,1650,1804
101,213727,959,1,1,1407,4096
100,213843,1778,1,1,2138,2196
105,214009,1448,1,1,1749,1676
106,214060,426,1,1,746,1457
103,214093,1503,1,1,1846,2062
101,214389,362,1,1,669,1378
97,214503,1350,1,1,1648,1656
102,214556,519,1,1,827,1429
108,214844,615,1,1,940,1745
103,214900,952,1,1,1407,4096
100,214919,505,1,1,814,1280
107,214919,79,1,1,373,859
102,215018,304,1,1,615,1655
101,215170,1334,1,1,1636,1688
101,215397,404,1,1,707,1554
99,215471,1987,1,1,2317,2334
102,215474,1252,1,1,1584,1747
105,215537,372,1,1,695,1882
103,215653,1311,1,1,1653,1976
102,215831,1355,1,1,1651,1442
98,216033,496,1,1,806,1530
104,216143,1444,1,1,1742,2050
108,216460,488,1,1,800,1541
102,216489,385,1,1,690,1092
104,216508,517,1,1,827,1608
101,216509,508,1,1,818,1590
102,216598,518,1,1,827,1428
100,216801,620,1,1,936,1330
106,216977,1451,1,1,1749,1440
106,217269,1908,1,1,2203,3260
103,217285,1207,1,1,1539,1811
109,217329,1912,1,1,2203,2485
104,217549,1173,1,1,1502,1896
99,217659,1599,1,1,1902,1626
103,217702,5001,1,2,294,3146
109,217929,466,1,1,778,1469
107,218035,621,1,1,913,766
105,218141,1752,1,1,2059,1998
107,218470,402,1,1,709,1493
101,218479,488,1,1,800,1678
103,218577,1752,1,1,2058,1979
104,218580,434,1,1,747,1295
103,218735,1306,1,1,1651,2246
105,218850,1340,1,1,1637,1301
103,219114,954,1,1,1409,4096
110,219174,386,1,1,691,1245
104,219233,363,1,1,669,1531
100,219276,1353,1,1,1664,1617
108,219789,801,1,1,1125,1754
103,219927,971,1,1,1403,4096
105,220160,497,1,1,806,1580
108,220180,403,1,1,709,1710
102,220230,1418,1,1,1718,1751
106,220334,1300,1,1,1639,2193
106,220494,1359,1,1,1662,1644
104,220510,1423,1,1,1731,1933
101,220512,516,1,1,827,1236
105,220604,968,1,1,1410,4096
102,220605,955,1,1,1407,4096
111,220633,1283,1,1,1592,1459
104,220667,494,1,1,809,1553
105,220671,357,1,1,663,1438
104,221376,622,1,1,935,1449
110,221425,955,1,1,1407,4096
107,221666,822,1,1,1125,1332
103,221765,1720,1,1,2047,1535
112,221829,639,1,1,944,1196
109,221853,1027,1,1,1331,1673
106,221912,516,1,1,822,1241
106,222017,1445,1,1,1749,1857
109,222056,1750,1,1,2057,2267
102,222156,1727,1,1,2059,1644
105,222302,1322,1,1,1621,1635
107,222500,506,1,1,830,2006
105,222738,594,1,1,935,2228
105,222785,506,1,1,815,1409
104,222831,938,1,1,1394,4096
103,222943,1992,1,1,2317,2338
111,222953,426,1,1,738,1528
113,223210,1341,1,1,1639,1381
108,223522,1345,1,1,1644,1856
107,223572,447,1,1,760,1660
104,223645,1138,1,1,1445,1880
110,223676,616,1,1,940,1823
103,223790,440,1,1,755,1634
107,223792,1350,1,1,1651,1775
104,224159,1196,1,1,1504,1216
106,224162,1256,1,1,1589,1860
106,224164,518,1,1,827,1426
108,224201,1338,1,1,1634,1701
105,224476,1829,1,1,2138,1645
106,224700,951,1,1,1406,4096
112,224776,1355,1,1,1651,1823
111,225011,501,1,1,810,1335
108,225012,649,1,1,941,1440
114,225023,1748,1,1,2058,1813
106,225077,1258,1,1,1590,2292
105,225090,404,1,1,719,1445
104,225465,421,1,1,737,1675
109,225518,1515,1,1,1826,1996
107,225616,385,1,1,691,1452
108,225664,1004,1,1,1331,1872
105,225872,1341,1,1,1653,1713
113,226092,381,1,1,686,1316
110,226152,1943,1,1,2367,4096
109,226236,1308,1,1,1646,2035
106,226276,1337,1,1,1653,1800
107,226462,1337,1,1,1651,2300
109,226597,518,1,1,827,1585
106,226607,788,1,1,1106,1517
112,226837,1524,1,1,1832,1826
115,226936,1318,1,1,1655,1913
110,227007,389,1,1,695,1489
108,227009,389,1,1,693,1393
107,227167,1366,1,1,1671,2090
105,227303,1354,1,1,1651,1838
106,227478,827,1,1,1125,1606
111,227856,472,1,1,785,1704
109,227898,1719,1,1,2048,2234
110,227936,805,1,1,1125,1339
114,228002,1549,1,1,1850,1910
110,228142,500,1,1,818,1906
108,228268,494,1,1,806,1806
111,228427,828,1,1,1125,1420
113,228436,1725,1,1,2047,1599
107,228470,1250,1,1,1588,2194
106,228549,1452,1,1,1749,1246
107,228647,456,1,1,771,2040
107,228796,987,1,1,1411,4096
109,228911,1452,1,1,1749,1902
108,228996,400,1,1,703,1829
112,229345,1352,1,1,1651,1489
109,229412,77,1,1,373,1144
107,229691,1249,1,1,1582,2213
114,229880,513,1,1,820,1444
110,229888,1167,1,1,1502,1990
107,229965,523,1,1,829,1416
115,229997,1827,1,1,2138,1995
109,230251,1275,1,1,1584,1255
110,230314,514,1,1,822,1403
111,230564,1912,1,1,2203,2422
108,230617,1452,1,1,1749,1970
113,230635,602,1,1,913,1290
112,230827,1696,1,1,2053,2400
108,230948,1729,1,1,2058,2478
110,230998,387,1,1,691,1586
116,231032,968,1,1,1411,4096
111,231222,512,1,1,821,1334
115,231338,500,1,1,808,1458
116,231532,503,1,1,813,1535
110,231640,385,1,1,691,1389
108,231718,1599,1,1,1902,2027
114,231736,520,1,1,827,1101
111,232032,960,1,1,1411,4096
109,232119,512,1,1,822,1502
111,232150,1241,1,1,1570,1836
108,232183,1490,1,1,1836,2218
112,232310,1754,1,1,2059,1746
116,232707,1756,1,1,2064,1369
112,232805,476,1,1,789,1583
109,232828,1451,1,1,1749,1880
113,232889,468,1,1,806,2062
108,232892,941,1,1,1396,4096
117,232906,1255,1,1,1589,1874
111,233115,1336,1,1,1636,1475
109,233440,354,1,1,675,1722
109,233616,384,1,1,690,1433
113,233709,457,1,1,770,1399
112,233746,510,1,1,827,1714
112,233848,619,1,1,941,1698
117,233879,4923,1,2,215,2347
114,234054,390,1,1,694,1165
110,234063,1366,1,1,1666,1944
117,234094,385,1,1,691,1387
118,234306,434,1,1,750,1400
113,234655,1554,1,1,1854,1850
118,234971,645,1,1,939,1092
111,235094,1944,1,1,2371,4096
110,235099,1433,1,1,1749,2271
115,235131,520,1,1,827,1077
110,235134,1374,1,1,1669,1518
114,235166,504,1,1,814,1457
110,235279,1880,1,1,2194,1839
113,235593,1545,1,1,1849,1847
113,235660,1889,1,1,2203,1812
115,235832,960,1,1,1411,4096
118,236234,1749,1,1,2060,2140
119,236295,417,1,1,752,1989
114,236339,828,1,1,1125,1684
116,236612,502,1,1,813,1481
119,236641,509,1,1,818,1670
111,236823,1452,1,1,1749,1544
111,236833,1737,1,1,2064,1734
115,236857,800,1,1,1125,1691
114,236983,525,1,1,832,1390
109,236988,1940,1,1,2364,4096
112,237211,955,1,1,1411,4096
114,237666,1834,1,1,2141,2006
116,237686,1535,1,1,1854,1854
120,237853,347,1,1,659,1558
117,238037,475,1,1,785,1425
111,238159,963,1,1,1411,4096
120,238189,1349,1,1,1653,1548
119,238380,1118,1,1,1456,2146
115,238539,500,1,1,811,2200
115,238583,1356,1,1,1651,1600
112,238597,1357,1,1,1654,1774
116,238627,1316,1,1,1651,1770
117,238871,645,1,1,939,1185
113,238955,1440,1,1,1739,1744
110,238998,1248,1,1,1583,2010
112,239063,497,1,1,805,2230
121,239117,471,1,1,783,1264
112,239190,949,1,1,1404,4096
111,239230,1925,1,1,2366,4096
115,239484,1173,1,1,1504,1818
116,239724,1281,1,1,1591,1185
112,240028,1350,1,1,1651,1869
121,240059,1355,1,1,1651,1870
120,240123,1242,1,1,1584,1743
122,240475,516,1,1,825,1358
118,240551,1604,1,1,1915,2514
116,240554,1750,1,1,2064,1971
118,240843,1592,1,1,1896,1972
114,241105,1746,1,1,2058,2150
117,241134,1665,1,1,2010,2507
112,241141,1188,1,1,1523,1911
113,241150,1453,1,1,1749,2087
116,241324,1908,1,1,2213,1840
113,241396,448,1,1,762,1368
113,241433,516,1,1,827,2243
122,242146,1924,1,1,2216,2087
119,242328,458,1,1,774,1485
117,242489,495,1,1,810,1935
123,242527,1352,1,1,1651,2052
118,242614,507,1,1,815,1480
119,242639,1755,1,1,2064,2088
113,242693,949,1,1,1404,4096
113,242964,1316,1,1,1651,1823
115,243040,1574,1,1,1890,1935
111,243094,952,1,1,1407,4096
114,243163,1531,1,1,1832,2013
114,243303,1608,1,1,1909,1907
123,243426,460,1,1,774,1280
120,243445,827,1,1,1125,1117
117,243488,1314,1,1,1651,2164
118,243715,79,1,1,373,1226
117,243820,961,1,1,1408,4096
114,243827,519,1,1,827,1134
114,244045,1819,1,1,2138,2612
116,244093,514,1,1,823,1053
121,244219,1948,1,1,2369,4096
120,244292,501,1,1,809,1653
119,244311,515,1,1,825,1697
124,244368,1236,1,1,1569,1841
114,244374,641,1,1,933,1410
115,244892,1356,1,1,1655,1729
118,245077,1360,1,1,1655,1589
119,245094,488,1,1,798,1379
121,245113,477,1,1,795,1668
115,245420,488,1,1,800,1593
115,245445,494,1,1,805,1400
121,245755,508,1,1,816,1463
117,246034,1313,1,1,1651,1941
122,246086,652,1,1,944,973
118,246128,1514,1,1,1856,2308
122,246138,1538,1,1,1840,1919
116,246309,486,1,1,795,1417
120,246620,1541,1,1,1844,2309
125,246674,1790,1,1,2138,2306
115,247020,1961,1,1,2317,2646
120,247050,1751,1,1,2058,1956
115,247133,1755,1,1,2064,3830
112,247190,951,1,1,1401,4096
116,247202,1547,1,1,1848,1757
122,247367,1535,1,1,1836,1612
124,247458,4996,1,2,288,4032
118,247602,500,1,1,813,1568
123,247853,516,1,1,827,1715
121,247929,387,1,1,691,1309
119,248168,1544,1,1,1889,2040
116,248191,1019,1,1,1324,1058
121,248355,462,1,1,773,1305
117,248423,1736,1,1,2052,2114
123,248465,1514,1,1,1825,2379
113,248858,1195,1,1,1502,1668
123,249066,1531,1,1,1832,1699
125,249138,1304,1,1,1642,1680
119,249148,1447,1,1,1747,1546
119,249173,981,1,1,1411,4096
117,249380,645,1,1,937,1189
116,249414,1732,1,1,2046,2394
116,249516,956,1,1,1408,4096
124,249585,1158,1,1,1467,1732
122,249902,1597,1,1,1903,1973
120,250074,78,1,1,373,926
124,250116,390,1,1,694,1050
124,250211,1350,1,1,1651,1746
122,250213,1449,1,1,1746,1858
118,250218,647,1,1,939,838
114,250423,1357,1,1,1654,1565
118,250436,1749,1,1,2059,2013
120,250593,487,1,1,796,1420
126,250651,1356,1,1,1651,1513
126,250770,966,1,1,1411,4096
117,250821,641,1,1,933,1305
123,251020,383,1,1,691,807
125,251278,1448,1,1,1749,1693
117,251298,954,1,1,1409,4096
123,251476,1193,1,1,1502,1574
121,251712,1546,1,1,1847,1638
125,251735,614,1,1,935,1619
125,251787,616,1,1,934,1576
119,251914,1176,1,1,1502,1696
121,251986,391,1,1,694,1393
127,252080,500,1,1,809,1310
119,252097,1510,1,1,1813,1661
118,252142,79,1,1,373,844
120,252264,1956,1,1,2367,4096
124,252405,519,1,1,826,1385
126,252796,461,1,1,774,1518
126,253015,510,1,1,819,1280
124,253062,1611,1,1,1912,1586
118,253111,1538,1,1,1840,2290
122,253264,1509,1,1,1814,1552
126,253504,1003,1,1,1331,1717
117,253510,949,1,1,1400,4096
119,253560,483,1,1,793,1418
120,253657,1451,1,1,1749,1743
120,253780,1600,1,1,1903,1683
127,254189,387,1,1,691,1174
115,254519,956,1,1,1411,4096
128,254554,1548,1,1,1851,2474
123,254599,494,1,1,802,1335
127,254747,962,1,1,1410,4096
119,254829,1451,1,1,1749,1718
125,254905,1749,1,1,2064,2500
127,255030,617,1,1,935,1526
121,255057,406,1,1,709,1400
120,255060,387,1,1,691,1500
121,255315,1355,1,1,1651,1535
128,255672,1452,1,1,1749,1483
124,256012,371,1,1,678,1413
122,256082,957,1,1,1411,4096
128,256121,391,1,1,694,1374
122,256198,1278,1,1,1587,1141
121,256328,1193,1,1,1502,1268
121,256360,958,1,1,1408,4096
126,256498,471,1,1,781,1593
116,256502,1586,1,1,1891,1983
128,256535,625,1,1,939,1505
127,256536,1354,1,1,1651,3740
129,256568,1509,1,1,1826,2014
120,256769,1168,1,1,1504,1940
129,256963,500,1,1,808,1291
125,257158,962,1,1,1409,4096
118,257606,730,1,1,1180,4096
123,257667,481,1,1,793,1469
129,257741,518,1,1,827,1620
125,258013,1234,1,1,1571,2001
130,258124,448,1,1,762,1556
127,258193,1376,1,1,1678,1695
122,258402,1534,1,1,1846,2042
129,258430,1168,1,1,1502,1895
121,258738,1752,1,1,2064,1969
122,258758,1751,1,1,2058,2430
124,258953,407,1,1,709,1286
130,258954,1522,1,1,1833,1991
122,259411,946,1,1,1401,4096
119,259501,1826,1,1,2138,1895
130,259566,1754,1,1,2064,1825
128,259642,409,1,1,724,1449
131,259727,1175,1,1,1504,1603
126,259942,1741,1,1,2047,1929
123,260178,952,1,1,1407,4096
131,260311,1338,1,1,1651,1357
123,260429,1827,1,1,2138,2027
123,260453,1552,1,1,1854,1695
130,260489,1742,1,1,2048,2059
117,260598,1931,1,1,2360,4096
128,260632,956,1,1,1411,4096
129,260724,79,1,1,373,1082
125,260797,1178,1,1,1504,1844
131,261020,1433,1,1,1735,1454
126,261254,955,1,1,1410,4096
123,261274,1739,1,1,2048,1863
127,261355,409,1,1,724,1413
120,261361,1985,1,1,2302,1860
122,261372,4991,1,2,283,2634
129,262180,624,1,1,939,1548
127,262242,645,1,1,938,988
124,262337,1541,1,1,1843,1884
128,262383,79,1,1,373,1028
118,262404,1433,1,1,1731,1806
130,262531,1450,1,1,1749,1807
121,262649,497,1,1,805,1288
124,262676,1821,1,1,2138,2247
131,262868,1349,1,1,1646,2379
132,262885,1758,1,1,2064,1865
124,262971,1195,1,1,1502,1697
123,263184,1260,1,1,1569,1812
132,263823,959,1,1,1409,4096
125,263917,489,1,1,798,1580
119,263937,2023,1,1,2317,1533
128,263966,1354,1,1,1651,1724
130,264143,1743,1,1,2052,1963
124,264274,956,1,1,1411,4096
132,264407,1947,1,1,2362,4096
122,264464,1600,1,1,1902,1815
125,264704,1344,1,1,1651,1733
124,264746,626,1,1,939,1562
131,264822,1890,1,1,2213,2291
133,264858,1599,1,1,1912,1973
126,264893,942,1,1,1397,4096
129,264993,5007,1,2,299,2610
125,265338,1356,1,1,1655,2662
132,265672,5005,1,2,297,2804
120,265675,1177,1,1,1502,1738
129,265782,1754,1,1,2064,1816
131,265811,1755,1,1,2064,1668
133,265818,1360,1,1,1656,1995
125,265912,1354,1,1,1651,1638
126,266116,824,1,1,1125,1412
133,266170,1453,1,1,1749,1763
127,266318,396,1,1,702,1425
123,266346,1369,1,1,1664,1882
125,266377,78,1,1,373,1631
134,266394,1591,1,1,1895,1536
130,266517,647,1,1,939,735
133,266883,79,1,1,373,1211
132,266916,1409,1,1,1749,2094
121,267175,1532,1,1,1848,1500
134,267203,642,1,1,934,1033
126,267252,1448,1,1,1748,1914
130,267253,1726,1,1,2055,2260
126,267415,485,1,1,794,1503
132,267464,1544,1,1,1846,1653
134,267624,520,1,1,827,1806
127,267673,1889,1,1,2203,1557
126,267897,1543,1,1,1844,1520
126,268013,1947,1,1,2357,4096
133,268097,641,1,1,933,1181
128,268174,1747,1,1,2058,1856
124,268248,609,1,1,941,1902
135,268252,1747,1,1,2058,1858
135,268353,406,1,1,709,1150
131,268436,1747,1,1,2058,1919
134,268471,487,1,1,800,1588
127,268706,485,1,1,800,1454
127,268736,640,1,1,937,839
122,268912,418,1,1,733,1737
127,269109,1608,1,1,1915,1694
131,269309,1104,1,1,1445,2056
136,269358,636,1,1,928,1106
135,269476,1884,1,1,2198,1852
129,269491,406,1,1,709,1317
128,269548,1535,1,1,1838,1875
136,270222,1754,1,1,2064,1869
135,270534,1893,1,1,2213,2063
137,270592,519,1,1,827,1234
128,270804,1621,1,1,1954,2098
132,270848,1743,1,1,2058,2412
129,271055,1356,1,1,1651,1507
132,271096,1450,1,1,1748,1787
136,271192,805,1,1,1125,1716
123,271292,1991,1,1,2317,2380
127,271305,1884,1,1,2213,3292
133,271560,958,1,1,1411,4096
130,271726,1889,1,1,2213,2235
134,272193,950,1,1,1405,4096
137,272287,1535,1,1,1837,2065
125,272344,959,1,1,1411,4096
133,272357,499,1,1,810,1509
138,272417,1753,1,1,2059,1825
134,272761,79,1,1,373,1201
128,272832,963,1,1,1411,4096
133,273026,1740,1,1,2059,1930
131,273156,78,1,1,373,1430
128,273205,1935,1,1,2351,4096
137,273268,1757,1,1,2064,2076
124,273402,1298,1,1,1633,2110
128,273544,1753,1,1,2060,2239
138,273557,1451,1,1,1749,1270
130,273581,1703,1,1,2050,2526
135,273644,521,1,1,828,1451
126,273780,828,1,1,1125,1436
129,273977,5066,1,2,375,3173
139,274351,1351,1,1,1651,1934
134,274364,1727,1,1,2036,2007
138,274584,1276,1,1,1587,1316
136,274630,1908,1,1,2363,4096
129,274686,1829,1,1,2138,1854
135,274735,1311,1,1,1627,1974
129,275064,1176,1,1,1502,1859
132,275109,1511,1,1,1848,1953
129,275141,1334,1,1,1632,1597
127,275205,1354,1,1,1651,1425
125,275276,1407,1,1,1708,1874
139,275404,1252,1,1,1583,1847
131,275496,1745,1,1,2052,1915
134,275553,1977,1,1,2301,2527
130,275556,1531,1,1,1833,1579
136,275578,1320,1,1,1651,1934
137,276055,385,1,1,691,1425
136,276132,645,1,1,939,1397
139,276226,622,1,1,941,1642
135,276278,1728,1,1,2048,1914
130,276667,1255,1,1,1587,1981
133,276690,420,1,1,733,1581
130,276971,1912,1,1,2203,1830
131,277128,805,1,1,1125,1572
140,277283,1352,1,1,1651,1879
126,277324,1253,1,1,1584,2048
135,277379,1822,1,1,2138,1826
137,277414,79,1,1,373,1282
137,277494,1235,1,1,1570,1916
128,277505,1789,1,1,2138,2300
138,277734,1346,1,1,1651,1679
136,278325,1592,1,1,1903,2047
131,278374,1865,1,1,2203,1707
134,278433,1344,1,1,1642,1743
140,278447,941,1,1,1396,4096
131,278757,1758,1,1,2064,1786
141,278804,1752,1,1,2058,1521
127,278816,1356,1,1,1651,1492
132,278843,1548,1,1,1850,1715
130,279160,948,1,1,1402,4096
129,279181,620,1,1,931,1676
136,279194,1353,1,1,1651,1815
138,279312,1169,1,1,1502,1898
139,279371,1349,1,1,1646,1637
137,279384,649,1,1,941,1059
132,279592,930,1,1,1385,4096
140,279662,5085,1,2,382,3436
138,279717,1742,1,1,2058,2223
135,280108,382,1,1,691,1675
141,280245,1532,1,1,1834,1798
142,280391,424,1,1,737,1587
128,280466,808,1,1,1125,1650
133,280715,1536,1,1,1839,1872
137,280731,1355,1,1,1651,1537
132,280744,1751,1,1,2058,1987
139,280765,376,1,1,682,1453
130,280890,1452,1,1,1749,1709
131,281046,1606,1,1,1909,1886
140,281202,1543,1,1,1845,1831
133,281294,1355,1,1,1651,1702
138,281502,1536,1,1,1845,2118
139,281585,1544,1,1,1847,1868
143,281704,381,1,1,688,1313
136,281708,642,1,1,934,1600
141,281877,1876,1,1,2203,2215
142,281962,2022,1,1,2317,1717
134,282162,497,1,1,807,1447
133,282408,1919,1,1,2213,1664
132,282470,961,1,1,1411,4096
132,282535,405,1,1,709,1489
129,282598,1531,1,1,1833,2132
140,282694,1315,1,1,1651,1929
138,282706,1353,1,1,1651,1975
141,282722,1450,1,1,1749,1520
134,282763,519,1,1,827,1469
131,282849,1740,1,1,2054,1959
144,282966,407,1,1,709,1262
137,283316,1451,1,1,1749,1608
139,283406,1258,1,1,1587,1904
140,283442,1511,1,1,1847,1857
142,283506,1355,1,1,1651,1629
135,283771,1752,1,1,2058,1609
143,283895,1747,1,1,2056,1933
139,283994,639,1,1,932,1288
134,284246,1239,1,1,1570,1838
130,284462,1752,1,1,2058,1864
142,284587,1333,1,1,1632,1865
133,284608,1713,1,1,2058,2138
132,284691,1536,1,1,1839,1842
141,284716,1829,1,1,2138,2022
141,284943,474,1,1,786,1501
145,285059,1748,1,1,2058,2093
144,285704,1450,1,1,1749,1809
136,285722,1829,1,1,2138,1951
140,285762,1893,1,1,2203,1768
138,285875,5179,1,2,475,2559
131,285923,1356,1,1,1652,1461
134,286218,1342,1,1,1646,1610
143,286219,1345,1,1,1643,1632
133,286423,1894,1,1,2203,1732
133,286631,954,1,1,1409,4096
146,286722,1887,1,1,2203,1663
142,286733,1608,1,1,1909,1790
142,286809,1734,1,1,2052,2093
135,286859,956,1,1,1406,4096
139,287368,1453,1,1,1749,1493
140,287502,953,1,1,1408,4096
145,287533,1759,1,1,2064,1829
132,287588,1749,1,1,2056,1665
143,287602,1958,1,1,2369,4096
141,287714,1999,1,1,2297,1952
147,287822,829,1,1,1125,1100
137,287864,1496,1,1,1836,2142
134,288178,1444,1,1,1746,1755
134,288221,1828,1,1,2138,1590
135,288342,963,1,1,1411,4096
144,288468,5007,1,2,299,2249
143,288805,1828,1,1,2138,2072
143,288808,1881,1,1,2203,1999
146,288858,1451,1,1,1748,1325
136,288914,1282,1,1,1622,2055
140,288925,1593,1,1,1896,1557
144,288960,521,1,1,827,1358
142,289040,1260,1,1,1570,1326
148,289298,1353,1,1,1651,1476
135,289619,620,1,1,913,1398
136,289940,1542,1,1,1843,1598
144,290235,518,1,1,827,1430
135,290311,1885,1,1,2203,2133
135,290314,1921,1,1,2371,4096
144,290448,1742,1,1,2052,1640
147,290483,1356,1,1,1653,1625
145,290542,1315,1,1,1651,2074
141,290607,1354,1,1,1651,1682
136,290912,385,1,1,691,1293
145,290991,1718,1,1,2026,2031
137,291194,1806,1,1,2127,2280
141,291598,1944,1,1,2371,4096
137,291619,1415,1,1,1713,1679
133,291684,954,1,1,1408,4096
136,291744,1453,1,1,1749,1433
145,291772,1447,1,1,1749,1537
143,291891,5069,1,2,363,2851
138,291960,1935,1,1,2368,4096
148,292051,1350,1,1,1651,1568
149,292059,5070,1,2,363,2761
136,292250,1751,1,1,2058,1936
137,292673,1882,1,1,2191,1761
138,292995,1599,1,1,1904,1801
142,293093,505,1,1,815,1495
146,293130,1356,1,1,1655,1358
142,293142,4999,1,2,292,2535
137,293291,1912,1,1,2203,1547
134,293352,1532,1,1,1833,1668
139,293442,457,1,1,771,1482
138,293536,1239,1,1,1570,1917
144,293576,1359,1,1,1655,1685
146,293638,5006,1,2,299,2647
149,293651,1322,1,1,1622,1600
137,293777,1374,1,1,1669,1527
139,294033,824,1,1,1125,1038
145,294544,959,1,1,1406,4096
150,294595,5005,1,2,299,2536
147,294633,1358,1,1,1653,1503
146,294638,943,1,1,1390,4096
138,294705,1314,1,1,1651,2032
135,295051,1354,1,1,1650,1699
139,295219,1529,1,1,1833,1683
143,295336,1304,1,1,1651,2194
145,295351,1598,1,1,1903,1775
150,295804,1528,1,1,1830,2153
143,295852,5070,1,2,363,2759
140,295986,1351,1,1,1651,1953
148,296433,1328,1,1,1632,1800
147,296511,4922,1,2,215,2873
146,296528,1274,1,1,1583,1177
147,296570,1322,1,1,1622,1932
146,296592,1740,1,1,2058,2048
139,296858,1985,1,1,2307,2153
140,297132,1831,1,1,2138,1913
144,297367,1451,1,1,1749,2031
138,297387,1974,1,1,2370,4096
140,297538,958,1,1,1408,4096
151,297565,1743,1,1,2058,2970
144,297677,1424,1,1,1726,1825
138,297873,944,1,1,1399,4096
147,297932,829,1,1,1125,1340
141,298036,1825,1,1,2138,2050
151,298258,1890,1,1,2203,2454
147,298460,1743,1,1,2056,1932
139,298547,646,1,1,938,1160
148,298700,1744,1,1,2058,2130
140,298750,1825,1,1,2138,1892
149,298838,1351,1,1,1651,2405
141,299005,1453,1,1,1749,1873
136,299147,1940,1,1,2367,4096
148,299713,489,1,1,814,1781
139,299910,1355,1,1,1651,2037
152,300003,1337,1,1,1651,1745
148,300100,5068,1,2,363,3589
141,300352,5070,1,2,363,2814
150,300436,1451,1,1,1747,1598
145,300440,5007,1,2,299,3073
140,300552,1895,1,1,2213,2005
149,300777,1380,1,1,1718,2077
141,301077,4922,1,2,215,2327
137,301121,1446,1,1,1747,1974
149,301552,1555,1,1,1855,1452
142,301564,5070,1,2,363,2559
140,301588,1744,1,1,2052,1678
153,301636,1448,1,1,1749,1633
152,301661,950,1,1,1405,4096
141,301723,79,1,1,373,1171
145,301773,1948,1,1,2370,4096
149,301928,1792,1,1,2138,2215
142,302132,950,1,1,1405,4096
146,302396,1898,1,1,2213,1956
148,302556,949,1,1,1404,4096
142,302947,2008,1,1,2303,1870
138,302998,1338,1,1,1651,1877
150,303039,1354,1,1,1651,1487
142,303239,1355,1,1,1651,1516
150,303493,617,1,1,935,1565
141,303878,1356,1,1,1651,2290
146,303938,1447,1,1,1749,2165
150,304117,5158,1,2,454,3340
147,304181,1352,1,1,1651,1785
154,304237,5059,1,2,354,2601
143,304280,5004,1,2,299,2716
142,304448,950,1,1,1402,4096
151,304532,1960,1,1,2371,4096
139,304749,1443,1,1,1740,1751
143,304752,499,1,1,810,2620
151,304867,1532,1,1,1833,1828
144,305094,646,1,1,938,814
148,305438,642,1,1,935,1257
140,305695,826,1,1,1125,946
151,305748,428,1,1,743,1631
153,305757,943,1,1,1409,4096
143,305927,1451,1,1,1749,1479
152,306303,1352,1,1,1651,1771
152,306386,432,1,1,751,1519
147,306478,5026,1,2,319,2540
149,306652,951,1,1,1406,4096
144,306720,1424,1,1,1733,1968
149,306841,405,1,1,709,1403
143,307043,945,1,1,1405,4096
141,307220,515,1,1,827,1525
143,307335,948,1,1,1403,4096
154,307376,1912,1,1,2203,1619
152,307440,1353,1,1,1651,1692
151,307589,955,1,1,1396,4096
142,307974,961,1,1,1411,4096
144,308103,1881,1,1,2213,2176
142,308118,619,1,1,912,898
150,308317,806,1,1,1125,1665
155,308333,957,1,1,1411,4096
150,308400,635,1,1,932,1559
153,308576,1889,1,1,2213,2190
145,308721,1826,1,1,2138,2001
153,308987,5051,1,2,344,2684
145,309190,2052,1,1,2371,4096
155,309268,1741,1,1,2058,1892
151,309523,651,1,1,943,1123
144,309751,4990,1,2,283,2416
152,309822,1744,1,1,2058,2233
156,309962,1749,1,1,2058,1629
143,310101,1902,1,1,2213,1983
154,310196,807,1,1,1125,1620
156,310202,639,1,1,931,934
145,310231,1699,1,1,2047,2128
148,310574,1942,1,1,2371,4096
146,310773,1921,1,1,2213,2052
154,310807,1531,1,1,1832,1820
152,311057,1139,1,1,1445,1534
144,311061,641,1,1,933,960
144,311139,996,1,1,1409,4096
157,311359,452,1,1,764,1397
153,311381,1350,1,1,1651,1559
157,311475,387,1,1,691,1273
153,311536,959,1,1,1411,4096
155,311771,1912,1,1,2203,1575
145,311886,1860,1,1,2212,2135
143,312070,1975,1,1,2371,4096
146,312075,1172,1,1,1502,1844
151,312413,977,1,1,1411,4096
158,312446,1274,1,1,1583,1087
149,312685,1731,1,1,2057,2111
155,312963,1864,1,1,2216,2156
147,312982,1912,1,1,2203,2209
158,313029,627,1,1,940,1554
154,313112,1828,1,1,2138,1731
153,313187,1347,1,1,1651,2130
146,313286,949,1,1,1404,4096
154,313298,1337,1,1,1638,1762
156,313325,1738,1,1,2048,1554
145,313661,1742,1,1,2058,2600
145,313712,4998,1,2,290,2573
152,313822,463,1,1,787,1409
147,313824,1738,1,1,2047,1749
146,313873,1656,1,1,1971,1987
155,314598,649,1,1,941,1300
148,314871,1827,1,1,2138,1889
154,314943,1253,1,1,1583,1756
157,315226,1355,1,1,1651,1901
159,315244,1898,1,1,2213,2215
156,315347,5013,1,2,305,2384
147,315367,1601,1,1,1902,2081
155,315645,4995,1,2,287,2533
153,315694,1345,1,1,1651,1872
148,315723,1721,1,1,2034,1899
146,316120,4996,1,2,290,2408
144,316166,958,1,1,1409,4096
155,316203,407,1,1,709,1260
156,316208,1912,1,1,2203,1610
149,316408,508,1,1,815,1537
159,316542,956,1,1,1403,4096
150,316781,2139,1,1,2557,4096
158,316784,1355,1,1,1651,1558
148,317096,1346,1,1,1651,1729
160,317273,1518,1,1,1831,2029
145,317394,386,1,1,690,1228
154,317678,1341,1,1,1641,1984
157,317726,5007,1,2,299,2379
146,317757,951,1,1,1406,4096
157,317965,1757,1,1,2062,1757
147,317969,948,1,1,1403,4096
156,318334,5064,1,2,360,2689
146,318677,1194,1,1,1502,1283
159,318757,1738,1,1,2047,1973
147,318772,1885,1,1,2213,2652
151,318854,1828,1,1,2138,2073
149,318912,4994,1,2,290,3189
161,319072,1304,1,1,1639,1799
148,319641,1355,1,1,1651,1672
158,319719,1831,1,1,2138,1993
147,319724,1310,1,1,1630,1967
158,319887,1754,1,1,2058,1922
150,320229,637,1,1,929,1317
156,320299,966,1,1,1411,4096
148,320325,517,1,1,827,1553
147,320445,1758,1,1,2064,1768
150,320504,1955,1,1,2371,4096
160,320553,1007,1,1,1333,1796
160,320638,969,1,1,1411,4096
152,320683,1817,1,1,2138,1829
162,321059,1902,1,1,2213,1987
159,321061,1029,1,1,1331,1342
149,321192,974,1,1,1408,4096
151,321326,639,1,1,932,1097
155,321774,966,1,1,1410,4096
149,321986,1750,1,1,2058,2345
151,322047,1353,1,1,1651,1543
149,322242,1733,1,1,2058,1917
148,322345,1889,1,1,2203,1900
157,322430,956,1,1,1411,4096
161,322452,1346,1,1,1651,1899
153,322473,1921,1,1,2213,1790
148,322594,5016,1,2,308,2870
161,322774,1742,1,1,2060,2136
157,322947,5062,1,2,363,2648
152,323874,797,1,1,1125,1827
149,323950,1360,1,1,1655,1605
159,323983,939,1,1,1394,4096
162,324109,1354,1,1,1651,1657
158,324132,1353,1,1,1651,1702
154,324234,1240,1,1,1570,1761
149,324265,1598,1,1,1901,1671
158,324446,1355,1,1,1651,1499
159,324908,644,1,1,936,776
162,325133,4983,1,2,279,2359
163,325155,949,1,1,1404,4096
160,325157,970,1,1,1400,4096
150,325288,1916,1,1,2371,4096
152,325422,953,1,1,1407,4096
155,325640,520,1,1,828,1406
150,325789,1354,1,1,1651,1839
156,325870,1910,1,1,2314,4096
163,325933,1811,1,1,2138,1824
150,326082,1936,1,1,2358,4096
164,326302,1196,1,1,1502,1147
160,326309,428,1,1,745,1401
150,326338,950,1,1,1405,4096
150,326398,1604,1,1,1915,2133
163,326502,498,1,1,808,1369
157,326869,1029,1,1,1331,999
164,326877,406,1,1,709,944
161,326888,1175,1,1,1504,1731
153,326945,1349,1,1,1651,1523
151,326952,79,1,1,373,1163
159,327251,1650,1,1,1986,2805
160,327452,5010,1,2,312,3469
161,327540,385,1,1,691,1231
151,327886,5002,1,2,299,2598
153,327970,1939,1,1,2371,4096
162,328019,78,1,1,373,1131
151,328246,1886,1,1,2203,1908
165,328374,1602,1,1,1910,1497
151,328668,1347,1,1,1651,2586
158,328869,1717,1,1,2034,2000
151,328903,1817,1,1,2138,2505
152,328994,1252,1,1,1587,2042
161,329006,1921,1,1,2213,1554
152,329266,486,1,1,795,1380
160,329621,1771,1,1,2126,2370
156,329736,1933,1,1,2371,4096
165,329882,5012,1,2,307,3580
166,330019,1348,1,1,1645,1645
152,330062,1889,1,1,2203,1816
162,330095,79,1,1,373,1089
152,330138,1924,1,1,2216,1470
152,330353,448,1,1,766,1450
153,330484,406,1,1,709,1490
164,330598,943,1,1,1398,4096
157,330731,637,1,1,930,995
153,330910,1009,1,1,1331,1644
159,331016,1754,1,1,2060,2147
154,331041,1919,1,1,2371,4096
163,331139,5190,1,2,489,3120
166,331325,1912,1,1,2203,1443
154,331620,516,1,1,823,1136
162,331636,1950,1,1,2371,4096
153,331705,1273,1,1,1584,1352
167,331817,1170,1,1,1502,1798
154,332066,955,1,1,1410,4096
161,332277,1802,1,1,2138,2656
164,332416,405,1,1,709,1277
160,332446,325,1,1,633,1430
163,332475,1534,1,1,1840,2380
155,332540,406,1,1,722,1499
155,332625,644,1,1,938,1005
154,332667,1889,1,1,2203,1757
158,332782,1863,1,1,2215,2051
167,333035,1338,1,1,1637,1710
168,333135,475,1,1,785,1318
155,333190,635,1,1,928,1124
154,333245,1336,1,1,1651,1540
165,333369,4993,1,2,291,2771
163,333666,1824,1,1,2138,2030
155,333806,520,1,1,827,1139
159,333898,520,1,1,827,1116
161,333978,1423,1,1,1749,1532
165,334138,1528,1,1,1836,1722
153,334158,1907,1,1,2336,4096
153,334234,956,1,1,1411,4096
166,334265,639,1,1,937,896
164,334422,1205,1,1,1539,1947
155,334730,462,1,1,773,1485
156,334761,1307,1,1,1651,2136
169,334821,1310,1,1,1651,1686
162,335188,406,1,1,709,1210
156,335227,1565,1,1,1903,2037
166,335728,1355,1,1,1651,1590
167,335774,489,1,1,799,1509
154,335781,453,1,1,767,1547
154,336041,1432,1,1,1749,1883
164,336076,5321,1,2,621,2410
156,336087,1423,1,1,1722,1357
165,336115,1256,1,1,1592,1693
156,336287,5030,1,2,324,2481
162,336373,1919,1,1,2370,4096
156,336636,956,1,1,1408,4096
170,336797,1746,1,1,2058,1976
157,336945,1742,1,1,2052,2184
168,337131,1932,1,1,2361,4096
163,337153,1735,1,1,2058,1965
168,337246,1912,1,1,2203,1472
155,337438,627,1,1,937,1397
157,337486,1894,1,1,2185,2259
157,337617,498,1,1,806,1330
160,337994,890,1,1,1345,4096
157,338011,497,1,1,806,1375
165,338058,1748,1,1,2058,1982
166,338270,1751,1,1,2068,2155
158,338497,1452,1,1,1749,1552
169,338747,1904,1,1,2213,1616
156,339024,1902,1,1,2213,1586
158,339089,1279,1,1,1588,1472
171,339310,4986,1,2,281,2513
158,339353,1718,1,1,2034,1867
166,339710,1258,1,1,1570,1652
167,339824,946,1,1,1401,4096
164,339837,5054,1,2,362,2684
155,339877,946,1,1,1401,4096
157,340183,956,1,1,1411,4096
157,340292,1531,1,1,1849,1268
161,340398,5008,1,2,305,2404
163,340469,1956,1,1,2368,4096
159,340621,1748,1,1,2056,2124
172,340664,1356,1,1,1651,1354
170,340679,1889,1,1,2203,1932
167,341199,1809,1,1,2138,1489
168,341219,1274,1,1,1583,1395
169,341342,2177,1,1,2601,4096
165,341480,1354,1,1,1651,1643
156,341503,1830,1,1,2138,1626
159,341627,1806,1,1,2138,2274
167,341837,5070,1,2,363,3567
162,342095,1348,1,1,1649,1697
158,342107,950,1,1,1405,4096
158,342171,1256,1,1,1587,1879
171,342329,1434,1,1,1732,1650
164,342358,1591,1,1,1901,1889
158,342445,1871,1,1,2203,2262
169,342481,1337,1,1,1651,1262
159,342788,5069,1,2,363,3699
173,343143,5016,1,2,308,2479
166,343220,1349,1,1,1651,1740
157,343257,1892,1,1,2203,1754
170,343473,1999,1,1,2317,2131
172,343770,519,1,1,827,1441
168,343852,1973,1,1,2293,2015
159,343859,1442,1,1,1739,1688
163,343985,1534,1,1,1836,1890
159,344069,1900,1,1,2213,1624
170,344070,1198,1,1,1504,1589
159,344167,1903,1,1,2213,2060
165,344211,797,1,1,1125,1853
167,344632,385,1,1,691,1412
160,344717,952,1,1,1407,4096
160,344761,1978,1,1,2296,1973
158,345093,1827,1,1,2138,1836
174,345177,1892,1,1,2206,2034
168,345295,956,1,1,1411,4096
169,345517,806,1,1,1125,1665
160,345723,954,1,1,1409,4096
160,345931,1863,1,1,2192,1764
171,345942,5192,1,2,489,2469
164,346009,1999,1,1,2317,2024
166,346132,1831,1,1,2138,1921
168,346156,1750,1,1,2057,1524
173,346225,4919,1,2,215,2455
171,346236,1793,1,1,2140,2166
161,346480,1530,1,1,1832,1763
161,346489,1861,1,1,2170,1728
175,346716,1355,1,1,1651,1539
159,346783,1339,1,1,1640,1690
169,346882,1341,1,1,1652,1587
170,346948,1370,1,1,1669,1431
165,347321,649,1,1,941,1312
162,347716,406,1,1,709,1227
169,347874,1448,1,1,1749,1718
160,347955,956,1,1,1411,4096
160,348083,1260,1,1,1570,1300
160,348165,1909,1,1,2364,4096
172,348348,1879,1,1,2189,2112
174,348401,1751,1,1,2060,2176
171,348477,474,1,1,784,1529
172,348501,5002,1,2,294,2559
162,348503,1912,1,1,2203,2023
176,348600,1969,1,1,2289,1884
170,348618,618,1,1,937,1736
161,348849,5177,1,2,475,2918
161,349548,828,1,1,1125,1593
170,349612,1432,1,1,1749,1738
161,349819,956,1,1,1411,4096
172,349838,1591,1,1,1893,1361
163,349885,1995,1,1,2310,2169
173,349956,519,1,1,827,1455
177,350042,385,1,1,691,1442
171,350145,483,1,1,792,1527
161,350184,1830,1,1,2138,2101
167,350228,941,1,1,1396,4096
162,350535,1078,1,1,1386,1686
161,350771,5068,1,2,363,2606
173,350864,5069,1,2,363,2516
173,351017,645,1,1,937,1179
171,351085,1912,1,1,2203,1473
166,351417,4953,1,2,246,4096
162,351522,1333,1,1,1651,1703
174,351617,1447,1,1,1749,1661
172,351624,1901,1,1,2213,1479
174,352114,384,1,1,691,1250
178,352221,1375,1,1,1669,2179
172,352478,808,1,1,1125,1393
175,352497,956,1,1,1411,4096
163,352599,963,1,1,1411,4096
174,352605,1902,1,1,2213,1588
162,352664,1977,1,1,2293,1893
175,353097,825,1,1,1125,1480
163,353148,5000,1,2,294,2613
163,353195,1242,1,1,1570,1673
167,353261,1912,1,1,2203,1844
173,353368,1912,1,1,2203,1744
173,353503,648,1,1,943,1025
162,353644,956,1,1,1411,4096
164,353981,943,1,1,1398,4096
162,354280,980,1,1,1408,4096
168,354324,957,1,1,1409,4096
175,354475,4927,1,2,221,2361
175,354507,1525,1,1,1835,1902
174,354817,495,1,1,802,1449
163,354888,508,1,1,816,1244
174,355070,508,1,1,827,1567
176,355264,5070,1,2,363,2767
164,355374,1976,1,1,2304,2179
168,355390,1355,1,1,1651,2129
176,355787,642,1,1,934,1280
176,355804,519,1,1,827,1329
169,356092,806,1,1,1125,1768
164,356127,388,1,1,691,1239
164,356179,4925,1,2,219,3031
179,356317,957,1,1,1409,4096
175,356376,1354,1,1,1651,1559
163,356488,1831,1,1,2138,2208
165,356537,5175,1,2,475,2556
164,356695,956,1,1,1411,4096
163,356760,958,1,1,1403,4096
176,356768,5070,1,2,363,3671
177,356860,1921,1,1,2213,1596
177,356924,387,1,1,691,1137
165,357020,494,1,1,804,1646
169,357633,1908,1,1,2203,2243
176,357650,388,1,1,691,1274
170,357871,1887,1,1,2203,1779
180,357935,1340,1,1,1654,1618
166,358066,492,1,1,811,1529
164,358188,1531,1,1,1833,1700
165,358193,1522,1,1,1830,2066
177,358347,627,1,1,941,1579
178,358751,1829,1,1,2138,1827
165,358779,5179,1,2,475,2600
178,358860,1912,1,1,2203,2000
165,358978,4925,1,2,218,2283
175,359166,956,1,1,1411,4096
171,359175,1196,1,1,1502,1304
181,359292,486,1,1,795,1357
166,359414,1828,1,1,2138,2394
166,359680,518,1,1,827,1487
179,359894,638,1,1,932,1034
177,359900,955,1,1,1410,4096
178,360049,494,1,1,802,1702
170,360076,1957,1,1,2304,2443
179,360254,1386,1,1,1688,1503
165,360334,1750,1,1,2057,2146
172,360657,1357,1,1,1655,1482
167,360788,79,1,1,373,1108
166,360799,1741,1,1,2051,1821
176,360801,521,1,1,828,1635
164,360856,952,1,1,1407,4096
167,360952,5067,1,2,363,2886
166,361007,1828,1,1,2138,2228
182,361121,1902,1,1,2213,1829
167,361481,1754,1,1,2058,2067
179,361570,463,1,1,775,1521
177,361746,955,1,1,1410,4096
171,361761,1752,1,1,2057,1685
180,362114,5016,1,2,308,2220
177,362217,519,1,1,827,1416
166,362423,1735,1,1,2064,2089
178,362464,501,1,1,812,2564
173,362535,1355,1,1,1651,1878
167,362571,385,1,1,691,1772
168,362624,1749,1,1,2056,1672
183,362694,1002,1,1,1331,1573
168,362695,1029,1,1,1331,1214
165,362789,1736,1,1,2047,1933
180,362806,651,1,1,943,1236
168,363068,808,1,1,1125,2280
172,363075,510,1,1,819,1314
178,363424,1912,1,1,2203,1678
167,363611,5067,1,2,363,2604
181,363900,1911,1,1,2203,1786
167,363930,520,1,1,829,1507
169,364163,1912,1,1,2203,1468
180,364350,943,1,1,1398,4096
174,364357,1752,1,1,2058,1822
184,364397,1827,1,1,2138,1703
178,364457,1306,1,1,1651,2240
166,364481,803,1,1,1125,1692
181,364841,1899,1,1,2213,2035
169,365261,1903,1,1,2213,2193
182,365273,640,1,1,932,1373
179,365291,1712,1,1,2056,1867
168,365405,1521,1,1,1825,1794
169,365659,5179,1,2,475,3035
179,366032,518,1,1,827,1575
181,366212,2003,1,1,2317,1862
167,366241,1259,1,1,1590,1760
170,366374,1863,1,1,2213,2211
175,366378,1727,1,1,2034,2021
168,366425,4993,1,2,287,3854
179,366560,963,1,1,1411,4096
182,366742,1747,1,1,2056,1901
170,366831,1524,1,1,1825,1570
169,367027,1354,1,1,1651,1622
173,367171,957,1,1,1404,4096
180,367245,1912,1,1,2203,1954
171,367481,477,1,1,785,1107
180,367532,507,1,1,815,1500
168,367552,387,1,1,691,1311
182,367788,1355,1,1,1651,1576
169,367874,1006,1,1,1331,1449
168,368026,956,1,1,1411,4096
176,368117,1746,1,1,2058,1739
183,368159,1356,1,1,1653,1417
170,368191,5001,1,2,298,2532
180,368450,1819,1,1,2138,1890
185,368493,956,1,1,1411,4096
174,368666,1531,1,1,1833,1495
170,368755,1172,1,1,1502,1728
181,368796,611,1,1,927,1551
172,369240,1749,1,1,2058,1759
169,369367,495,1,1,804,1341
183,369369,948,1,1,1399,4096
177,369455,385,1,1,691,1338
181,369650,5007,1,2,299,2118
181,369796,1352,1,1,1651,1346
170,369800,2013,1,1,2309,1926
186,370054,1355,1,1,1651,1561
175,370461,1742,1,1,2053,1795
182,370495,481,1,1,791,1699
171,370733,1451,1,1,1749,1978
173,370741,479,1,1,790,1501
171,370927,971,1,1,1411,4096
170,371245,1583,1,1,1899,1878
184,371289,1523,1,1,1831,1920
182,371350,1529,1,1,1831,1700
171,371492,1140,1,1,1445,1692
169,371648,956,1,1,1411,4096
182,371661,1335,1,1,1651,1865
183,371884,936,1,1,1391,4096
187,372042,1897,1,1,2203,1988
184,372255,946,1,1,1411,4096
171,372287,1953,1,1,2363,4096
172,372547,1176,1,1,1504,1814
174,372572,1747,1,1,2052,1831
183,372868,77,1,1,373,1207
178,372874,1874,1,1,2203,3419
183,372929,5005,1,2,299,2434
176,372976,1895,1,1,2203,2515
188,373048,632,1,1,928,1006
172,373096,5070,1,2,363,2169
172,373137,1536,1,1,1838,1645
171,373274,1746,1,1,2056,2029
183,373415,1353,1,1,1651,2065
173,373717,640,1,1,932,1170
172,373757,518,1,1,827,1470
177,373812,638,1,1,930,836
170,373849,1159,1,1,1502,2201
175,373966,1352,1,1,1651,1394
189,374213,384,1,1,691,1165
185,374276,1891,1,1,2203,2021
173,374348,1261,1,1,1570,1211
185,374465,4990,1,2,282,3176
173,374597,386,1,1,691,1501
184,374672,1259,1,1,1591,1743
172,374723,647,1,1,939,1449
184,374878,1218,1,1,1554,2010
179,375142,5069,1,2,363,2268
173,375268,1355,1,1,1651,1511
184,375481,1204,1,1,1539,2066
178,375749,1354,1,1,1651,1937
176,375799,1446,1,1,1749,1833
184,375958,5006,1,2,298,4074
173,375968,512,1,1,821,1245
185,376004,478,1,1,789,1332
171,376024,1513,1,1,1831,2175
186,376071,511,1,1,822,1606
174,376149,452,1,1,764,1552
185,376152,1451,1,1,1749,1274
174,376248,1443,1,1,1747,1900
186,376275,1919,1,1,2213,1999
180,376797,1912,1,1,2203,1655
174,376948,1354,1,1,1651,1680
186,377470,1423,1,1,1722,1466
179,377607,1260,1,1,1590,1858
185,377659,471,1,1,783,2178
174,377813,955,1,1,1410,4096
175,377929,1174,1,1,1502,1681
187,377941,1351,1,1,1651,1666
187,377993,1249,1,1,1584,1922
172,378048,1921,1,1,2213,2024
174,378150,1752,1,1,2058,2182
177,378224,5003,1,2,295,2425
190,378309,917,1,1,1372,4096
175,378429,1827,1,1,2138,2280
175,378439,460,1,1,771,1491
181,378542,1892,1,1,2203,1745
186,378721,1912,1,1,2203,2569
187,378914,1365,1,1,1661,1444
180,379135,1601,1,1,1903,1528
186,379481,1588,1,1,1893,1822
176,379871,618,1,1,932,1442
188,380016,1749,1,1,2058,2023
182,380033,441,1,1,754,1491
185,380054,963,1,1,1411,4096
188,380291,4998,1,2,290,2350
188,380506,491,1,1,805,1592
176,380520,1963,1,1,2312,2591
175,380828,5022,1,2,320,2678
178,380872,4981,1,2,273,2648
187,381107,1734,1,1,2045,2386
181,381265,5000,1,2,293,2130
189,381684,1355,1,1,1651,1668
177,381704,1527,1,1,1830,1833
175,381909,963,1,1,1411,4096
189,382112,1354,1,1,1651,1606
173,382144,955,1,1,1404,4096
183,382247,1748,1,1,2056,2214
189,382291,1304,1,1,1651,2000
191,382405,1882,1,1,2344,4096
176,382520,1353,1,1,1651,1692
176,382535,956,1,1,1411,4096
179,382539,1910,1,1,2213,1667
190,382718,79,1,1,373,1034
182,383131,1751,1,1,2058,1866
188,383293,4979,1,2,273,2186
178,383458,1313,1,1,1646,1754
190,383574,1274,1,1,1583,1462
187,383577,955,1,1,1406,4096
184,383676,519,1,1,827,1429
180,383699,517,1,1,827,1160
177,383755,5068,1,2,363,3235
174,383839,1751,1,1,2056,1695
190,383942,1749,1,1,2056,1651
176,384036,1714,1,1,2058,2127
186,384150,944,1,1,1399,4096
177,384231,1751,1,1,2058,1711
191,384281,1356,1,1,1653,1563
192,384508,1741,1,1,2058,2103
179,384961,517,1,1,824,1503
181,385276,1745,1,1,2053,1577
191,385364,478,1,1,790,1422
177,385394,495,1,1,805,1358
177,385403,5068,1,2,363,2868
175,385515,1205,1,1,1539,1676
188,385625,1921,1,1,2213,2048
185,385690,1707,1,1,2058,2014
191,385786,1852,1,1,2203,2212
183,385852,1964,1,1,2309,2721
178,385973,1177,1,1,1504,1742
187,386047,1258,1,1,1589,1897
193,386081,514,1,1,821,1573
192,386234,1902,1,1,2213,1953
178,386421,5189,1,2,489,2666
192,387131,1339,1,1,1651,1767
182,387132,1523,1,1,1832,1856
180,387223,1857,1,1,2196,2262
189,387389,927,1,1,1382,4096
184,387540,1743,1,1,2055,1688
188,387643,516,1,1,827,1596
189,387702,1726,1,1,2036,2077
176,387711,1747,1,1,2058,2196
179,388039,1899,1,1,2213,1618
193,388218,1827,1,1,2138,1984
178,388262,5017,1,2,317,2868
186,388350,5001,1,2,298,2660
179,388358,1783,1,1,2138,2385
194,388434,1912,1,1,2203,2353
181,388917,1827,1,1,2138,1694
177,389048,517,1,1,827,1337
193,389182,1739,1,1,2047,2051
185,389186,1723,1,1,2034,1646
189,389304,493,1,1,801,1661
190,389442,1864,1,1,2182,2053
178,389499,944,1,1,1388,4096
192,389882,954,1,1,1409,4096
187,389918,457,1,1,768,1568
195,390195,1005,1,1,1331,1761
180,390201,1299,1,1,1637,2162
186,390249,386,1,1,691,1063
180,390335,1688,1,1,1998,1977
190,390355,4990,1,2,282,2653
182,390709,1170,1,1,1502,1792
178,390855,1446,1,1,1746,1807
194,391139,1449,1,1,1749,1957
194,391150,4987,1,2,280,2932
196,391226,520,1,1,827,1031
183,391228,1954,1,1,2371,4096
188,391274,1453,1,1,1749,1356
190,391373,1912,1,1,2203,2069
193,391412,1748,1,1,2058,1530
191,391415,1250,1,1,1582,1973
181,391482,1195,1,1,1504,1281
181,392346,5006,1,2,298,2011
179,392358,1902,1,1,2330,4096
187,392725,5068,1,2,363,2476
184,392831,1752,1,1,2058,1603
182,392881,501,1,1,810,1399
192,392930,988,1,1,1331,1515
197,393039,1706,1,1,2013,1813
191,393081,1349,1,1,1646,1708
183,393321,5007,1,2,299,2612
179,393595,963,1,1,1397,4096
191,393613,4997,1,2,290,3258
189,394079,4928,1,2,221,2805
180,394227,1592,1,1,1900,1869
195,394394,5034,1,2,337,3244
183,394674,1177,1,1,1502,1793
188,394725,1536,1,1,1840,2000
179,394951,956,1,1,1409,4096
198,394964,1828,1,1,2138,1925
195,395235,1946,1,1,2371,4096
185,395322,5004,1,2,298,2491
192,395331,1293,1,1,1633,2250
194,395508,954,1,1,1406,4096
180,395634,1822,1,1,2138,2039
190,395952,1870,1,1,2194,1873
193,396243,5093,1,2,389,3313
184,396292,1893,1,1,2203,1618
182,396442,940,1,1,1385,4096
189,396564,1829,1,1,2138,1839
186,396777,495,1,1,802,1455
199,396944,1528,1,1,1835,1980
193,397124,1595,1,1,1898,1793
184,397186,5054,1,2,358,3865
194,397693,514,1,1,822,1450
192,397709,1961,1,1,2371,4096
196,397842,5016,1,2,309,2607
181,398006,1820,1,1,2138,2372
181,398323,955,1,1,1410,4096
200,398421,1912,1,1,2203,1477
196,398490,954,1,1,1409,4096
187,398569,2022,1,1,2317,1792
190,398655,1831,1,1,2142,2091
185,398777,1011,1,1,1331,1591
183,398865,1889,1,1,2213,2423
180,399047,1924,1,1,2369,4096
194,399130,1452,1,1,1749,2006
193,399325,404,1,1,719,1616
195,399604,1940,1,1,2369,4096
197,399628,1355,1,1,1651,1786
182,399866,1350,1,1,1651,1860
195,399991,5005,1,2,298,2298
191,400048,1956,1,1,2371,4096
188,400232,1582,1,1,1890,1663
191,400342,1450,1,1,1749,1687
185,400388,948,1,1,1394,4096
184,400832,1881,1,1,2213,1967
182,400902,5076,1,2,375,2579
195,401233,1823,1,1,2138,2103
196,401695,1729,1,1,2056,1704
196,401726,1744,1,1,2058,2122
189,401779,1006,1,1,1331,1547
192,401802,322,1,1,635,1460
183,401922,1492,1,1,1832,2056
198,402273,5173,1,2,471,2645
192,402313,1732,1,1,2047,2265
186,402490,1821,1,1,2138,2102
201,402517,944,1,1,1399,4096
197,402586,961,1,1,1411,4096
185,402837,1878,1,1,2203,2005
186,402873,956,1,1,1411,4096
181,403143,1949,1,1,2371,4096
196,403200,1731,1,1,2040,1967
197,403285,1588,1,1,1894,1590
193,403299,502,1,1,810,1497
194,403421,954,1,1,1409,4096
190,403486,1733,1,1,2056,1707
183,403760,4996,1,2,296,2858
193,404020,515,1,1,827,1707
199,404113,1317,1,1,1651,1840
184,404164,1569,1,1,1890,2242
187,404200,1529,1,1,1834,1710
202,404283,1747,1,1,2055,1766
186,404342,806,1,1,1125,1505
195,404536,502,1,1,812,1115
197,404774,1752,1,1,2058,1574
182,404839,1453,1,1,1749,1696
191,404942,390,1,1,694,1456
198,405470,5175,1,2,475,2884
197,405822,1954,1,1,2371,4096
196,405911,520,1,1,827,1375
194,406227,1796,1,1,2144,2207
188,406346,1823,1,1,2138,2146
185,406351,1751,1,1,2058,2187
203,406458,1744,1,1,2056,2175
187,406684,5003,1,2,298,2342
192,406921,1255,1,1,1587,1979
187,406969,949,1,1,1394,4096
198,407381,1914,1,1,2369,4096
194,407395,2120,1,1,2601,4096
197,407399,515,1,1,823,1488
198,407524,4988,1,2,283,2750
199,407597,1739,1,1,2047,2127
198,407780,1320,1,1,1654,1958
184,407856,896,1,1,1351,4096
195,407897,1596,1,1,1898,1670
204,407913,1912,1,1,2203,1455
200,408209,962,1,1,1406,4096
189,408479,1707,1,1,2051,2133
188,408484,764,1,1,1086,1800
186,408639,1828,1,1,2138,2288
199,408736,392,1,1,695,1355
193,408749,1706,1,1,2021,1828
183,408935,956,1,1,1411,4096
198,409046,1590,1,1,1892,1647
188,409178,1824,1,1,2144,2209
205,409329,393,1,1,696,1416
199,409452,1313,1,1,1651,1928
200,409546,1206,1,1,1539,1949
