0,592,79,1,1,373,593
0,633,59,1,1,353,634
0,841,56,1,1,356,842
0,893,48,1,1,356,894
0,900,60,1,1,356,901
0,912,55,1,1,356,913
0,918,60,1,1,356,919
0,920,60,1,1,356,921
0,1037,46,1,1,356,1038
0,1211,39,1,1,356,1212
0,1214,38,1,1,356,1215
0,1214,43,1,1,356,1215
0,1223,60,1,1,356,1224
0,1241,45,1,1,356,1242
0,1256,60,1,1,356,1257
1,1266,60,1,1,356,633
0,1458,60,1,1,356,1459
1,1523,61,1,1,357,623
1,1551,60,1,1,356,633
1,1810,72,1,1,367,596
1,1890,44,1,1,373,1298
1,2042,60,1,1,354,1149
1,2075,-3,1,1,296,1038
1,2089,79,1,1,373,631
2,2174,60,1,1,354,623
1,2366,79,1,1,373,1454
2,2492,68,1,1,362,602
1,2595,59,1,1,353,1675
1,2603,25,1,1,359,1762
1,2672,-1,1,1,298,1416
2,2742,60,1,1,358,653
1,2755,73,1,1,367,1541
3,2765,79,1,1,373,591
2,2771,60,1,1,356,729
2,2801,64,1,1,373,1278
2,2927,79,1,1,373,561
1,2968,79,1,1,373,1745
3,3130,62,1,1,359,638
1,3150,13,1,1,373,1909
2,3176,60,1,1,356,581
2,3204,77,1,1,371,532
2,3313,71,1,1,367,710
3,3317,79,1,1,373,546
2,3369,74,1,1,368,614
2,3386,79,1,1,373,2120
4,3402,77,1,1,373,637
3,3461,79,1,1,373,660
3,3465,76,1,1,373,723
3,3526,76,1,1,373,599
2,3600,19,1,1,317,632
4,3720,65,1,1,360,590
3,3784,73,1,1,367,608
2,3789,71,1,1,365,639
3,3797,71,1,1,366,593
4,3887,68,1,1,363,570
3,3932,62,1,1,357,619
2,3953,-118,1,1,241,1878
3,3979,61,1,1,357,593
3,3987,61,1,1,357,618
4,4041,64,1,1,360,580
3,4243,63,1,1,359,643
4,4473,63,1,1,362,689
4,4506,57,1,1,373,1041
4,4524,79,1,1,373,592
4,4585,79,1,1,373,598
3,4648,74,1,1,373,695
4,4717,48,1,1,373,1191
5,4753,79,1,1,373,1351
5,4786,79,1,1,373,899
5,4822,75,1,1,373,781
4,4880,-38,1,1,265,901
4,4940,52,1,1,347,697
3,5024,47,1,1,373,1235
4,5029,47,1,1,373,1232
5,5045,78,1,1,373,539
5,5127,60,1,1,357,603
5,5211,79,1,1,373,626
5,5279,-23,1,1,282,806
1,5307,-180,1,1,284,4096
6,5410,54,1,1,351,624
4,5426,36,1,1,340,778
5,5575,60,1,1,356,695
2,5906,190,1,1,652,4096
6,5918,-6,1,1,304,1096
5,5999,79,1,1,373,970
7,6011,69,1,1,364,601
6,6018,67,1,1,361,739
6,6146,77,1,1,371,571
6,6387,72,1,1,373,1260
7,6429,79,1,1,373,511
6,6523,79,1,1,373,524
7,6536,79,1,1,373,518
6,6561,79,1,1,373,1350
8,6610,77,1,1,372,599
7,6743,79,1,1,373,597
4,6869,32,1,1,363,1845
7,6968,79,1,1,373,581
3,7052,78,1,1,373,1146
8,7093,79,1,1,373,557
8,7140,71,1,1,373,711
5,7176,78,1,1,373,1750
7,7285,58,1,1,356,724
8,7475,54,1,1,359,732
2,7481,61,1,1,371,2174
9,7670,78,1,1,372,577
5,7689,47,1,1,356,820
5,7693,274,1,1,691,2976
9,7694,77,1,1,371,554
5,7816,194,1,1,656,4096
9,7886,72,1,1,367,1276
3,8055,63,1,1,358,574
8,8107,62,1,1,358,1139
9,8112,61,1,1,357,637
4,8389,42,1,1,373,1337
6,8418,60,1,1,356,602
8,8568,42,1,1,371,1283
10,8628,64,1,1,359,742
9,8675,66,1,1,361,568
10,8746,33,1,1,353,1076
6,8748,23,1,1,368,1572
10,8750,72,1,1,373,1056
6,8787,53,1,1,349,1094
6,8849,160,1,1,503,4096
5,8928,79,1,1,373,539
10,8950,76,1,1,370,838
4,9003,74,1,1,368,948
5,9036,60,1,1,530,4096
7,9050,71,1,1,365,632
9,9122,79,1,1,373,554
6,9141,44,1,1,499,4096
10,9235,77,1,1,373,560
11,9308,78,1,1,373,562
7,9374,79,1,1,373,525
7,9405,79,1,1,373,618
11,9483,79,1,1,373,533
6,9550,79,1,1,373,622
11,9550,79,1,1,373,800
10,9629,79,1,1,373,507
6,9671,44,1,1,373,1982
7,9756,79,1,1,373,1008
7,9762,78,1,1,373,621
11,9767,79,1,1,373,532
7,9768,37,1,1,373,3245
12,9839,79,1,1,373,531
8,9886,79,1,1,373,512
11,9888,60,1,1,373,1260
12,10090,78,1,1,373,540
7,10104,79,1,1,373,554
5,10211,71,1,1,373,1208
11,10214,79,1,1,373,585
12,10231,71,1,1,365,748
7,10241,79,1,1,373,570
8,10270,79,1,1,373,1220
8,10301,79,1,1,373,539
8,10362,79,1,1,373,957
12,10390,44,1,1,342,623
9,10462,79,1,1,373,576
8,10612,79,1,1,373,508
8,10680,59,1,1,373,912
8,10760,79,1,1,373,519
8,10777,376,1,1,691,1021
9,10797,79,1,1,373,527
12,10896,75,1,1,373,1008
10,11013,79,1,1,373,551
13,11119,63,1,1,373,888
13,11122,79,1,1,373,1032
9,11169,79,1,1,373,868
9,11228,79,1,1,373,548
9,11289,79,1,1,373,529
6,11366,79,1,1,373,1155
13,11635,79,1,1,373,1245
11,12054,79,1,1,373,1041
9,12070,588,1,1,939,1708
13,12082,450,1,1,827,2243
10,12768,343,1,1,691,1599
12,12879,294,1,1,690,2665
10,13041,41,1,1,337,971
6,13132,587,1,1,1008,4096
9,13387,472,1,1,827,2610
14,13397,459,1,1,827,2278
14,13414,-64,1,1,277,1779
10,13519,311,1,1,691,2230
12,14543,378,1,1,691,2489
10,14635,364,1,1,691,3838
14,14689,363,1,1,691,3567
9,14708,352,1,1,691,4096
13,14729,324,1,1,691,3833
11,14997,468,1,1,801,1956
10,15168,374,1,1,691,3940
7,15462,-76,1,1,315,4096
14,16178,27,1,1,416,4096
11,16864,8,1,1,460,4096
13,16975,32,1,1,413,4096
10,17079,316,1,1,690,3692
7,17228,102,1,1,531,4096
15,17332,268,1,1,673,3918
15,17493,393,1,1,823,4096
11,17615,192,1,1,657,4096
11,18214,640,1,1,941,3579
12,18309,374,1,1,686,3312
13,18639,139,1,1,603,4096
12,18738,369,1,1,691,1874
15,18785,158,1,1,603,4096
10,18804,335,1,1,691,4096
14,18825,85,1,1,370,4096
14,19242,372,1,1,691,2267
11,19264,192,1,1,548,4096
16,19368,375,1,1,691,1875
11,19464,508,1,1,827,2385
8,19505,368,1,1,691,4043
15,19853,320,1,1,690,3675
8,20555,311,1,1,691,3327
11,20989,377,1,1,691,2185
12,21054,362,1,1,691,1590
15,21219,373,1,1,691,1977
12,21233,371,1,1,691,1969
16,21428,256,1,1,691,4096
12,21711,486,1,1,801,4096
16,21815,60,1,1,356,1962
17,22177,380,1,1,691,2809
14,22207,372,1,1,691,3568
16,22256,637,1,1,932,3471
12,22303,368,1,1,691,4089
13,22398,347,1,1,691,3660
13,22405,5,1,1,415,4096
15,22921,-206,1,1,223,4096
13,22977,382,1,1,691,1744
13,22993,374,1,1,691,1939
12,23060,383,1,1,693,2071
16,23556,367,1,1,691,2337
9,23601,36,1,1,473,4096
13,23657,380,1,1,693,1946
17,23657,483,1,1,824,2229
14,23960,383,1,1,691,1562
14,24023,77,1,1,371,1046
18,24035,361,1,1,691,1858
13,24255,60,1,1,356,1195
14,24443,367,1,1,691,2038
17,24518,358,1,1,691,2703
17,24567,60,1,1,356,1011
13,24578,369,1,1,691,2275
15,24585,365,1,1,691,2378
9,24651,-40,1,1,377,4096
16,24654,377,1,1,691,1733
14,24834,60,1,1,356,1177
17,25031,481,1,1,827,2775
18,25269,70,1,1,365,1612
14,25315,365,1,1,691,2322
15,25346,358,1,1,691,1386
16,25715,370,1,1,691,1130
15,26461,373,1,1,691,2438
15,26502,504,1,1,827,1668
14,26583,355,1,1,691,2328
18,26841,345,1,1,691,2274
16,27095,367,1,1,691,1749
15,27156,64,1,1,360,1841
18,27160,66,1,1,361,2129
10,27187,490,1,1,827,2536
16,27481,61,1,1,357,1020
10,27697,195,1,1,603,4096
18,27880,371,1,1,691,3362
19,27889,379,1,1,691,2620
15,28039,379,1,1,691,1456
16,28060,60,1,1,356,1558
19,28131,132,1,1,567,4096
15,28539,139,1,1,603,4096
19,28636,359,1,1,691,1795
14,28674,139,1,1,603,4096
17,28750,22,1,1,433,4096
11,28915,58,1,1,356,1728
19,28921,60,1,1,356,1761
16,28934,60,1,1,356,1778
17,29333,371,1,1,691,2238
20,29726,60,1,1,356,1837
17,29799,68,1,1,363,1739
16,29809,380,1,1,691,1770
17,29811,26,1,1,470,4096
19,29824,378,1,1,691,1944
17,29894,363,1,1,691,2413
20,29947,375,1,1,691,1816
11,30049,377,1,1,691,2352
20,30199,381,1,1,691,1278
20,30486,378,1,1,691,1850
12,30932,368,1,1,691,2017
17,31062,348,1,1,691,2128
16,31489,331,1,1,691,2950
20,31677,370,1,1,691,1853
17,31686,375,1,1,691,1877
21,31812,374,1,1,691,2086
18,31840,61,1,1,357,1946
18,31982,77,1,1,373,2183
18,32005,79,1,1,373,943
21,32201,79,1,1,373,524
13,32249,70,1,1,364,1317
19,32423,77,1,1,373,583
15,32770,148,1,1,603,4096
18,32846,167,1,1,603,4096
19,33003,515,1,1,827,1021
22,33056,514,1,1,827,1244
22,33145,378,1,1,691,944
14,33287,79,1,1,373,1038
18,33429,360,1,1,803,4096
18,33438,647,1,1,939,1752
18,33907,156,1,1,603,4096
12,33927,483,1,1,827,3878
21,34043,293,1,1,678,4096
23,34132,384,1,1,691,1076
21,34295,-186,1,1,226,4096
19,34406,510,1,1,827,1560
19,34414,304,1,1,691,2409
21,34558,370,1,1,691,4072
19,35297,384,1,1,691,1859
24,35315,382,1,1,691,1183
16,35324,384,1,1,691,2554
20,35370,381,1,1,691,2367
19,35532,508,1,1,827,1625
15,35542,370,1,1,691,2255
23,35575,377,1,1,691,2430
17,35585,-19,1,1,447,4096
19,35654,378,1,1,691,2225
22,35787,360,1,1,691,1744
22,36216,374,1,1,691,1658
22,36303,376,1,1,691,2008
20,36404,372,1,1,691,1990
20,36519,148,1,1,603,4096
13,36546,383,1,1,691,2619
20,36651,365,1,1,691,2245
18,36807,79,1,1,373,1222
20,37041,384,1,1,694,1509
16,37128,368,1,1,691,1586
24,37237,372,1,1,692,1662
17,37369,378,1,1,691,2045
21,37378,60,1,1,356,859
20,37441,366,1,1,691,1787
21,37506,365,1,1,691,2136
23,37749,377,1,1,691,1962
23,37756,383,1,1,691,1453
20,37969,326,1,1,691,2672
23,37973,515,1,1,827,1757
21,37974,79,1,1,373,1323
21,38172,79,1,1,373,1768
25,38205,77,1,1,373,968
21,38224,48,1,1,356,1183
14,38756,474,1,1,827,2210
19,38876,384,1,1,691,2069
24,39113,79,1,1,373,1140
17,39246,378,1,1,691,2118
22,39305,375,1,1,693,1927
22,39347,377,1,1,691,1841
24,39363,373,1,1,691,1607
21,39401,379,1,1,691,1960
25,39411,146,1,1,603,4096
22,39707,510,1,1,827,1733
24,39940,379,1,1,691,2191
22,39987,378,1,1,691,1763
26,40365,382,1,1,691,2160
21,40431,78,1,1,373,2462
23,40716,377,1,1,691,1009
18,40974,513,1,1,826,1728
22,41182,375,1,1,691,1781
25,41189,515,1,1,827,2076
25,41209,375,1,1,691,1846
23,41296,379,1,1,691,1949
18,41465,148,1,1,603,4096
26,41501,376,1,1,691,2090
23,41536,373,1,1,691,2231
23,41684,377,1,1,691,1697
27,41995,380,1,1,691,1630
22,42268,170,1,1,603,4096
25,42349,350,1,1,698,2409
26,42473,381,1,1,691,1264
22,42638,508,1,1,827,2207
23,42774,518,1,1,827,1592
26,42833,384,1,1,691,1644
15,42852,155,1,1,603,4096
20,42972,148,1,1,603,4096
27,43076,375,1,1,691,1575
24,43107,378,1,1,691,1571
24,43523,382,1,1,709,1839
28,43829,510,1,1,827,1834
23,44119,375,1,1,691,1851
27,44249,508,1,1,827,1776
23,44377,371,1,1,691,1739
27,44472,79,1,1,373,1639
25,44777,376,1,1,691,1670
24,44812,168,1,1,603,4096
16,44831,379,1,1,691,1979
19,45070,152,1,1,603,4096
25,45230,377,1,1,691,1707
26,45325,359,1,1,691,2976
28,45341,354,1,1,691,2265
21,45383,375,1,1,691,2411
24,45392,148,1,1,603,4096
19,45561,142,1,1,603,4096
26,46039,79,1,1,373,1262
28,46053,64,1,1,359,1804
24,46056,368,1,1,691,1937
17,46168,71,1,1,366,1337
28,46193,376,1,1,691,1721
24,46281,374,1,1,691,1904
25,46561,378,1,1,691,1749
24,46870,185,1,1,603,4096
25,47039,368,1,1,691,1647
29,47066,378,1,1,691,1725
26,47180,60,1,1,356,619
26,47383,361,1,1,691,2153
27,47431,377,1,1,691,1392
18,47555,360,1,1,691,1387
22,47558,491,1,1,827,2175
20,47598,377,1,1,691,2037
29,47694,79,1,1,373,1501
25,47696,380,1,1,692,1415
29,47925,148,1,1,603,4096
20,48000,647,1,1,939,2930
25,48087,383,1,1,691,1217
25,48157,379,1,1,691,2101
27,48771,390,1,1,709,1591
27,48855,373,1,1,691,1472
26,49007,363,1,1,691,1968
21,49054,387,1,1,691,1054
30,49088,520,1,1,827,1394
30,49124,516,1,1,827,1199
28,49184,384,1,1,691,1753
19,49231,513,1,1,827,1676
30,49264,353,1,1,691,2198
26,49306,66,1,1,362,1610
27,49421,145,1,1,619,4096
21,49459,381,1,1,691,1861
23,49786,378,1,1,691,2228
26,50041,378,1,1,691,1884
29,50149,148,1,1,603,4096
22,50361,79,1,1,373,1307
28,50408,376,1,1,691,1637
31,50415,378,1,1,691,1327
28,50473,381,1,1,691,1618
27,50566,386,1,1,691,1260
20,50579,382,1,1,691,1348
31,50715,380,1,1,691,1591
22,50763,60,1,1,356,1304
29,50779,380,1,1,691,1595
27,50860,368,1,1,691,1853
31,50999,375,1,1,691,1735
28,51031,383,1,1,691,1610
27,51460,60,1,1,356,1419
23,51510,60,1,1,356,1149
24,51904,358,1,1,691,2118
29,52160,371,1,1,691,1752
26,52183,157,1,1,603,4096
21,52205,364,1,1,691,1626
28,52403,364,1,1,691,1837
29,52532,367,1,1,691,2059
30,52736,358,1,1,691,2587
30,52766,62,1,1,358,1987
28,52866,377,1,1,691,2006
32,52939,355,1,1,691,2224
29,53208,373,1,1,691,2177
32,53247,380,1,1,691,2248
24,53553,365,1,1,691,2043
29,53772,374,1,1,691,1369
31,53863,372,1,1,691,1097
27,53917,376,1,1,691,1734
25,53927,370,1,1,691,2023
30,54209,381,1,1,691,1677
30,54220,370,1,1,691,2060
33,54479,79,1,1,373,1540
32,54511,181,1,1,603,4096
31,54594,374,1,1,691,1858
23,54859,148,1,1,603,4096
29,54914,378,1,1,691,2048
25,55079,60,1,1,356,1526
28,55120,60,1,1,356,1203
33,55138,366,1,1,691,1891
30,55192,60,1,1,356,1420
30,55205,60,1,1,356,1997
32,55245,59,1,1,355,1382
31,55248,60,1,1,356,1028
26,55259,60,1,1,356,1332
28,55556,397,1,1,827,4096
24,55843,380,1,1,693,984
34,55891,377,1,1,691,1412
33,55958,376,1,1,691,1447
31,56119,511,1,1,827,1910
33,56269,376,1,1,691,1024
22,56301,128,1,1,603,4096
32,56460,380,1,1,691,1866
31,56476,382,1,1,691,1284
32,56478,381,1,1,691,1230
30,56599,364,1,1,691,1685
26,56635,372,1,1,691,1556
31,56635,371,1,1,691,1430
27,56640,379,1,1,691,1381
34,56675,379,1,1,691,1537
29,56694,378,1,1,691,1574
29,57250,382,1,1,692,1694
25,57365,378,1,1,691,1522
32,57494,380,1,1,691,1375
30,57536,73,1,1,368,842
35,57685,379,1,1,691,1794
33,57756,378,1,1,691,1278
34,57767,504,1,1,827,1498
23,57821,376,1,1,691,1520
35,57886,383,1,1,691,1211
34,58089,369,1,1,691,2131
32,58144,507,1,1,827,1509
28,58329,508,1,1,824,1689
33,58352,379,1,1,691,1892
27,58443,377,1,1,691,1808
32,58475,381,1,1,691,1999
31,58532,369,1,1,691,1933
26,58800,377,1,1,691,1435
30,58929,380,1,1,691,1679
34,59162,377,1,1,691,1406
31,59286,374,1,1,691,1750
33,59323,381,1,1,691,1829
36,59362,382,1,1,691,1677
29,59372,60,1,1,356,1043
32,59414,381,1,1,691,882
34,59517,383,1,1,691,1165
24,59663,379,1,1,691,1842
35,59697,377,1,1,691,1930
33,59764,380,1,1,691,1620
36,59775,374,1,1,691,1889
33,59929,380,1,1,691,1454
28,59938,380,1,1,691,1495
27,60121,377,1,1,691,1321
35,60473,382,1,1,691,1311
35,60571,78,1,1,373,2482
33,60605,377,1,1,691,1191
34,60712,61,1,1,356,1389
31,60766,373,1,1,691,1837
25,60908,71,1,1,365,1245
34,61136,379,1,1,691,1372
37,61142,377,1,1,691,1780
32,61214,379,1,1,691,1928
30,61253,377,1,1,691,1881
36,61270,61,1,1,357,1573
35,61296,376,1,1,691,1779
36,61445,377,1,1,691,972
29,61445,62,1,1,358,1507
36,61493,61,1,1,357,922
37,61628,377,1,1,691,1853
34,61661,376,1,1,691,1732
33,61832,68,1,1,363,618
28,61881,377,1,1,691,1760
26,62135,78,1,1,372,1227
30,62840,369,1,1,691,1395
34,62858,356,1,1,691,2253
31,62979,362,1,1,691,1726
37,63119,334,1,1,691,1849
32,63239,341,1,1,691,2473
38,63345,384,1,1,691,1717
36,63571,510,1,1,827,2275
35,63695,507,1,1,827,2559
38,63956,386,1,1,695,2814
27,64308,372,1,1,691,2173
29,64312,510,1,1,827,2431
32,64328,60,1,1,356,1349
36,64698,60,1,1,356,1003
38,64700,379,1,1,691,1581
31,64706,372,1,1,691,1866
35,64808,212,1,1,659,4096
39,64857,63,1,1,359,1512
37,64894,62,1,1,358,1323
33,65153,376,1,1,691,1914
37,65541,187,1,1,652,4096
37,65589,-14,1,1,437,4096
35,65757,193,1,1,603,4096
39,65808,512,1,1,827,1852
30,65872,369,1,1,691,1560
38,65876,60,1,1,356,982
28,65897,379,1,1,691,1589
34,65928,183,1,1,603,4096
37,65948,77,1,1,373,1250
32,66225,381,1,1,691,1519
39,66295,380,1,1,691,1595
40,66307,385,1,1,691,1450
36,66346,386,1,1,691,1538
34,66545,60,1,1,356,1392
33,66671,494,1,1,819,2343
39,66809,79,1,1,373,933
35,66954,148,1,1,603,4096
38,66959,383,1,1,691,1370
38,67224,507,1,1,827,1683
29,67228,377,1,1,691,1331
36,67355,384,1,1,691,1598
38,67526,385,1,1,691,1578
35,67578,377,1,1,691,1650
37,67743,378,1,1,691,1397
31,67782,494,1,1,827,1910
39,67818,79,1,1,373,859
33,67932,375,1,1,691,1707
40,67967,370,1,1,691,1672
40,67979,510,1,1,827,2171
41,68182,506,1,1,827,1875
36,68229,384,1,1,691,1275
40,68272,73,1,1,368,1463
35,68451,375,1,1,691,1906
34,68485,380,1,1,691,1814
37,68618,60,1,1,356,1263
39,68688,64,1,1,359,1464
39,68890,61,1,1,357,1364
41,68994,485,1,1,801,1027
30,69127,381,1,1,691,1899
36,69135,379,1,1,691,1557
37,69137,381,1,1,691,908
38,69380,370,1,1,691,1637
34,69461,369,1,1,691,1529
40,69490,381,1,1,694,1672
41,69533,374,1,1,691,1554
32,69546,374,1,1,691,1764
41,69665,375,1,1,693,1393
42,69725,374,1,1,691,1543
38,69889,61,1,1,357,1271
42,69903,60,1,1,356,909
35,70263,506,1,1,827,1778
40,70303,70,1,1,365,1615
33,70486,380,1,1,691,940
41,70500,377,1,1,691,1010
37,70561,376,1,1,691,1426
42,70596,374,1,1,691,1063
35,70663,367,1,1,691,1202
31,70927,357,1,1,691,1800
40,70968,377,1,1,691,2078
38,71018,378,1,1,691,1881
42,71026,381,1,1,691,1361
43,71042,382,1,1,691,1317
43,71076,383,1,1,691,1173
39,71223,378,1,1,691,1843
36,71547,79,1,1,373,884
39,71690,371,1,1,691,1801
34,71875,379,1,1,691,1389
41,72050,380,1,1,691,1747
40,72112,380,1,1,691,889
42,72137,382,1,1,691,1637
32,72248,385,1,1,691,1321
43,72251,381,1,1,691,1655
38,72255,382,1,1,691,1694
36,72454,371,1,1,691,2191
36,72547,50,1,1,486,4096
44,72677,377,1,1,691,1635
44,72691,378,1,1,691,1615
43,72702,374,1,1,691,1676
39,72720,375,1,1,691,1702
41,72925,366,1,1,691,1957
37,73125,382,1,1,691,1578
35,73127,376,1,1,691,1252
40,73314,378,1,1,691,1624
43,73443,377,1,1,691,1306
41,73644,378,1,1,691,1532
39,73684,79,1,1,373,1429
37,73717,79,1,1,373,1170
44,73720,380,1,1,691,1469
33,73726,378,1,1,691,1478
42,73813,370,1,1,691,1763
45,74056,387,1,1,697,1365
44,74071,379,1,1,691,1369
40,74094,378,1,1,691,1374
37,74241,376,1,1,691,1787
45,74306,384,1,1,691,1629
36,74693,381,1,1,691,1566
42,74693,373,1,1,691,1768
42,74993,373,1,1,691,1349
41,75087,377,1,1,691,1773
44,75146,378,1,1,691,1703
38,75211,380,1,1,691,1494
38,75370,367,1,1,691,2245
34,75399,375,1,1,691,1673
40,75436,382,1,1,691,1752
45,75460,380,1,1,691,1740
46,75650,384,1,1,691,1594
43,75724,380,1,1,691,1911
41,75737,380,1,1,691,1643
38,75785,381,1,1,691,1544
45,75856,380,1,1,691,1785
42,75973,381,1,1,691,886
46,76001,376,1,1,691,1695
43,76147,384,1,1,691,1454
39,76394,61,1,1,357,1183
43,77115,353,1,1,691,2122
44,77128,368,1,1,691,1404
37,77163,338,1,1,691,2470
45,77197,364,1,1,691,2051
46,77272,496,1,1,819,1812
41,77274,79,1,1,373,1838
47,77501,61,1,1,357,1500
46,77516,61,1,1,357,1660
47,77684,382,1,1,691,2034
35,77701,381,1,1,691,2302
42,77703,379,1,1,691,1966
39,77825,372,1,1,691,2455
43,77888,383,1,1,691,1915
44,78214,383,1,1,691,2067
40,78228,380,1,1,691,1834
39,78607,373,1,1,691,2822
38,78669,379,1,1,691,1506
46,78702,381,1,1,691,1505
44,78849,380,1,1,691,1734
45,78853,375,1,1,691,1725
47,78943,381,1,1,691,1671
42,79072,379,1,1,691,1798
48,79113,381,1,1,691,1612
47,79119,381,1,1,691,1603
36,79213,378,1,1,691,1512
48,79415,378,1,1,691,1731
43,79453,381,1,1,691,1750
40,79487,379,1,1,691,1662
44,79506,380,1,1,691,1618
41,79664,60,1,1,356,1436
45,79898,382,1,1,691,1684
39,79903,379,1,1,691,1234
45,80060,380,1,1,691,1211
40,80257,510,1,1,827,1650
46,80524,368,1,1,691,1671
47,80526,366,1,1,691,1824
49,80579,380,1,1,691,1164
48,80614,379,1,1,691,1671
43,80620,383,1,1,691,1548
44,80718,380,1,1,691,1265
48,80750,360,1,1,691,1631
45,80765,379,1,1,692,1259
37,80767,60,1,1,356,1554
49,81891,341,1,1,691,2778
42,81963,348,1,1,691,2299
46,81994,348,1,1,691,1934
46,82002,364,1,1,692,2104
40,82025,360,1,1,691,2122
41,82104,468,1,1,827,2617
48,82516,380,1,1,691,1990
44,82629,79,1,1,373,2009
50,82714,378,1,1,691,2135
47,82727,373,1,1,691,2203
41,82748,374,1,1,691,2491
50,82831,60,1,1,356,940
45,83164,375,1,1,691,2446
49,83197,378,1,1,691,2583
49,83289,373,1,1,691,2539
43,83405,378,1,1,691,1442
47,83451,379,1,1,691,1457
46,83460,378,1,1,691,2695
38,83602,372,1,1,691,2835
45,83689,60,1,1,356,1060
48,83827,61,1,1,357,1100
41,83879,377,1,1,691,1854
47,83903,371,1,1,691,1901
42,84018,504,1,1,827,1914
42,84159,66,1,1,361,1411
51,84325,79,1,1,373,1494
50,84751,369,1,1,691,1554
51,84755,364,1,1,691,2041
48,84756,362,1,1,691,1305
47,84760,362,1,1,691,1300
39,84893,366,1,1,691,1291
44,84971,60,1,1,356,1566
49,85276,467,1,1,827,2760
43,85392,365,1,1,691,1233
50,85405,381,1,1,691,2116
46,85634,371,1,1,693,1945
48,85816,77,1,1,371,1056
42,85919,396,1,1,709,2040
44,85975,60,1,1,356,583
49,86021,374,1,1,691,2194
48,86060,513,1,1,827,2157
49,86102,79,1,1,373,1346
40,86117,386,1,1,691,1224
52,86448,389,1,1,700,2123
52,86466,370,1,1,691,1711
45,86550,518,1,1,827,1579
51,86642,382,1,1,701,1891
46,87008,645,1,1,938,3844
51,87215,367,1,1,691,1810
49,87228,368,1,1,693,1412
43,87241,380,1,1,693,1322
50,87382,372,1,1,691,2106
47,87417,507,1,1,827,1783
41,87461,60,1,1,356,1344
53,87474,61,1,1,356,1026
50,87624,508,1,1,827,1522
52,87820,507,1,1,827,1178
45,87876,378,1,1,691,1901
53,87885,520,1,1,827,1419
49,88088,377,1,1,691,2028
43,88114,-66,1,1,372,4096
50,88541,355,1,1,691,2520
52,88621,381,1,1,691,1406
46,88638,385,1,1,691,2088
47,88687,378,1,1,691,1679
51,88750,79,1,1,373,1368
46,88765,77,1,1,371,889
44,88872,79,1,1,373,1631
48,88873,79,1,1,373,1456
54,89093,381,1,1,691,1619
44,89166,79,1,1,373,1052
50,89312,568,1,1,914,2084
51,89680,384,1,1,693,2056
48,89747,60,1,1,356,1060
53,89850,375,1,1,691,2030
42,89865,373,1,1,691,2404
49,89876,73,1,1,368,1003
53,89935,377,1,1,691,1314
47,90044,377,1,1,691,1279
50,90076,511,1,1,827,1988
47,90095,505,1,1,827,1457
51,90151,483,1,1,801,1610
54,90229,509,1,1,827,2344
52,90553,73,1,1,368,1803
51,90633,79,1,1,373,1321
52,90761,60,1,1,356,610
55,90853,644,1,1,941,1760
45,91176,371,1,1,691,2010
45,91310,378,1,1,691,2438
52,91441,61,1,1,357,1761
49,91445,59,1,1,355,1698
51,91462,60,1,1,356,1386
54,91532,61,1,1,357,1597
53,91740,57,1,1,354,979
48,91788,374,1,1,691,1693
50,91917,465,1,1,801,2041
53,91927,377,1,1,691,1374
54,91948,358,1,1,691,2098
43,92056,377,1,1,691,2191
52,92058,379,1,1,691,1425
48,92114,374,1,1,691,2070
56,92356,59,1,1,356,1503
55,92513,376,1,1,691,2284
46,92606,377,1,1,691,1296
55,92953,60,1,1,356,1421
50,93066,378,1,1,691,1621
51,93106,379,1,1,691,1189
55,93201,60,1,1,356,1253
49,93275,60,1,1,356,1487
53,93300,370,1,1,691,1859
52,93309,373,1,1,691,1847
53,93347,378,1,1,691,1289
49,93633,78,1,1,373,1519
57,93646,383,1,1,691,1290
54,93678,380,1,1,691,1938
44,93706,379,1,1,691,1650
46,93815,358,1,1,691,2639
54,93831,381,1,1,691,1904
56,93996,382,1,1,691,1483
47,94111,386,1,1,691,1505
52,94348,60,1,1,356,1242
54,94396,79,1,1,373,1096
51,94647,79,1,1,373,1581
56,94833,372,1,1,691,1880
50,95107,372,1,1,691,1832
56,95307,372,1,1,692,2106
53,95366,370,1,1,691,2057
53,95407,72,1,1,367,1059
45,95434,378,1,1,691,1728
50,95462,371,1,1,691,1829
58,95524,380,1,1,691,1878
54,95529,485,1,1,819,2182
55,95578,375,1,1,691,1900
57,95587,372,1,1,691,1591
48,95660,76,1,1,371,1549
47,95689,76,1,1,371,1874
55,95809,61,1,1,357,1978
57,95816,61,1,1,357,983
55,95890,377,1,1,691,1494
54,96020,60,1,1,356,613
52,96447,79,1,1,373,1800
56,96948,359,1,1,693,1370
57,97024,382,1,1,691,1717
51,97055,364,1,1,691,1948
58,97144,378,1,1,691,1328
46,97254,487,1,1,802,1820
55,97407,381,1,1,693,1878
48,97473,60,1,1,356,1784
51,97495,382,1,1,691,2033
56,97607,376,1,1,691,1798
54,97628,387,1,1,697,2262
56,97634,379,1,1,691,1744
59,97804,479,1,1,801,2280
49,97899,473,1,1,801,2239
55,98175,373,1,1,691,2155
58,98177,368,1,1,691,2590
53,98255,79,1,1,373,1808
47,98629,376,1,1,691,1375
52,98658,380,1,1,691,1603
59,98850,367,1,1,691,1706
58,99122,359,1,1,691,2098
55,99130,378,1,1,691,1502
49,99229,378,1,1,691,1756
57,99258,374,1,1,691,1651
52,99279,376,1,1,691,1784
57,99288,365,1,1,691,2340
56,99442,368,1,1,691,2035
50,99462,61,1,1,357,1563
60,99635,381,1,1,691,1831
57,99639,370,1,1,691,2005
54,99912,372,1,1,691,1657
59,99977,373,1,1,691,1800
56,100099,502,1,1,826,1924
60,100497,58,1,1,353,1647
48,100577,372,1,1,691,1948
53,100595,508,1,1,823,1937
50,100838,57,1,1,357,1609
53,100990,382,1,1,691,1711
59,101023,382,1,1,691,1901
56,101024,382,1,1,691,1894
55,101347,60,1,1,356,1435
57,101621,354,1,1,691,2179
51,101660,357,1,1,691,2198
58,101793,346,1,1,691,2535
58,101845,343,1,1,691,2206
57,101948,356,1,1,691,1849
61,101983,356,1,1,693,2348
58,102010,348,1,1,691,2722
54,102015,75,1,1,370,1420
61,102490,370,1,1,691,1993
60,102552,369,1,1,691,2575
54,103041,382,1,1,691,2051
49,103057,370,1,1,691,2480
51,103096,374,1,1,691,2258
56,103118,376,1,1,691,1771
57,103138,375,1,1,691,2114
58,103256,506,1,1,825,1635
58,103308,79,1,1,373,1360
60,103339,368,1,1,691,2316
59,103362,79,1,1,373,1517
61,103462,79,1,1,373,910
62,103833,389,1,1,709,1850
59,103913,366,1,1,691,2120
55,103913,384,1,1,695,1898
59,104218,352,1,1,691,2208
50,104258,383,1,1,691,1201
52,104425,338,1,1,691,2765
59,104480,367,1,1,691,1172
59,104790,511,1,1,827,1534
62,104882,380,1,1,692,2392
52,105047,379,1,1,691,1951
58,105170,379,1,1,691,2032
60,105340,504,1,1,827,1978
60,105576,381,1,1,691,1663
62,105625,495,1,1,827,2163
53,105797,360,1,1,691,1372
63,106404,503,1,1,827,2571
60,106464,60,1,1,356,1984
63,106466,385,1,1,691,841
59,106990,365,1,1,695,1820
55,107137,148,1,1,603,4096
53,107141,365,1,1,694,2094
57,107214,1473,1,1,1787,4096
61,107435,165,1,1,603,4096
60,107492,384,1,1,691,2702
61,107493,371,1,1,691,1917
61,107537,380,1,1,691,2197
54,107881,355,1,1,691,2084
61,108007,402,1,1,709,1543
56,108009,189,1,1,603,4096
64,108116,517,1,1,827,1712
60,108314,127,1,1,603,4096
58,108348,384,1,1,691,1134
51,108354,139,1,1,603,4096
56,108646,374,1,1,691,1509
54,108651,398,1,1,709,1510
62,108974,79,1,1,373,1539
63,108978,6,1,1,461,4096
62,109016,373,1,1,691,1523
59,109213,79,1,1,373,865
65,109231,78,1,1,373,1115
55,109248,386,1,1,691,1367
62,109572,358,1,1,691,2035
57,109704,377,1,1,691,1695
52,109743,386,1,1,691,1389
55,110050,516,1,1,827,1399
60,110312,383,1,1,691,1099
57,110359,387,1,1,691,1713
63,110403,386,1,1,691,1387
64,110562,65,1,1,499,4096
63,110634,404,1,1,709,1062
66,110662,383,1,1,691,1431
58,111059,383,1,1,691,1355
60,111086,177,1,1,612,4096
53,111182,516,1,1,827,1439
62,111561,385,1,1,691,3554
56,111574,405,1,1,708,1524
61,111588,44,1,1,499,4096
56,111611,350,1,1,691,2363
64,111828,386,1,1,691,1425
58,111834,386,1,1,691,1475
61,111888,386,1,1,691,1576
65,112019,383,1,1,691,1457
67,112262,521,1,1,827,1600
64,112262,369,1,1,691,1628
61,112298,517,1,1,827,3984
59,112444,518,1,1,827,1385
57,112784,381,1,1,691,1210
63,113070,153,1,1,445,4096
64,113074,152,1,1,603,4096
65,113486,356,1,1,691,1658
62,113490,357,1,1,691,1902
63,113508,490,1,1,827,1947
54,113530,484,1,1,827,2348
59,113654,60,1,1,356,1820
57,113905,519,1,1,827,2294
62,113929,513,1,1,827,2041
65,114015,380,1,1,691,1753
68,114032,381,1,1,691,1770
66,114209,368,1,1,691,2190
60,114396,60,1,1,356,1952
62,114551,380,1,1,691,2253
64,114840,382,1,1,691,1770
58,114856,519,1,1,826,2072
65,114869,504,1,1,827,1795
66,115110,511,1,1,826,1624
55,115169,383,1,1,691,1639
69,115178,383,1,1,691,1146
61,115182,166,1,1,603,4096
60,115224,384,1,1,691,1570
63,115403,500,1,1,827,1474
66,115509,501,1,1,822,1494
64,115748,399,1,1,709,2240
63,115749,507,1,1,826,2259
61,115801,514,1,1,826,1405
58,115809,355,1,1,691,1904
67,116018,372,1,1,691,1809
59,116113,386,1,1,692,1257
70,116277,79,1,1,373,1099
61,116390,79,1,1,373,1166
65,116489,386,1,1,691,1649
62,116630,60,1,1,356,1448
56,116664,387,1,1,691,1495
67,116741,520,1,1,827,1631
63,116798,495,1,1,827,2247
64,116853,79,1,1,373,1104
64,116979,515,1,1,827,1576
68,117088,387,1,1,691,1070
65,117117,386,1,1,691,1369
67,117553,490,1,1,827,2044
59,117564,369,1,1,691,1755
66,117640,467,1,1,827,2771
62,118414,357,1,1,691,2024
71,118433,364,1,1,691,2156
66,118601,356,1,1,694,2112
60,118693,477,1,1,827,2580
62,118694,314,1,1,691,2893
68,118732,361,1,1,691,1991
64,118894,385,1,1,691,2096
65,119019,513,1,1,827,2166
65,119374,385,1,1,691,2395
68,119486,383,1,1,691,1933
60,119488,385,1,1,691,1924
69,119614,79,1,1,373,882
67,119764,366,1,1,691,2124
66,119810,515,1,1,827,2693
67,119841,377,1,1,691,1240
63,119930,518,1,1,827,3300
63,120013,513,1,1,827,1319
72,120042,387,1,1,691,1609
70,120431,79,1,1,373,817
57,120583,304,1,1,691,3919
61,120804,505,1,1,827,1316
68,120833,386,1,1,691,992
67,121042,387,1,1,691,1232
61,121132,476,1,1,827,2439
69,121184,225,1,1,603,4096
69,121191,374,1,1,691,1705
66,121195,376,1,1,691,1821
64,121399,519,1,1,827,1386
64,121594,520,1,1,827,1664
73,121619,495,1,1,827,1577
65,121620,383,1,1,691,2726
63,122197,522,1,1,936,3783
69,122294,520,1,1,827,1461
62,122303,387,1,1,691,1171
67,122317,379,1,1,691,1122
62,122322,513,1,1,826,1518
68,122494,441,1,1,822,2730
65,122524,406,1,1,709,1125
58,122632,1441,1,1,1749,2049
68,122722,519,1,1,827,1680
71,122784,477,1,1,827,2353
65,122946,389,1,1,694,1352
66,122995,60,1,1,356,1375
74,123080,387,1,1,691,1461
70,123084,495,1,1,827,1900
66,123115,152,1,1,603,4096
68,123164,519,1,1,827,847
63,123353,387,1,1,691,1031
70,123552,519,1,1,827,1258
70,123567,482,1,1,827,2376
59,123897,60,1,1,356,1265
69,123921,508,1,1,825,1199
69,123934,514,1,1,826,1440
66,124019,382,1,1,691,1495
63,124052,373,1,1,691,1749
72,124075,387,1,1,691,1291
66,124148,60,1,1,356,1202
64,124311,79,1,1,373,958
75,124325,383,1,1,691,1245
71,124660,377,1,1,691,1576
67,125061,361,1,1,691,1946
67,125206,78,1,1,373,2211
70,125595,374,1,1,691,1674
60,125773,366,1,1,691,1876
71,125837,358,1,1,691,2270
67,125889,68,1,1,363,1741
71,125917,340,1,1,691,2365
73,125985,62,1,1,358,1910
70,126107,60,1,1,356,2173
65,126212,61,1,1,357,1901
64,126293,384,1,1,827,4096
64,126410,352,1,1,691,2358
69,126445,354,1,1,691,3281
68,126507,73,1,1,368,618
71,127090,462,1,1,801,1495
68,127195,60,1,1,356,1989
66,127198,378,1,1,691,986
65,127353,70,1,1,365,1060
71,127410,60,1,1,356,1303
72,127881,324,1,1,691,3221
72,127984,365,1,1,691,2067
67,128115,188,1,1,603,4096
69,128234,60,1,1,356,1727
72,128318,60,1,1,356,2481
70,128411,60,1,1,356,1966
72,128421,60,1,1,356,1331
76,128421,148,1,1,603,4096
72,128838,383,1,1,691,1428
73,128839,384,1,1,691,855
68,129157,156,1,1,603,4096
68,129200,76,1,1,371,1085
69,129269,370,1,1,691,2074
71,129533,371,1,1,691,1122
67,129566,475,1,1,827,2368
73,129617,356,1,1,691,1736
61,129869,166,1,1,603,4096
74,130081,139,1,1,603,4096
65,130091,488,1,1,827,3681
73,130113,382,1,1,691,1795
70,130133,516,1,1,827,1899
77,130150,380,1,1,691,1729
73,130519,360,1,1,691,2098
68,130947,370,1,1,691,1381
73,130956,370,1,1,691,2118
66,131449,1432,1,1,1787,4096
78,131475,520,1,1,827,1325
62,131505,374,1,1,691,1636
75,131653,516,1,1,827,1572
69,131829,362,1,1,691,2629
74,131883,69,1,1,365,2266
74,131990,61,1,1,356,1877
74,132469,352,1,1,691,1950
69,132646,643,1,1,939,3489
72,132678,354,1,1,691,3145
69,132859,490,1,1,827,1912
74,132935,148,1,1,603,4096
70,133351,508,1,1,827,4082
75,133389,519,1,1,827,1506
74,133418,506,1,1,827,2462
71,133422,517,1,1,827,3289
75,133572,388,1,1,693,1582
76,133575,519,1,1,827,1922
63,133665,386,1,1,691,2160
79,133701,382,1,1,691,2226
70,133702,511,1,1,827,1873
67,133731,516,1,1,827,2282
66,134187,148,1,1,603,4096
70,134294,378,1,1,691,1435
75,134336,513,1,1,827,1867
73,134383,508,1,1,827,1705
75,134453,79,1,1,373,1518
70,134456,505,1,1,827,1810
71,134530,519,1,1,827,1179
76,134930,67,1,1,362,1541
75,135006,373,1,1,691,1588
80,135096,387,1,1,694,1395
77,135106,506,1,1,827,1531
72,135269,381,1,1,691,1847
64,135312,516,1,1,827,1647
76,135449,362,1,1,691,1877
74,135488,502,1,1,819,1105
68,135650,496,1,1,827,1919
76,135747,520,1,1,827,1294
67,135858,521,1,1,827,1671
71,136118,521,1,1,827,1662
72,136135,519,1,1,827,1605
71,136172,353,1,1,691,2470
78,136205,59,1,1,353,1099
65,136384,61,1,1,357,1072
73,136440,60,1,1,356,1171
76,136456,488,1,1,801,1450
77,136645,378,1,1,691,1715
69,137293,360,1,1,691,1643
75,137306,497,1,1,819,1818
72,137331,368,1,1,691,1159
81,137347,363,1,1,691,2251
77,137388,355,1,1,691,1939
79,137493,60,1,1,356,1288
72,137515,60,1,1,356,1397
77,137537,60,1,1,356,1790
73,137580,60,1,1,356,1445
70,138256,377,1,1,691,963
68,138291,379,1,1,691,2433
77,138316,362,1,1,691,1860
71,138390,170,1,1,603,4096
76,138432,372,1,1,827,4096
74,138645,383,1,1,691,2205
82,138774,376,1,1,691,1427
80,138821,387,1,1,691,1328
78,138827,79,1,1,373,2182
72,138976,79,1,1,373,586
73,139150,364,1,1,691,1819
78,139175,387,1,1,691,1787
74,139177,387,1,1,691,1597
73,139758,468,1,1,827,2243
71,139901,368,1,1,691,1645
69,140064,504,1,1,827,1773
79,140250,387,1,1,691,1423
66,140480,148,1,1,603,4096
77,140526,511,1,1,827,2094
81,140554,516,1,1,827,1733
73,140556,521,1,1,827,1580
78,140602,517,1,1,827,2286
75,140603,509,1,1,827,1958
83,140708,504,1,1,827,1934
74,140720,64,1,1,359,1570
75,140781,61,1,1,357,1604
78,141165,564,1,1,939,3628
76,141402,128,1,1,603,4096
74,141715,368,1,1,691,1957
78,141721,366,1,1,691,1195
79,141893,379,1,1,691,1291
70,141933,379,1,1,693,1869
74,141933,376,1,1,691,1377
72,141989,515,1,1,827,2088
82,142002,511,1,1,827,1448
80,142047,379,1,1,691,1797
84,142140,61,1,1,357,1432
76,142294,60,1,1,356,1513
77,142412,61,1,1,357,1010
67,142480,377,1,1,691,2000
75,142482,60,1,1,356,1762
80,142868,378,1,1,691,975
83,143001,512,1,1,827,999
73,143026,375,1,1,691,1037
81,143053,488,1,1,802,1006
75,143062,371,1,1,691,1129
75,143271,378,1,1,691,1556
79,143271,140,1,1,603,4096
79,143280,378,1,1,691,1559
85,143457,386,1,1,691,1317
78,143789,382,1,1,691,1377
76,143806,60,1,1,356,1324
79,143837,333,1,1,691,2672
77,143860,385,1,1,691,1566
68,144022,384,1,1,691,1542
82,144055,60,1,1,356,1002
74,144098,79,1,1,373,1072
76,144140,60,1,1,356,1078
81,144242,382,1,1,691,1374
84,144269,386,1,1,691,1268
80,144496,380,1,1,691,1216
76,144699,148,1,1,603,4096
78,144764,382,1,1,691,904
80,144823,377,1,1,691,1552
80,144849,377,1,1,691,1012
76,144877,374,1,1,691,1606
86,144909,377,1,1,691,1452
77,144957,385,1,1,691,1151
79,145254,384,1,1,691,1465
75,145283,79,1,1,373,1185
85,145289,386,1,1,691,1020
81,145360,78,1,1,373,864
77,145525,379,1,1,691,1385
69,145653,370,1,1,691,1631
82,145671,384,1,1,691,1429
77,145915,386,1,1,691,1216
71,146029,148,1,1,603,4096
80,146031,79,1,1,373,777
81,146063,386,1,1,691,1240
83,146111,370,1,1,691,2056
79,146111,384,1,1,691,1347
81,146131,60,1,1,356,1282
82,146293,79,1,1,373,933
77,146319,380,1,1,691,1442
78,146442,382,1,1,691,1485
78,146465,79,1,1,373,550
83,146805,505,1,1,827,1134
86,146835,372,1,1,691,1546
70,146835,79,1,1,373,1182
78,146911,366,1,1,691,1386
76,146926,376,1,1,691,1643
80,146980,381,1,1,691,869
82,147010,79,1,1,373,947
79,147605,384,1,1,691,1140
82,147708,374,1,1,691,1577
81,148032,380,1,1,691,2001
72,148047,372,1,1,691,2018
83,148048,379,1,1,691,1755
87,148124,380,1,1,691,1289
77,148178,365,1,1,691,1252
79,148230,68,1,1,363,1788
84,148241,68,1,1,363,1436
78,148288,377,1,1,691,1969
80,148831,73,1,1,373,1226
87,149005,151,1,1,603,4096
84,149050,490,1,1,826,2939
83,149055,509,1,1,827,2045
71,149077,386,1,1,691,2242
81,149125,375,1,1,691,2145
79,149325,384,1,1,691,2414
82,149630,377,1,1,691,1598
83,149698,369,1,1,691,1990
84,149869,60,1,1,356,1821
88,149877,79,1,1,373,872
80,149974,60,1,1,356,1744
81,150006,79,1,1,373,1175
88,150094,384,1,1,691,1970
78,150204,378,1,1,691,2026
85,150242,378,1,1,691,2001
79,150267,377,1,1,691,1979
73,150268,384,1,1,691,2221
84,150298,79,1,1,373,600
72,150407,382,1,1,691,1330
84,150633,374,1,1,691,1578
82,150723,378,1,1,691,1598
80,151021,368,1,1,691,1696
85,151299,509,1,1,826,2249
89,151544,382,1,1,691,1667
89,151592,384,1,1,691,1498
81,151626,506,1,1,826,1652
85,151650,381,1,1,691,1781
83,151652,382,1,1,691,2022
79,151667,79,1,1,373,1463
80,151702,382,1,1,691,1435
82,151947,373,1,1,691,1941
73,152193,368,1,1,691,1786
74,152212,374,1,1,695,1944
85,152362,375,1,1,691,1729
85,152372,369,1,1,691,2074
86,152450,344,1,1,691,2208
86,153248,372,1,1,691,1598
83,153361,61,1,1,357,1414
86,153583,345,1,1,691,2284
83,153685,475,1,1,827,2962
82,153724,508,1,1,827,2098
84,153795,60,1,1,356,2143
90,154042,379,1,1,691,2450
74,154122,379,1,1,691,1929
86,154146,60,1,1,356,1784
90,154478,366,1,1,691,2934
80,154504,378,1,1,691,2837
84,154603,503,1,1,827,1242
87,154640,382,1,1,691,1392
87,154666,379,1,1,691,2216
86,154795,380,1,1,691,2423
81,155117,159,1,1,603,4096
81,155339,79,1,1,373,835
83,155367,372,1,1,694,1643
75,155415,369,1,1,691,3203
85,155482,382,1,1,691,1687
81,155798,148,1,1,603,4096
91,155984,520,1,1,827,1942
75,156183,507,1,1,827,2061
87,156543,382,1,1,691,1748
88,156758,381,1,1,691,2118
87,157679,260,1,1,691,4096
87,157755,426,1,1,827,3609
84,157771,286,1,1,691,4086
85,157869,60,1,1,356,3266
82,157954,374,1,1,691,2837
86,158145,79,1,1,373,2663
91,158200,378,1,1,691,3722
92,158687,383,1,1,691,2703
89,158755,383,1,1,691,1997
84,158755,382,1,1,691,3388
88,158762,188,1,1,534,4096
88,158796,407,1,1,709,2253
82,158800,398,1,1,709,3002
85,158891,79,1,1,373,1120
76,158960,372,1,1,691,2777
82,159085,521,1,1,827,3746
87,159300,520,1,1,827,1155
83,159466,79,1,1,373,1512
76,159511,345,1,1,691,4096
85,159753,60,1,1,356,998
90,159930,61,1,1,356,1175
93,159931,79,1,1,373,1244
88,160032,79,1,1,373,2277
83,160137,79,1,1,373,1052
89,160604,368,1,1,691,1842
86,160631,371,1,1,691,1740
92,160698,467,1,1,827,2498
84,160934,383,1,1,691,797
88,161012,60,1,1,356,1712
89,161232,374,1,1,691,2436
94,161233,378,1,1,691,1302
83,161233,377,1,1,691,2433
89,161361,373,1,1,691,1329
86,161479,480,1,1,801,1726
91,161577,381,1,1,691,1647
88,161775,60,1,1,515,4096
77,161879,372,1,1,691,2919
86,161965,148,1,1,603,4096
90,162061,375,1,1,691,1457
87,162250,374,1,1,691,1619
93,162390,781,1,1,1109,1692
85,162741,367,1,1,691,1807
87,162746,381,1,1,691,1267
90,162781,79,1,1,373,1549
77,163028,504,1,1,827,3517
84,163051,402,1,1,709,1818
90,163153,387,1,1,691,1792
89,163461,520,1,1,827,1686
84,163562,296,1,1,691,4096
94,163635,400,1,1,709,1245
78,163641,386,1,1,691,1762
87,163649,382,1,1,691,1684
92,163659,503,1,1,827,2082
88,163763,404,1,1,709,1513
91,164030,363,1,1,691,1969
78,164349,379,1,1,691,1321
91,164372,516,1,1,827,1591
91,164837,377,1,1,691,1684
85,164853,380,1,1,691,1291
93,164856,79,1,1,373,1197
89,164950,79,1,1,373,1187
79,164963,382,1,1,691,1322
89,165108,236,1,1,691,4096
95,165168,386,1,1,691,1533
90,165326,367,1,1,691,1865
95,165329,160,1,1,603,4096
92,165349,386,1,1,691,977
88,165362,386,1,1,691,1713
79,165468,384,1,1,691,1119
92,165601,383,1,1,691,1571
94,165655,79,1,1,373,799
96,166220,387,1,1,691,1052
89,166239,77,1,1,372,877
90,166271,79,1,1,373,1163
80,166272,79,1,1,373,804
88,166272,932,1,1,1333,3526
80,166324,384,1,1,691,1361
90,166349,385,1,1,691,1399
95,166397,79,1,1,373,742
93,166468,59,1,1,355,1119
86,166837,315,1,1,619,4096
91,166885,376,1,1,691,1559
96,166892,507,1,1,827,1563
92,166941,507,1,1,827,2104
86,166985,337,1,1,691,2132
91,167045,384,1,1,691,774
85,167147,148,1,1,603,4096
94,167671,365,1,1,691,1203
89,167678,374,1,1,691,1406
93,167957,79,1,1,373,2356
91,168303,498,1,1,826,1954
81,168346,505,1,1,826,2074
90,168469,476,1,1,801,2230
81,168511,373,1,1,692,2187
96,168511,497,1,1,824,2114
87,168699,387,1,1,691,1862
97,168857,484,1,1,801,2637
92,168950,382,1,1,691,1905
93,169041,516,1,1,825,2100
90,169157,79,1,1,373,1479
97,169255,374,1,1,691,2363
86,169286,499,1,1,826,2139
87,169302,376,1,1,691,2317
94,169497,403,1,1,709,1540
95,169570,384,1,1,693,1899
82,169587,378,1,1,691,1241
88,170049,377,1,1,691,1350
98,170300,374,1,1,691,1443
91,170468,79,1,1,373,1311
91,170933,341,1,1,691,2464
92,170981,168,1,1,603,4096
92,172399,154,1,1,603,4096
94,172428,312,1,1,709,3387
93,172450,485,1,1,822,1469
98,172459,420,1,1,824,3204
87,172552,289,1,1,691,3266
97,172607,387,1,1,691,4096
82,172607,279,1,1,691,4096
92,172716,465,1,1,819,1783
95,172849,517,1,1,826,3352
88,172961,487,1,1,801,3659
93,172981,385,1,1,693,4031
96,173141,515,1,1,826,3571
93,173419,375,1,1,691,1020
83,173445,363,1,1,691,3858
99,173537,60,1,1,356,3237
89,173555,378,1,1,691,3506
99,173622,79,1,1,373,1163
95,173728,79,1,1,373,1300
83,173756,79,1,1,373,1149
96,173885,384,1,1,691,1036
93,173888,79,1,1,373,1172
88,173903,386,1,1,691,1351
94,173918,387,1,1,691,1468
92,174075,78,1,1,372,3607
89,174134,381,1,1,691,1173
96,174289,79,1,1,373,561
97,174348,383,1,1,691,1207
84,174516,519,1,1,826,1071
84,174520,79,1,1,373,764
100,174919,518,1,1,827,1382
94,174935,382,1,1,691,1047
94,174941,512,1,1,826,1522
94,175115,492,1,1,801,2134
100,175143,507,1,1,822,1521
93,175516,387,1,1,691,1441
90,175551,363,1,1,691,1996
90,175614,508,1,1,820,1480
95,175707,491,1,1,801,1789
97,175790,380,1,1,691,1501
97,176012,387,1,1,691,2127
85,176057,378,1,1,691,1541
98,176167,365,1,1,691,3560
85,176469,388,1,1,709,1949
95,176477,401,1,1,708,1536
95,176497,402,1,1,708,1382
101,176498,395,1,1,707,1579
101,176517,377,1,1,690,1374
91,176542,387,1,1,690,991
95,176603,483,1,1,801,1668
94,177214,376,1,1,691,1698
96,177231,509,1,1,824,1524
98,177354,511,1,1,823,1342
96,177462,405,1,1,709,985
89,177999,148,1,1,603,4096
86,178044,382,1,1,691,1575
92,178065,399,1,1,707,1523
96,178070,400,1,1,708,1467
95,178196,486,1,1,801,982
96,178208,488,1,1,801,1711
102,178211,387,1,1,691,1694
98,178444,79,1,1,534,4096
97,178551,404,1,1,708,1320
90,178997,386,1,1,691,998
86,179022,335,1,1,691,2965
97,179083,491,1,1,801,875
91,179138,375,1,1,801,3524
99,179309,79,1,1,373,1955
93,179377,387,1,1,694,1312
96,179396,61,1,1,356,1200
103,179449,508,1,1,819,1238
97,179520,508,1,1,818,1450
87,179525,491,1,1,801,1481
99,179853,404,1,1,709,3686
98,179886,373,1,1,827,4096
99,180172,494,1,1,820,1728
98,180233,508,1,1,827,1682
91,180268,518,1,1,827,1271
92,180287,519,1,1,827,1149
98,180359,518,1,1,827,1276
97,180454,519,1,1,827,1058
87,180586,386,1,1,691,1564
102,180594,409,1,1,853,4096
94,180676,388,1,1,692,1299
100,180742,515,1,1,827,1433
104,180799,387,1,1,691,1350
88,180966,385,1,1,691,1441
98,181137,386,1,1,691,1617
93,181247,79,1,1,373,960
100,181417,517,1,1,824,1245
97,181558,204,1,1,656,4096
99,181687,495,1,1,802,1328
95,181715,403,1,1,709,1039
100,181788,519,1,1,827,1935
103,181811,406,1,1,709,1217
88,181842,79,1,1,373,1256
99,181843,519,1,1,827,1610
98,181934,517,1,1,827,1480
92,182009,498,1,1,827,1741
105,182062,509,1,1,819,1263
99,182072,452,1,1,801,2186
99,182543,514,1,1,822,1406
96,182590,515,1,1,822,875
101,182643,486,1,1,819,1901
100,182837,79,1,1,373,1150
93,182886,79,1,1,373,877
104,182893,77,1,1,373,1082
94,183429,467,1,1,827,2182
98,183436,509,1,1,827,1878
101,183617,503,1,1,827,1829
100,183643,496,1,1,821,1571
89,183790,374,1,1,691,1948
100,184098,514,1,1,827,1555
97,184104,515,1,1,827,1514
102,184150,387,1,1,691,1507
99,184277,405,1,1,709,2343
94,184292,406,1,1,709,1406
105,184347,519,1,1,827,1454
101,184514,509,1,1,827,1677
99,184551,402,1,1,709,1115
95,184913,519,1,1,827,1484
102,184992,515,1,1,823,1375
89,185062,-31,1,1,419,4096
100,185416,398,1,1,709,1139
101,185513,-31,1,1,419,4096
98,185544,394,1,1,709,1440
95,185596,382,1,1,690,1304
101,185763,375,1,1,691,1665
103,185807,385,1,1,691,1657
96,185915,79,1,1,373,1002
100,185939,-32,1,1,259,4096
106,186158,148,1,1,603,4096
102,186362,378,1,1,691,1848
103,186486,391,1,1,709,1494
99,187156,79,1,1,373,1612
97,187205,382,1,1,691,1290
90,187356,363,1,1,691,2294
104,187439,382,1,1,691,1632
102,187443,380,1,1,691,1930
107,187529,387,1,1,691,1371
101,187587,382,1,1,691,1648
96,187589,382,1,1,691,1993
103,187593,387,1,1,691,1231
104,187720,387,1,1,691,1234
101,187739,236,1,1,691,4096
90,187886,242,1,1,691,4096
106,188443,151,1,1,603,4096
103,188484,384,1,1,691,1041
100,188647,40,1,1,461,4096
98,188666,385,1,1,691,1461
105,188716,386,1,1,691,1277
108,188822,385,1,1,691,1293
102,188889,384,1,1,691,1302
105,188926,61,1,1,356,1206
102,189080,384,1,1,691,1341
107,189240,79,1,1,373,797
100,189283,339,1,1,691,2127
101,189512,237,1,1,691,4096
102,189859,236,1,1,691,4096
91,190210,341,1,1,691,2324
104,190219,351,1,1,691,1735
97,190239,344,1,1,691,2650
99,190385,68,1,1,363,1719
91,190468,412,1,1,818,3112
104,190658,428,1,1,825,3065
106,190893,378,1,1,691,1967
103,190991,376,1,1,691,2102
106,191125,362,1,1,691,2409
103,191523,359,1,1,691,1664
102,191541,374,1,1,696,2029
103,191561,371,1,1,691,2481
101,191604,364,1,1,691,2321
108,191687,495,1,1,827,2447
100,191708,63,1,1,358,1323
105,191731,64,1,1,359,1512
98,191745,63,1,1,359,1506
92,192082,381,1,1,691,1872
104,192415,63,1,1,358,854
105,192616,376,1,1,691,1958
107,192695,379,1,1,693,1570
92,192721,375,1,1,691,2253
104,192732,382,1,1,692,1741
101,192743,148,1,1,603,4096
109,192918,148,1,1,603,4096
109,193171,381,1,1,691,1484
101,193295,379,1,1,691,1587
102,193486,376,1,1,691,1882
93,193691,78,1,1,373,970
103,193818,379,1,1,691,2277
106,193882,1030,1,1,1333,2151
105,193952,373,1,1,691,1537
105,193993,379,1,1,691,1261
93,194019,372,1,1,691,1937
102,194044,378,1,1,691,1301
107,194148,321,1,1,691,3255
104,194167,327,1,1,691,2644
106,194284,380,1,1,691,1668
110,194549,377,1,1,691,1631
110,194826,375,1,1,691,1655
108,194943,369,1,1,691,2248
94,195132,485,1,1,801,1441
106,195247,382,1,1,691,1295
111,195433,79,1,1,373,884
99,195841,7,1,1,462,4096
107,196392,335,1,1,691,2108
94,196445,455,1,1,816,2426
104,196452,323,1,1,691,2634
107,196460,473,1,1,801,1213
108,196487,321,1,1,691,2339
106,196489,444,1,1,801,2496
103,196558,455,1,1,818,3072
103,196704,438,1,1,821,2660
107,196814,406,1,1,709,2932
102,196949,385,1,1,691,3654
112,197381,381,1,1,691,1948
100,197454,401,1,1,709,1613
109,197461,406,1,1,709,2518
111,197512,404,1,1,709,2686
95,197515,384,1,1,689,2383
105,197543,502,1,1,821,3376
107,197875,385,1,1,691,1386
108,198211,511,1,1,827,1751
105,198231,79,1,1,373,1779
109,198234,518,1,1,827,1747
113,198369,79,1,1,373,988
104,198470,370,1,1,691,1912
