0,737,44,1,1,340,738
0,2439,36,1,1,336,2440
0,2734,-9,1,1,300,2735
0,2988,647,1,1,939,2989
0,3073,637,1,1,932,3074
0,3832,634,1,1,936,3833
0,3906,496,1,1,936,3907
0,3984,627,1,1,924,3985
0,4095,197,1,1,502,4096
0,4095,632,1,1,914,4096
0,4095,571,1,1,882,4096
0,4095,222,1,1,545,4096
0,4095,169,1,1,538,4096
0,4095,6,1,1,318,4096
0,4095,281,1,1,733,4096
0,4095,695,1,1,1147,4096
1,4197,640,1,1,939,3460
1,4838,59,1,1,354,743
1,6336,316,1,1,688,2352
1,6425,628,1,1,927,3437
1,6535,328,1,1,780,4096
1,6811,647,1,1,940,3738
1,6830,100,1,1,441,4096
2,7281,52,1,1,356,3084
1,7455,641,1,1,941,3360
2,7696,41,1,1,354,1271
1,7755,615,1,1,913,3660
1,7928,679,1,1,1130,4096
1,8002,347,1,1,681,4096
1,8191,165,1,1,530,4096
1,8191,375,1,1,739,4096
1,8191,418,1,1,804,4096
1,8191,204,1,1,538,4096
1,8191,324,1,1,713,4096
2,8934,251,1,1,617,4096
2,9243,29,1,1,329,1052
3,9701,25,1,1,323,2005
2,10411,632,1,1,938,2956
2,10432,277,1,1,620,4096
2,10465,623,1,1,917,3930
2,10794,641,1,1,939,2866
2,10907,337,1,1,792,4096
2,10926,545,1,1,995,4096
2,11053,635,1,1,928,3051
3,11377,1146,1,1,1508,4096
3,11458,-4,1,1,297,993
2,11584,642,1,1,934,3393
3,11670,7,1,1,312,2736
2,11851,228,1,1,606,4096
2,11982,644,1,1,937,3791
2,12287,235,1,1,565,4096
2,12287,178,1,1,563,4096
3,13126,626,1,1,926,3883
3,13313,646,1,1,938,2902
3,13605,388,1,1,782,2811
4,13797,292,1,1,664,4096
3,14069,42,1,1,339,1782
3,14528,642,1,1,915,4096
4,14565,512,1,1,919,2895
3,15003,249,1,1,616,4096
3,15022,383,1,1,763,4096
3,15149,171,1,1,517,4096
4,15242,35,1,1,338,3865
4,15554,591,1,1,886,4096
3,15680,259,1,1,597,4096
3,15947,487,1,1,941,4096
3,16078,289,1,1,642,4096
4,16188,627,1,1,927,2119
3,16383,386,1,1,838,4096
4,16509,639,1,1,934,2904
4,16810,637,1,1,930,2282
4,17138,20,1,1,322,1458
4,17222,382,1,1,744,4096
5,17343,39,1,1,338,2101
4,17360,637,1,1,937,2211
4,17409,71,1,1,379,4096
5,17512,645,1,1,937,1958
5,17893,241,1,1,602,4096
5,17994,45,1,1,341,856
4,18409,397,1,1,774,2331
4,18458,631,1,1,941,3436
5,18661,469,1,1,827,4096
4,19099,317,1,1,702,4096
4,19116,18,1,1,328,2733
5,19362,44,1,1,341,953
4,20043,145,1,1,461,4096
5,20284,442,1,1,815,4096
5,20286,623,1,1,923,3064
5,20431,646,1,1,941,3071
5,20478,636,1,1,932,3668
5,20596,631,1,1,926,3187
6,20601,66,1,1,364,3089
5,20605,201,1,1,539,4096
6,20681,321,1,1,672,2788
5,20804,55,1,1,351,1705
6,21439,148,1,1,473,4096
5,21788,642,1,1,935,2672
5,22063,504,1,1,938,3605
6,22090,201,1,1,538,4096
6,22096,643,1,1,936,2734
6,22516,-13,1,1,294,2085
6,22530,871,1,1,1323,3869
6,22947,627,1,1,925,2663
6,23183,63,1,1,359,2897
6,23185,617,1,1,917,2707
5,23204,649,1,1,941,3161
7,23897,634,1,1,931,1807
7,24503,796,1,1,1111,3822
6,24692,1211,1,1,1596,4096
7,24697,425,1,1,877,4096
6,24701,488,1,1,880,4096
6,24900,273,1,1,654,4096
6,25183,632,1,1,926,3120
7,25448,637,1,1,935,4009
8,25479,65,1,1,361,1582
7,25788,641,1,1,939,2603
6,25884,732,1,1,1184,4096
7,25946,978,1,1,1316,3850
7,26018,498,1,1,931,3502
7,26626,68,1,1,366,4096
8,27041,37,1,1,344,1253
7,27043,253,1,1,601,4096
7,27279,755,1,1,1219,4096
6,27300,475,1,1,930,4096
7,27409,545,1,1,927,2708
8,27689,755,1,1,1077,3186
7,27713,32,1,1,329,3021
8,28115,272,1,1,641,3418
8,28127,457,1,1,841,2679
7,28339,518,1,1,938,3156
7,28508,-12,1,1,288,3608
9,29575,478,1,1,894,4096
8,29701,644,1,1,937,3075
8,29821,638,1,1,934,2412
7,29980,902,1,1,1354,4096
8,30042,615,1,1,1012,4096
8,30114,396,1,1,809,4096
8,30803,638,1,1,939,3524
8,30873,534,1,1,923,2534
8,30882,632,1,1,939,3839
8,31068,48,1,1,345,2560
9,31137,338,1,1,691,4096
7,31396,471,1,1,856,4096
9,31785,71,1,1,375,4096
9,31807,361,1,1,738,3680
8,31809,117,1,1,430,4096
10,31833,638,1,1,932,2258
9,32211,823,1,1,1278,4096
9,32513,311,1,1,691,2471
9,33216,622,1,1,919,2334
9,33797,308,1,1,708,4096
9,33917,434,1,1,859,4096
9,33925,573,1,1,934,3052
8,34076,887,1,1,1339,4096
9,34210,-18,1,1,277,4096
10,34220,643,1,1,939,3083
8,34407,622,1,1,916,3011
9,34440,-23,1,1,280,3372
9,34899,613,1,1,1014,4096
10,35649,519,1,1,937,3136
11,35867,-8,1,1,299,4034
10,35881,189,1,1,536,4096
10,35903,627,1,1,939,4096
9,35905,956,1,1,1411,4096
10,36307,252,1,1,664,4096
10,36323,643,1,1,936,3107
10,36461,638,1,1,931,2536
11,36730,35,1,1,337,827
10,36829,365,1,1,690,2912
9,36979,-17,1,1,294,2572
10,37022,319,1,1,677,3225
10,37029,67,1,1,362,2819
10,37298,607,1,1,910,2399
9,37548,641,1,1,935,3472
11,38154,435,1,1,827,3934
10,38183,639,1,1,932,3743
11,38831,37,1,1,340,1802
11,39010,610,1,1,935,3129
10,39203,631,1,1,928,3298
11,39623,564,1,1,939,2325
11,39685,1279,1,1,1629,3378
11,39745,675,1,1,1138,4096
12,39963,372,1,1,740,4096
10,39980,626,1,1,920,2432
11,40290,634,1,1,930,3268
11,40419,261,1,1,631,4096
11,40557,204,1,1,601,4096
11,40779,440,1,1,827,2596
12,40826,368,1,1,824,4096
11,40925,690,1,1,993,4096
10,41075,192,1,1,554,4096
11,41561,-25,1,1,277,2358
12,41565,30,1,1,334,1820
12,42250,384,1,1,787,4096
11,42492,637,1,1,933,2512
13,42734,635,1,1,930,2771
12,42927,819,1,1,1279,4096
12,43106,149,1,1,499,4096
13,43311,778,1,1,1086,2485
11,43683,-22,1,1,286,2608
12,43719,897,1,1,1316,4096
12,43781,493,1,1,948,4096
12,43825,714,1,1,1041,3535
12,44127,40,1,1,339,3708
12,44211,534,1,1,913,3654
12,44369,626,1,1,918,3590
12,44390,644,1,1,937,3465
14,45202,324,1,1,665,2468
12,45450,326,1,1,657,3889
13,45661,15,1,1,316,4096
13,45673,55,1,1,351,1283
12,46047,636,1,1,936,2364
14,46341,614,1,1,913,3030
13,46346,154,1,1,508,4096
13,46463,820,1,1,1120,2682
12,46588,335,1,1,687,4096
13,46791,984,1,1,1323,2966
13,47023,301,1,1,683,4096
13,47132,637,1,1,938,2921
13,47136,769,1,1,1100,3009
13,47202,449,1,1,900,4096
13,47358,641,1,1,933,3639
13,47652,62,1,1,357,2202
15,48015,532,1,1,932,2813
14,48028,69,1,1,364,670
14,48362,323,1,1,722,2689
13,48465,441,1,1,893,4096
13,49207,464,1,1,805,2619
14,49427,559,1,1,931,2291
15,49551,513,1,1,924,3210
14,49670,794,1,1,1099,3324
14,49757,213,1,1,603,4096
13,50143,540,1,1,992,4096
15,50382,645,1,1,938,2354
14,50559,503,1,1,846,4096
16,50700,483,1,1,827,2685
14,50887,145,1,1,470,4096
14,51119,674,1,1,1098,4096
14,51228,218,1,1,616,4096
16,51259,488,1,1,827,1708
14,51298,340,1,1,691,4096
14,51494,538,1,1,927,3842
15,52342,347,1,1,687,3980
14,52483,371,1,1,691,3276
14,52561,430,1,1,813,4096
14,52722,360,1,1,690,2579
15,53367,439,1,1,827,3940
15,53766,273,1,1,662,4096
15,53853,489,1,1,827,4096
15,53901,555,1,1,944,2673
15,54084,641,1,1,938,2965
15,54432,264,1,1,620,3134
16,54478,198,1,1,522,4096
15,54655,183,1,1,510,4096
17,54753,635,1,1,935,3494
17,54796,39,1,1,339,4096
16,54820,56,1,1,355,2478
15,54983,537,1,1,939,4096
15,55590,1059,1,1,1420,4096
16,55918,279,1,1,638,2065
16,56065,559,1,1,927,2164
16,56349,645,1,1,938,2982
15,56386,631,1,1,925,3825
18,56447,63,1,1,361,1694
15,56579,354,1,1,719,4096
15,56669,1324,1,1,1627,3947
16,57593,364,1,1,691,2003
16,57684,996,1,1,1313,3918
16,57744,489,1,1,825,3312
16,57907,357,1,1,680,3252
16,58004,341,1,1,690,3920
17,58110,644,1,1,942,3632
16,58526,1001,1,1,1324,3543
17,58609,630,1,1,923,2544
16,58850,245,1,1,587,2271
17,58881,639,1,1,935,4061
18,58892,433,1,1,835,4096
19,59681,-40,1,1,267,3234
17,59827,474,1,1,827,1920
17,60014,309,1,1,668,4096
17,60445,412,1,1,821,4096
16,60482,191,1,1,579,4096
18,60693,23,1,1,321,1812
16,60765,221,1,1,582,4096
18,60811,43,1,1,343,797
17,61344,632,1,1,937,3751
17,61371,641,1,1,933,3687
17,61840,31,1,1,332,4096
17,62100,775,1,1,1081,4096
17,62173,638,1,1,939,3323
18,62206,739,1,1,1041,4096
19,62350,806,1,1,1113,3458
19,62554,640,1,1,935,1861
17,62622,525,1,1,932,4096
18,62705,117,1,1,419,4096
19,62947,645,1,1,937,2136
17,63042,25,1,1,330,2277
20,63365,582,1,1,939,3684
18,63923,18,1,1,319,2083
18,63923,355,1,1,774,4096
19,63941,643,1,1,936,1735
18,64253,479,1,1,827,3808
18,64297,321,1,1,653,2926
17,64578,568,1,1,876,4096
19,64614,26,1,1,337,1909
18,64676,466,1,1,802,3332
18,64867,472,1,1,829,2694
20,64932,490,1,1,826,2582
20,64992,56,1,1,357,2438
18,65304,391,1,1,775,3204
20,65507,274,1,1,658,2560
18,65805,39,1,1,339,3183
19,66143,56,1,1,356,2220
19,66183,492,1,1,827,1930
19,66890,474,1,1,827,2593
19,67117,649,1,1,941,3194
18,67138,164,1,1,515,4096
20,67304,285,1,1,647,3363
21,67461,280,1,1,603,4096
19,67685,628,1,1,924,2381
20,67693,580,1,1,924,3079
21,68070,411,1,1,763,2563
21,68517,1011,1,1,1331,3585
19,68589,1005,1,1,1326,3913
18,68674,200,1,1,544,4096
19,68963,386,1,1,755,4096
21,69088,1030,1,1,1392,4096
20,69094,641,1,1,933,2951
19,69158,643,1,1,939,2020
20,69381,67,1,1,363,3198
20,69695,971,1,1,1331,2805
19,69901,212,1,1,524,4096
20,70166,647,1,1,939,3049
20,70694,56,1,1,356,2105
20,70996,577,1,1,939,2033
22,71322,641,1,1,936,2805
21,71400,649,1,1,943,4096
22,71504,369,1,1,691,2416
22,71557,685,1,1,984,4096
21,71602,420,1,1,750,2221
20,71781,456,1,1,899,4096
21,71789,225,1,1,575,4096
22,72166,341,1,1,746,4096
19,72551,363,1,1,691,3877
20,72982,953,1,1,1320,3824
23,73033,649,1,1,941,1476
23,73052,463,1,1,806,1730
21,73190,610,1,1,903,4096
20,73365,13,1,1,312,814
22,73673,633,1,1,925,2071
20,73679,361,1,1,691,3778
21,73791,590,1,1,888,4096
21,74262,418,1,1,787,4096
23,74718,67,1,1,366,3214
21,74790,867,1,1,1316,4096
22,75091,340,1,1,691,3302
21,75092,629,1,1,1011,4096
24,75312,636,1,1,939,2279
22,75496,339,1,1,691,4096
23,75571,362,1,1,694,3405
21,75814,647,1,1,939,4033
22,75886,62,1,1,366,2095
24,76047,643,1,1,937,1329
22,76584,35,1,1,335,1794
25,76857,445,1,1,784,1545
22,76960,633,1,1,933,3770
21,77078,335,1,1,695,4096
24,77148,1484,1,1,1845,4096
21,77167,641,1,1,936,3802
21,77392,643,1,1,936,3713
22,77507,356,1,1,676,3245
22,77556,352,1,1,695,1742
23,77769,840,1,1,1289,4096
23,77903,66,1,1,361,2407
22,78063,549,1,1,934,2971
24,78611,646,1,1,938,3040
23,79187,663,1,1,1057,4096
25,79362,571,1,1,934,3315
22,79425,347,1,1,674,2258
26,79533,634,1,1,931,2676
24,79858,69,1,1,368,2089
24,79886,42,1,1,338,1983
23,79899,796,1,1,1109,3315
23,79982,174,1,1,548,4096
23,80229,627,1,1,923,2166
23,80239,376,1,1,754,3279
25,80324,46,1,1,342,3176
27,80847,26,1,1,325,1314
22,81096,448,1,1,822,4018
22,81372,643,1,1,938,3980
24,81491,381,1,1,702,1252
23,81582,62,1,1,357,4026
23,81603,650,1,1,942,4096
24,82371,68,1,1,362,2142
25,82707,618,1,1,915,4096
26,82886,641,1,1,933,3524
24,83283,198,1,1,527,4096
25,83476,409,1,1,789,3590
23,83521,432,1,1,807,4096
24,83588,543,1,1,932,3689
24,83711,1194,1,1,1565,3729
26,83790,972,1,1,1314,3466
28,83936,480,1,1,827,3089
25,83954,241,1,1,565,4096
25,84112,295,1,1,691,2621
23,84377,563,1,1,929,3005
24,84579,65,1,1,360,1058
27,84596,66,1,1,361,1710
24,84624,6,1,1,306,3021
23,85192,167,1,1,478,4096
24,85678,449,1,1,827,4096
25,85907,498,1,1,826,2319
26,86034,781,1,1,1101,2558
26,86424,478,1,1,821,3717
25,86467,261,1,1,616,4096
25,86558,647,1,1,939,3275
26,87087,506,1,1,827,1180
26,87186,519,1,1,939,3232
26,87306,619,1,1,913,3194
27,87364,785,1,1,1097,3574
25,87798,328,1,1,730,4087
29,87858,455,1,1,821,3922
24,88072,640,1,1,932,3695
25,88187,1090,1,1,1431,3563
28,88237,1137,1,1,1462,3641
24,88350,633,1,1,943,3158
25,88422,638,1,1,937,2744
27,88641,69,1,1,364,1455
25,88675,292,1,1,716,4096
26,88895,644,1,1,936,2337
27,88922,40,1,1,337,1616
29,88964,29,1,1,327,727
27,89252,479,1,1,827,2828
28,89720,381,1,1,693,2356
26,89739,370,1,1,691,3272
27,90130,211,1,1,536,4096
28,90355,44,1,1,340,1433
25,90785,-8,1,1,294,2435
26,91053,472,1,1,827,2866
26,91056,348,1,1,681,2634
27,91183,240,1,1,659,4096
28,91184,68,1,1,365,2543
26,91805,498,1,1,939,4007
30,91954,299,1,1,653,4096
27,92052,621,1,1,923,2313
25,92168,172,1,1,492,4096
28,92194,443,1,1,808,2942
26,92545,-26,1,1,275,3870
30,92662,792,1,1,1103,3698
27,92991,253,1,1,575,4096
26,93021,577,1,1,938,2236
29,93422,650,1,1,943,3067
29,93692,63,1,1,359,2508
29,93816,103,1,1,478,4096
27,94034,483,1,1,827,2978
28,94226,144,1,1,463,4096
28,94261,639,1,1,932,3078
28,94473,356,1,1,691,2421
26,94658,642,1,1,939,2490
29,94850,1025,1,1,1333,2656
27,95149,220,1,1,603,4096
27,95193,633,1,1,928,3388
28,95321,813,1,1,1112,2330
31,95571,41,1,1,338,3617
30,95587,339,1,1,691,1895
27,96047,632,1,1,930,3502
30,96188,620,1,1,927,2766
27,96326,643,1,1,935,3305
31,96432,809,1,1,1113,3770
28,96815,65,1,1,361,1622
29,96860,768,1,1,1108,2634
29,97262,625,1,1,926,2789
30,97628,642,1,1,937,3812
28,97804,452,1,1,827,3770
30,97839,368,1,1,691,2989
29,97970,649,1,1,941,3709
28,98158,45,1,1,343,2111
27,98294,630,1,1,922,3636
28,98412,809,1,1,1111,3263
32,98491,641,1,1,934,2059
28,99269,637,1,1,938,2943
29,99417,344,1,1,803,4096
29,99617,980,1,1,1313,2802
32,99667,465,1,1,827,4096
31,99683,378,1,1,768,4096
30,99864,477,1,1,820,3004
30,99867,72,1,1,366,2605
29,99879,648,1,1,941,2075
31,99898,22,1,1,328,2059
31,100202,363,1,1,691,2574
30,100274,423,1,1,793,2304
31,100284,644,1,1,941,4096
32,100973,62,1,1,357,771
29,101225,378,1,1,691,1956
29,101821,20,1,1,319,3409
30,101992,801,1,1,1101,2575
31,102105,647,1,1,939,2238
29,102254,434,1,1,816,4096
33,102346,-8,1,1,293,2679
28,102390,942,1,1,1331,4096
33,102587,118,1,1,421,4096
32,102618,0,1,1,300,2935
32,103001,584,1,1,944,3103
30,103337,640,1,1,939,2112
30,103713,195,1,1,514,4096
31,103960,151,1,1,475,4096
30,103975,325,1,1,663,4096
31,104370,190,1,1,588,4096
32,104380,545,1,1,947,4096
31,104672,375,1,1,691,2680
30,104705,487,1,1,827,2451
33,104839,1320,1,1,1667,3866
32,105203,368,1,1,691,3098
34,105286,500,1,1,827,2699
33,105636,50,1,1,346,2635
30,105713,684,1,1,1105,3892
32,105790,64,1,1,361,1420
34,106074,65,1,1,360,1235
31,106088,779,1,1,1102,2751
31,106117,323,1,1,648,2404
33,106434,502,1,1,827,1231
34,106442,-45,1,1,250,4096
29,106486,810,1,1,1206,4096
31,106497,346,1,1,691,1792
33,106714,147,1,1,447,4096
32,106922,506,1,1,827,2250
33,106940,68,1,1,363,1150
35,107407,650,1,1,942,2121
31,107488,814,1,1,1117,3513
32,107740,64,1,1,359,1652
32,108056,121,1,1,475,4096
34,108081,46,1,1,348,1141
33,108476,1061,1,1,1411,4096
32,108779,69,1,1,373,2662
31,109251,647,1,1,939,3538
34,109400,1021,1,1,1333,2966
32,109485,344,1,1,691,2988
35,109643,647,1,1,944,3201
35,109671,27,1,1,326,3597
33,109724,442,1,1,789,2802
34,109732,277,1,1,640,4096
35,110012,66,1,1,361,612
36,110305,69,1,1,363,634
33,110326,371,1,1,690,2270
36,110459,467,1,1,827,3052
33,110485,360,1,1,691,1706
30,110582,532,1,1,921,4096
34,110810,631,1,1,923,4096
32,111039,339,1,1,704,3551
36,111771,555,1,1,925,2128
33,111836,38,1,1,312,4096
35,112177,155,1,1,545,4096
34,112433,633,1,1,925,3957
32,112437,644,1,1,939,3186
34,112659,490,1,1,818,2935
37,112747,622,1,1,918,2442
34,112792,65,1,1,361,2466
35,112863,544,1,1,930,3131
36,112882,1,1,1,308,2870
31,113122,646,1,1,938,2540
35,113281,808,1,1,1115,2471
33,113581,871,1,1,1206,4096
37,113597,361,1,1,691,3138
35,113671,34,1,1,332,1238
35,113910,42,1,1,341,1251
33,113950,55,1,1,362,2911
34,114114,396,1,1,707,3629
37,114170,4,1,1,304,1288
36,114223,495,1,1,827,1360
34,114508,356,1,1,691,2672
33,114768,643,1,1,936,2331
38,114783,53,1,1,355,1186
37,114957,322,1,1,691,3186
32,115371,574,1,1,943,2249
38,115652,344,1,1,671,2905
34,116134,370,1,1,691,2184
38,116136,375,1,1,694,1179
36,116273,444,1,1,827,4096
34,116430,644,1,1,936,2849
36,116446,438,1,1,827,3165
36,116488,701,1,1,1031,2817
35,116594,485,1,1,826,2480
36,116807,528,1,1,936,2897
35,116878,495,1,1,821,2370
35,116888,411,1,1,812,4096
38,117352,348,1,1,695,3182
37,117858,542,1,1,932,3635
34,117972,329,1,1,691,3204
36,118051,43,1,1,339,1457
33,118167,534,1,1,934,2796
36,118215,368,1,1,691,1327
36,118353,646,1,1,939,1475
39,118502,62,1,1,357,3719
37,119031,485,1,1,827,2585
39,119083,478,1,1,827,2947
35,119135,43,1,1,359,2705
38,119283,50,1,1,346,1425
35,119413,362,1,1,694,1441
37,119416,535,1,1,925,2609
39,119748,303,1,1,670,4096
39,119845,369,1,1,691,2493
35,120230,573,1,1,993,4096
37,120315,340,1,1,691,3827
37,120369,1057,1,1,1443,4096
37,120749,56,1,1,352,2396
37,121700,399,1,1,779,3649
40,122121,317,1,1,691,3619
34,122263,1049,1,1,1373,4096
37,122311,561,1,1,859,4096
38,122404,316,1,1,691,3373
38,122429,649,1,1,941,3013
36,122629,362,1,1,691,2399
40,122726,79,1,1,373,2978
38,122955,578,1,1,936,2640
40,123039,574,1,1,937,3956
36,123231,940,1,1,1395,4096
40,123271,544,1,1,939,3426
39,123302,-16,1,1,292,898
39,123379,726,1,1,1134,4096
36,123509,835,1,1,1154,4096
38,124259,933,1,1,1313,3510
38,124465,352,1,1,691,4096
39,124876,63,1,1,359,1921
41,124986,439,1,1,827,2865
41,125213,487,1,1,827,2487
40,125293,645,1,1,937,1991
38,125372,811,1,1,1123,3061
38,125430,71,1,1,365,3730
41,125821,487,1,1,827,2782
39,126025,-23,1,1,278,3596
42,126081,74,1,1,368,1095
41,126158,365,1,1,691,2887
37,126192,645,1,1,937,3563
35,126359,152,1,1,476,4096
40,126898,19,1,1,332,2022
40,126960,521,1,1,916,3581
39,127139,630,1,1,925,1709
39,127294,60,1,1,354,2829
37,127327,244,1,1,586,4096
41,127344,60,1,1,354,2051
37,127605,480,1,1,901,4096
38,127797,642,1,1,934,1605
39,127935,511,1,1,938,3676
43,128102,1020,1,1,1332,2021
40,128375,71,1,1,368,2350
42,128562,644,1,1,939,3349
39,128596,609,1,1,913,3224
42,128822,640,1,1,932,3001
42,128853,618,1,1,916,2695
41,129473,377,1,1,691,2513
40,129482,58,1,1,355,1547
44,129615,75,1,1,372,1513
38,130061,649,1,1,944,2456
36,130455,221,1,1,531,4096
41,130557,363,1,1,691,3659
43,130657,61,1,1,358,1835
42,130777,574,1,1,939,3433
40,131031,636,1,1,928,2435
40,131235,1027,1,1,1411,4096
40,131390,529,1,1,929,4096
38,131423,593,1,1,960,4096
43,131805,358,1,1,691,3243
39,131893,266,1,1,648,4096
41,132283,341,1,1,691,3908
43,132611,377,1,1,691,1834
43,132745,563,1,1,937,3892
39,132998,69,1,1,368,1575
41,133013,457,1,1,821,3531
37,133200,738,1,1,1065,2745
42,133392,637,1,1,940,3919
42,133397,647,1,1,939,2840
39,133398,568,1,1,933,3337
41,133429,486,1,1,827,2194
45,133711,180,1,1,506,4096
44,133715,626,1,1,923,3058
41,134075,72,1,1,368,3044
42,134775,495,1,1,827,1346
40,134817,-56,1,1,247,1819
41,135019,639,1,1,931,3629
44,135276,956,1,1,1326,3471
42,135423,355,1,1,691,3140
40,135545,47,1,1,348,2147
42,135550,645,1,1,938,2537
44,135933,360,1,1,691,3188
40,135989,75,1,1,406,4096
43,136435,335,1,1,698,3043
42,136672,352,1,1,691,1653
44,136707,966,1,1,1374,4096
45,136860,486,1,1,827,3145
46,136912,640,1,1,932,3201
43,137066,977,1,1,1326,3669
38,137296,331,1,1,681,4096
42,137846,1344,1,1,1651,3771
41,138125,369,1,1,703,2580
41,138570,810,1,1,1112,2581
45,138636,649,1,1,941,3360
43,138839,456,1,1,827,3416
43,138871,489,1,1,827,4096
41,138913,704,1,1,1011,4096
44,138929,645,1,1,937,2494
45,139261,438,1,1,785,3328
47,139348,333,1,1,669,2436
43,139379,633,1,1,939,3829
43,140328,333,1,1,691,2482
44,140446,332,1,1,690,3380
43,140513,319,1,1,691,3841
39,140616,491,1,1,827,3320
45,140803,393,1,1,764,4096
46,140956,776,1,1,1191,4096
42,140967,365,1,1,691,2842
46,141254,11,1,1,309,2618
44,141266,643,1,1,936,2395
44,141510,433,1,1,766,2671
42,141661,1003,1,1,1331,3091
48,142030,632,1,1,939,2682
44,142606,366,1,1,691,3227
46,142746,571,1,1,928,1943
45,142805,470,1,1,827,2359
47,142808,48,1,1,345,1554
42,143009,971,1,1,1319,4096
45,143017,350,1,1,691,4088
40,143034,647,1,1,939,2418
49,143175,2,1,1,315,1145
46,143357,323,1,1,691,4096
45,143598,320,1,1,696,2332
43,144083,353,1,1,691,2422
44,144424,273,1,1,610,4096
45,144449,794,1,1,1114,2939
44,144609,441,1,1,827,4096
46,144637,54,1,1,350,1039
43,144866,593,1,1,937,1857
48,144868,371,1,1,691,2060
47,145052,965,1,1,1300,4096
43,145063,344,1,1,794,4096
47,145457,366,1,1,735,2711
45,145478,460,1,1,827,2872
50,145886,646,1,1,938,2711
46,145933,64,1,1,359,1484
47,145995,1132,1,1,1502,2638
44,146622,648,1,1,941,1756
51,146825,72,1,1,367,939
46,146901,436,1,1,827,4096
48,147002,74,1,1,370,1950
46,147113,356,1,1,783,4096
41,147130,331,1,1,674,4096
49,147447,320,1,1,641,2579
45,147631,1004,1,1,1314,3022
44,147893,547,1,1,940,3810
45,148052,49,1,1,359,3628
49,148363,5,1,1,305,1361
48,148488,639,1,1,933,3031
46,148635,643,1,1,939,3157
47,148733,444,1,1,838,4096
47,148993,1098,1,1,1419,3060
44,149159,145,1,1,450,4096
45,149290,481,1,1,827,2668
45,149610,6,1,1,309,1717
52,149718,716,1,1,1085,2893
48,150091,956,1,1,1411,4096
50,150177,644,1,1,936,2730
47,150268,48,1,1,370,3367
50,150635,642,1,1,939,2272
46,150846,534,1,1,942,3215
49,151054,442,1,1,831,2566
42,151057,479,1,1,932,3927
47,151209,429,1,1,782,4096
46,151292,69,1,1,364,1682
51,151897,642,1,1,934,1262
46,152148,341,1,1,693,4096
48,152150,67,1,1,362,3417
48,152313,636,1,1,930,3320
46,152319,456,1,1,813,3029
47,152686,605,1,1,943,4051
47,153052,50,1,1,360,2206
45,153255,1016,1,1,1411,4096
49,153461,598,1,1,941,3370
43,153602,1004,1,1,1313,2545
48,153713,494,1,1,931,3445
51,153761,1006,1,1,1324,3584
53,153814,296,1,1,719,4096
47,153966,1008,1,1,1319,2674
50,153970,66,1,1,362,2916
47,154389,370,1,1,691,2241
49,154590,310,1,1,641,2277
48,154948,505,1,1,827,3739
47,155053,637,1,1,938,2734
49,155750,1013,1,1,1327,3600
52,155861,317,1,1,676,3964
44,156589,13,1,1,320,2987
50,156733,493,1,1,827,3272
49,156743,1319,1,1,1651,3030
48,156782,226,1,1,594,4096
51,156829,993,1,1,1328,2859
52,156900,-51,1,1,252,3139
48,157054,1010,1,1,1328,4002
49,157154,368,1,1,691,2206
48,157283,998,1,1,1336,3317
46,157351,487,1,1,854,4096
54,157555,468,1,1,827,3741
53,157564,360,1,1,691,1703
49,157647,68,1,1,363,593
52,157739,66,1,1,361,910
48,158111,641,1,1,938,3722
50,158686,859,1,1,1310,4096
48,158688,372,1,1,691,3635
50,158793,469,1,1,815,1639
47,158860,488,1,1,827,1509
50,159226,275,1,1,617,2483
45,159376,358,1,1,691,2787
53,159430,478,1,1,815,2530
49,159633,647,1,1,939,2350
49,159645,611,1,1,903,1534
50,159757,871,1,1,1317,4007
46,160059,51,1,1,349,683
51,160265,54,1,1,357,1472
49,160469,337,1,1,691,3687
50,160785,467,1,1,816,3138
51,160829,1454,1,1,1790,4096
51,160832,633,1,1,927,2146
50,161276,46,1,1,355,1643
55,161361,553,1,1,941,3806
53,161431,521,1,1,940,3692
54,161660,448,1,1,812,4096
47,161933,507,1,1,831,1874
51,162108,364,1,1,691,2351
50,162297,442,1,1,827,2652
51,162718,464,1,1,827,3492
49,162784,344,1,1,734,4096
48,162956,1062,1,1,1411,4096
50,163156,330,1,1,691,2687
48,163358,393,1,1,703,1425
50,163464,54,1,1,351,680
54,163526,173,1,1,545,4096
56,163623,377,1,1,703,2262
52,163768,1099,1,1,1482,2939
52,164214,47,1,1,343,2106
52,164361,220,1,1,621,4096
54,164746,20,1,1,323,3315
51,164776,450,1,1,811,2479
51,164881,383,1,1,827,4096
52,164928,166,1,1,473,4096
55,165106,648,1,1,941,3446
52,165324,332,1,1,691,2606
51,165372,303,1,1,690,4096
57,165611,639,1,1,942,1988
52,165928,69,1,1,364,1047
51,166026,538,1,1,931,2562
49,166206,476,1,1,827,3250
53,166280,45,1,1,341,1919
53,166849,776,1,1,1084,3081
53,166896,27,1,1,329,1968
51,167252,418,1,1,790,4096
53,167438,36,1,1,337,2114
49,167454,291,1,1,691,4096
55,167541,644,1,1,937,2795
53,167568,629,1,1,924,1640
55,167622,213,1,1,603,4096
53,167761,494,1,1,827,3547
56,167772,356,1,1,691,2666
52,168524,433,1,1,780,2498
52,168541,59,1,1,355,1289
58,168724,711,1,1,1073,3113
52,168872,397,1,1,827,4096
54,168962,582,1,1,939,2066
50,169133,19,1,1,331,1679
56,169453,379,1,1,695,1831
52,169468,179,1,1,496,4096
54,169557,377,1,1,691,2119
50,169626,645,1,1,942,3420
54,169885,462,1,1,827,2317
54,169885,351,1,1,691,3605
54,170032,68,1,1,363,2271
54,170479,518,1,1,932,3630
56,170884,48,1,1,344,3343
57,170964,486,1,1,827,3192
51,171013,-11,1,1,290,1387
55,171646,784,1,1,1091,2089
53,171741,1007,1,1,1320,3200
59,171808,342,1,1,691,3084
55,172337,649,1,1,941,3375
53,172426,568,1,1,943,3902
55,172559,365,1,1,691,2674
53,172567,348,1,1,691,3099
58,172686,350,1,1,693,1722
53,172850,624,1,1,927,3978
57,172940,547,1,1,926,3487
51,173229,1123,1,1,1439,4096
52,173234,374,1,1,708,2221
55,173473,487,1,1,827,3588
55,173483,642,1,1,939,3451
60,173515,348,1,1,691,1707
56,174067,485,1,1,827,2421
55,174575,33,1,1,334,4096
54,174869,375,1,1,694,2443
57,174899,640,1,1,940,4015
54,175007,648,1,1,941,2440
54,175017,636,1,1,933,3276
56,175151,361,1,1,691,1668
56,175213,1066,1,1,1450,2876
52,175217,642,1,1,935,1988
61,175293,362,1,1,691,1778
59,175422,358,1,1,704,2736
56,176029,68,1,1,365,2556
56,176438,477,1,1,827,3879
54,176452,307,1,1,619,3602
55,176545,377,1,1,691,1676
53,176594,644,1,1,937,3360
58,176717,561,1,1,940,3777
57,176892,811,1,1,1116,2825
53,177225,368,1,1,691,2008
55,177386,58,1,1,363,2379
57,177448,372,1,1,691,1419
62,177503,65,1,1,373,2210
56,177539,649,1,1,942,2964
60,177624,644,1,1,936,2202
58,177848,494,1,1,827,2949
55,177888,454,1,1,804,2871
57,178056,72,1,1,367,2843
54,178759,67,1,1,368,1534
57,178827,626,1,1,926,3676
57,179115,650,1,1,942,1576
63,179181,500,1,1,827,1678
57,179187,520,1,1,831,2749
59,179419,393,1,1,709,2702
61,179984,311,1,1,691,2360
58,180166,39,1,1,338,2110
58,180179,645,1,1,937,3287
54,180448,475,1,1,820,3854
55,180548,1015,1,1,1407,4096
56,180641,784,1,1,1204,4096
56,180664,362,1,1,691,3278
56,180810,67,1,1,363,2922
64,180976,377,1,1,691,1795
58,180981,646,1,1,939,3533
58,181160,-60,1,1,244,1973
59,181190,363,1,1,691,3342
58,181860,60,1,1,355,2745
62,181981,634,1,1,939,1997
60,182754,334,1,1,691,3335
55,182855,172,1,1,580,4096
58,182923,1489,1,1,1894,4096
57,182937,63,1,1,359,2127
60,183137,641,1,1,934,1947
59,183316,1008,1,1,1323,3150
65,183478,788,1,1,1099,2502
56,183583,33,1,1,330,728
59,183617,421,1,1,801,3438
56,184044,346,1,1,690,3496
59,184081,42,1,1,337,2221
59,184101,1012,1,1,1328,2941
55,184332,607,1,1,902,3884
61,184533,380,1,1,691,1779
59,184664,367,1,1,691,1741
57,184737,193,1,1,517,4096
57,184760,690,1,1,988,4096
59,185077,1462,1,1,1785,4096
58,185139,51,1,1,347,2202
57,185208,17,1,1,321,1625
63,185395,985,1,1,1330,3414
60,185675,68,1,1,363,1574
66,185772,441,1,1,823,2294
62,185824,645,1,1,939,1291
60,185992,647,1,1,942,1911
60,186294,631,1,1,925,2978
61,186712,6,1,1,305,3575
57,186851,644,1,1,936,2807
58,186877,507,1,1,827,1669
59,187121,822,1,1,1135,1982
61,187233,-58,1,1,253,1241
58,187249,460,1,1,827,2512
60,187365,550,1,1,931,3748
61,187536,63,1,1,358,1242
58,187547,323,1,1,691,2787
56,187616,1015,1,1,1331,3284
63,187639,636,1,1,934,1815
60,188075,429,1,1,822,2998
60,188114,805,1,1,1107,3450
64,188301,69,1,1,363,662
59,188327,66,1,1,364,780
64,188404,403,1,1,763,3009
59,188738,614,1,1,913,1861
58,188776,31,1,1,330,1925
62,189119,334,1,1,676,1583
61,189319,1006,1,1,1328,3644
67,189481,1085,1,1,1438,3709
60,189517,1084,1,1,1429,2396
62,189777,636,1,1,935,3065
57,189919,643,1,1,935,2303
62,189963,39,1,1,336,2730
59,190534,359,1,1,691,3285
65,190591,-65,1,1,250,2187
63,190818,57,1,1,352,1699
59,191077,641,1,1,939,2301
61,191343,579,1,1,937,1826
61,191379,1101,1,1,1415,4014
60,191871,377,1,1,691,3544
61,192171,47,1,1,346,4096
61,192210,241,1,1,608,4096
60,192328,511,1,1,827,3590
65,192397,668,1,1,1050,4096
63,192399,351,1,1,681,2622
68,192591,463,1,1,814,3110
60,192592,610,1,1,932,2058
58,192675,639,1,1,931,2756
61,193115,498,1,1,824,1244
62,193142,468,1,1,822,3823
66,193171,446,1,1,795,2580
60,193195,794,1,1,1102,2118
62,193229,484,1,1,827,1850
61,193356,374,1,1,691,1028
64,193457,368,1,1,698,2639
63,193479,442,1,1,784,3516
66,193613,32,1,1,330,1216
59,193714,381,1,1,692,1039
61,194181,647,1,1,939,1589
62,194482,72,1,1,366,2311
62,195073,559,1,1,935,2863
62,195439,288,1,1,611,4096
69,195600,815,1,1,1124,3009
62,195757,72,1,1,368,1576
67,195809,329,1,1,691,2638
64,195833,512,1,1,934,3434
63,195998,353,1,1,690,1516
63,196017,638,1,1,940,2875
61,196155,647,1,1,939,2960
65,196316,354,1,1,684,2859
60,196343,647,1,1,940,2629
64,196373,504,1,1,827,2894
63,196932,347,1,1,697,3703
63,197025,338,1,1,693,1952
61,197208,-53,1,1,251,865
62,197211,227,1,1,625,4096
62,197452,390,1,1,725,4096
67,197456,940,1,1,1317,3843
70,197714,366,1,1,691,2114
65,198122,78,1,1,373,2289
65,198489,25,1,1,321,2116
63,198498,605,1,1,935,1287
63,198813,983,1,1,1314,3374
68,198951,61,1,1,358,1495
63,198951,53,1,1,350,1499
68,198971,356,1,1,690,3162
64,198983,817,1,1,1119,2985
63,199049,365,1,1,767,3292
66,199219,647,1,1,939,2903
64,199432,472,1,1,827,2407
62,199465,437,1,1,826,3310
64,199550,988,1,1,1331,3533
66,200091,646,1,1,938,1602
64,200245,536,1,1,914,3313
69,200402,377,1,1,693,1451
64,200579,643,1,1,936,1766
62,200971,333,1,1,691,3763
71,201129,326,1,1,691,3415
64,201548,642,1,1,939,2597
69,201682,951,1,1,1334,2711
65,202021,647,1,1,939,2589
63,202027,639,1,1,931,2562
65,202030,71,1,1,370,1451
64,202091,988,1,1,1326,3593
66,202194,64,1,1,360,4072
65,202806,1174,1,1,1500,2561
65,203079,204,1,1,602,4096
64,203145,283,1,1,747,4096
70,203212,644,1,1,936,2810
67,203315,956,1,1,1411,4096
67,203352,552,1,1,943,3261
65,203421,273,1,1,652,3871
68,203939,61,1,1,356,624
63,203953,358,1,1,694,2982
72,203980,646,1,1,939,2851
64,204163,291,1,1,660,2136
70,204358,343,1,1,694,2676
65,204443,641,1,1,933,1298
66,204761,-11,1,1,289,2731
66,204784,1013,1,1,1332,2763
67,204798,53,1,1,350,2604
66,204919,475,1,1,826,1840
66,205296,471,1,1,809,2490
65,205644,776,1,1,1182,4096
71,205741,355,1,1,690,1383
65,206187,331,1,1,716,4096
68,206388,503,1,1,827,3036
65,206474,29,1,1,340,2311
69,206893,1010,1,1,1409,2954
64,206975,503,1,1,827,3022
66,207058,18,1,1,316,2615
67,207256,643,1,1,936,2472
71,207308,594,1,1,917,4096
66,207517,557,1,1,926,4096
73,207532,741,1,1,1068,3552
68,207726,631,1,1,927,2928
67,208197,557,1,1,938,2901
66,208211,588,1,1,936,2024
72,208379,633,1,1,942,2638
70,208426,351,1,1,691,1533
69,208755,647,1,1,939,2367
67,208785,647,1,1,939,3866
66,208797,785,1,1,1107,3153
67,208857,359,1,1,819,4096
68,208919,622,1,1,914,1663
74,209168,381,1,1,694,1636
67,209311,365,1,1,694,1794
67,209835,511,1,1,827,2777
65,209969,375,1,1,691,2994
66,210519,498,1,1,829,4045
72,210681,295,1,1,619,3373
69,210850,27,1,1,344,1931
68,210912,356,1,1,691,1601
68,211421,394,1,1,751,3224
70,211468,649,1,1,941,2713
68,211524,350,1,1,675,2739
67,211528,77,1,1,371,1009
69,211822,443,1,1,827,4096
67,211942,558,1,1,941,3731
73,212052,461,1,1,806,3673
68,212087,971,1,1,1313,3230
75,212281,488,1,1,827,3113
67,212301,412,1,1,785,3504
71,212369,385,1,1,701,3943
69,213207,642,1,1,941,2295
70,213599,647,1,1,941,1777
70,213682,637,1,1,931,2832
66,213684,299,1,1,691,3715
68,213797,354,1,1,691,2269
68,213931,660,1,1,1083,4096
68,214256,335,1,1,691,1955
69,214417,594,1,1,939,2996
71,214451,637,1,1,934,2983
73,214777,277,1,1,667,4096
76,214811,372,1,1,691,2530
74,214874,352,1,1,691,2822
72,215267,340,1,1,691,2898
69,215445,57,1,1,352,1514
69,215620,548,1,1,1012,4096
67,215913,350,1,1,677,2229
68,216038,-4,1,1,288,4096
70,216082,71,1,1,366,637
69,216183,697,1,1,1014,4096
69,216489,801,1,1,1119,2233
71,216787,72,1,1,366,3188
70,216960,487,1,1,829,2543
69,217030,623,1,1,918,992
71,217072,360,1,1,700,3390
70,217111,576,1,1,938,3904
77,217192,493,1,1,827,2381
69,217415,397,1,1,788,3618
74,217686,364,1,1,691,2909
72,217812,995,1,1,1330,3361
75,218132,367,1,1,693,3258
73,218249,364,1,1,685,2982
70,218377,36,1,1,340,2757
70,219228,364,1,1,691,1813
70,219274,627,1,1,926,3091
76,219373,365,1,1,685,1241
73,219606,6,1,1,307,1794
72,219753,25,1,1,329,2681
71,219888,488,1,1,837,2777
68,220009,903,1,1,1304,4096
71,220044,644,1,1,939,3962
72,220167,625,1,1,917,3380
71,220326,6,1,1,305,1052
71,220410,596,1,1,936,3450
70,220585,215,1,1,640,4096
74,220610,488,1,1,826,2361
70,220708,576,1,1,923,3678
75,220842,313,1,1,688,3156
77,221258,648,1,1,940,1885
78,221288,959,1,1,1411,4096
71,221347,353,1,1,691,2119
72,221433,68,1,1,363,1545
71,221715,379,1,1,739,3338
74,222645,333,1,1,691,3039
72,223185,551,1,1,935,2775
78,223434,42,1,1,338,2176
69,223519,326,1,1,732,3510
73,223739,358,1,1,691,3986
73,223821,641,1,1,934,2388
72,223917,383,1,1,755,2570
71,224042,349,1,1,691,3334
72,224140,229,1,1,603,4096
75,224239,467,1,1,827,3629
73,224263,212,1,1,601,4096
71,224266,503,1,1,827,3681
72,224422,1478,1,1,1904,4096
79,224794,496,1,1,824,1360
75,224920,619,1,1,914,2275
76,224938,149,1,1,475,4096
73,225129,376,1,1,691,1212
72,225279,805,1,1,1110,3564
72,225318,497,1,1,824,1276
74,225371,-61,1,1,243,1632
79,225384,556,1,1,935,4096
77,225689,59,1,1,358,751
73,225733,56,1,1,352,1311
76,225846,59,1,1,365,926
70,226471,377,1,1,691,2952
73,226491,71,1,1,365,1212
74,226780,61,1,1,358,1047
73,226881,472,1,1,825,3696
74,226882,367,1,1,691,2619
80,226891,367,1,1,691,1507
76,226983,467,1,1,827,2744
74,227188,315,1,1,697,3367
80,227354,60,1,1,363,2560
73,227463,1316,1,1,1651,3323
73,227953,398,1,1,780,2635
77,228139,342,1,1,694,2293
75,228330,497,1,1,827,2959
72,228362,138,1,1,462,4096
74,228392,468,1,1,814,3263
78,228449,611,1,1,913,2760
81,228791,356,1,1,691,1900
74,228794,811,1,1,1112,1913
71,228801,289,1,1,615,2330
75,229310,-2,1,1,298,2122
74,229496,68,1,1,363,2033
81,229537,649,1,1,941,2183
74,229781,811,1,1,1116,3290
75,229916,1024,1,1,1332,3136
75,230160,725,1,1,1115,3278
76,230336,510,1,1,826,1026
75,230379,357,1,1,691,1987
76,230691,378,1,1,691,2361
73,230986,359,1,1,691,2624
76,231015,-23,1,1,284,1099
77,231029,419,1,1,787,4046
82,231115,639,1,1,933,2324
75,231573,364,1,1,692,2779
77,231831,647,1,1,939,1495
78,232002,442,1,1,803,3863
74,232049,659,1,1,1071,4096
82,232083,482,1,1,828,2546
78,232098,13,1,1,312,1069
76,232450,388,1,1,704,2071
79,232545,617,1,1,937,4096
77,232803,447,1,1,788,1788
72,232897,1325,1,1,1651,4096
75,233064,508,1,1,913,3283
83,233399,323,1,1,646,2284
77,233582,773,1,1,1076,2891
75,233592,613,1,1,905,4096
79,233794,60,1,1,358,1696
76,234256,369,1,1,737,4096
75,234358,70,1,1,364,2309
78,234555,812,1,1,1123,2724
79,234579,46,1,1,342,2577
74,234825,361,1,1,693,3839
77,234965,29,1,1,328,709
83,235175,376,1,1,691,3092
76,235524,645,1,1,938,3951
77,236009,457,1,1,820,3559
76,236308,645,1,1,940,1950
76,236466,57,1,1,360,3402
80,236488,825,1,1,1127,2694
78,236573,471,1,1,827,2991
80,236641,203,1,1,553,4096
84,236832,566,1,1,941,3433
78,236845,344,1,1,691,4042
76,236965,493,1,1,827,3373
73,236993,903,1,1,1355,4096
79,237133,645,1,1,939,2578
77,237287,803,1,1,1116,1763
75,237427,633,1,1,929,2602
78,237476,64,1,1,359,2511
85,237766,48,1,1,359,934
84,237839,493,1,1,826,2664
77,237923,378,1,1,702,1457
77,238364,59,1,1,355,2056
80,238619,482,1,1,827,4040
80,238681,500,1,1,817,1548
79,238898,354,1,1,691,2325
78,239023,466,1,1,827,3014
81,239106,469,1,1,827,2618
86,239295,645,1,1,941,1529
79,239616,460,1,1,788,2771
74,240030,1001,1,1,1314,3037
76,240061,577,1,1,939,2634
78,240096,324,1,1,691,2173
79,240426,438,1,1,827,2950
81,240587,373,1,1,692,1906
80,240608,67,1,1,364,1710
81,240724,433,1,1,827,4083
77,241061,998,1,1,1386,4096
77,241263,507,1,1,827,1202
78,241383,626,1,1,922,4096
85,241633,356,1,1,691,3794
79,241759,356,1,1,683,2736
82,242015,337,1,1,691,2909
75,242168,470,1,1,801,2138
79,242377,644,1,1,937,2281
78,242460,243,1,1,585,4096
82,242534,48,1,1,350,1810
78,242540,377,1,1,690,1479
81,242715,235,1,1,566,4096
80,243178,649,1,1,941,3562
83,243184,69,1,1,366,650
87,243391,819,1,1,1274,4096
76,243641,42,1,1,341,1473
80,243652,360,1,1,691,1893
88,244109,59,1,1,359,718
79,244346,311,1,1,691,2963
83,244368,378,1,1,691,2353
80,244522,634,1,1,925,4096
82,244683,246,1,1,573,4096
81,244704,1210,1,1,1495,4096
86,244852,251,1,1,643,3219
78,245359,120,1,1,478,4096
82,245385,366,1,1,692,2670
84,245469,635,1,1,930,1101
81,245500,370,1,1,691,2322
84,245576,1013,1,1,1331,2392
79,245710,378,1,1,691,3170
77,245821,359,1,1,692,2180
81,246068,648,1,1,940,2416
80,246473,933,1,1,1404,4096
79,246556,581,1,1,982,4096
89,246961,641,1,1,933,2852
81,247031,461,1,1,818,2509
82,247362,65,1,1,363,1294
81,247449,49,1,1,347,976
82,247719,68,1,1,364,2219
82,247792,1011,1,1,1331,3088
79,247851,381,1,1,700,2492
80,248103,803,1,1,1105,3757
85,248249,634,1,1,928,2780
85,248372,565,1,1,939,2796
78,248421,69,1,1,364,2600
83,248506,241,1,1,585,3121
87,248639,1344,1,1,1646,3787
83,248779,1012,1,1,1383,4096
90,248933,340,1,1,677,1972
82,249049,592,1,1,925,2018
80,249149,304,1,1,634,2593
79,249385,-7,1,1,297,964
83,249495,645,1,1,939,2133
86,249629,634,1,1,927,1257
80,249806,771,1,1,1080,4096
83,249994,329,1,1,656,2275
80,250811,14,1,1,315,2960
82,250995,344,1,1,691,3546
88,251124,-47,1,1,265,2485
91,251389,-12,1,1,294,2456
81,251645,347,1,1,691,3542
81,251819,379,1,1,691,2013
83,251888,157,1,1,505,4096
84,251899,331,1,1,649,3393
84,251939,576,1,1,936,3160
86,252345,437,1,1,790,4096
84,252360,643,1,1,940,2366
87,252369,65,1,1,362,2740
81,252464,358,1,1,694,3315
83,252720,502,1,1,827,3671
89,252776,378,1,1,691,1652
80,253055,338,1,1,686,3670
92,253444,50,1,1,346,2055
88,253445,32,1,1,329,1076
82,253480,459,1,1,791,1835
84,253591,952,1,1,1411,4096
83,253737,619,1,1,921,2742
85,253831,376,1,1,691,1932
85,253913,628,1,1,936,1553
84,254311,337,1,1,679,1591
82,254344,-19,1,1,306,2525
84,254410,69,1,1,364,2522
90,254465,332,1,1,661,1689
81,254752,1239,1,1,1570,3941
86,255098,374,1,1,694,1185
85,255576,71,1,1,367,3637
85,255600,464,1,1,787,2009
81,255913,443,1,1,827,2858
84,255974,69,1,1,365,2237
82,256029,623,1,1,928,3565
87,256403,1138,1,1,1494,4058
93,256636,367,1,1,699,3192
86,256733,624,1,1,925,2902
91,257077,575,1,1,941,2612
89,257354,358,1,1,691,3909
83,257576,431,1,1,791,4096
87,257774,473,1,1,826,2676
82,258039,648,1,1,1047,3287
83,258300,70,1,1,364,2271
82,258342,346,1,1,691,2429
85,258353,236,1,1,630,4042
86,258394,630,1,1,928,2818
83,258440,307,1,1,679,4096
85,258506,216,1,1,584,4096
92,258894,17,1,1,316,1817
85,259365,-30,1,1,280,3391
88,259380,325,1,1,691,2977
87,259466,498,1,1,826,2733
94,259660,318,1,1,661,3024
83,259696,645,1,1,937,1354
86,259696,507,1,1,888,4096
84,259803,78,1,1,372,2227
83,260108,636,1,1,938,2069
87,260652,16,1,1,322,2258
84,260674,643,1,1,939,2374
84,260695,640,1,1,939,2255
90,261052,467,1,1,822,3698
88,261390,273,1,1,632,3616
86,261430,644,1,1,938,2924
93,261523,371,1,1,691,2629
84,261661,643,1,1,936,1553
85,261810,582,1,1,943,2007
86,262072,303,1,1,633,2707
85,262134,63,1,1,362,1460
86,262253,480,1,1,827,3900
91,263018,301,1,1,657,1966
85,263029,-47,1,1,267,2334
87,263175,50,1,1,349,1103
88,263176,483,1,1,827,3710
87,263248,645,1,1,937,3552
95,263263,934,1,1,1324,3603
89,263476,214,1,1,553,4096
88,263522,65,1,1,360,2870
89,263551,640,1,1,932,2161
84,263610,1010,1,1,1332,3914
86,263875,48,1,1,352,2065
85,264377,366,1,1,693,2716
87,264415,67,1,1,363,2162
86,264737,623,1,1,916,2603
94,265080,342,1,1,673,3557
88,265107,65,1,1,360,1932
90,265120,66,1,1,361,1569
90,265434,63,1,1,365,1958
86,265436,363,1,1,693,2407
92,265479,647,1,1,939,2461
85,265510,507,1,1,827,1900
87,265526,345,1,1,786,4096
88,265674,364,1,1,691,2426
96,265846,643,1,1,936,2583
87,265972,572,1,1,921,2097
86,266220,372,1,1,687,1843
95,266760,62,1,1,367,1680
89,267204,381,1,1,699,2097
89,267272,394,1,1,823,4096
89,267618,262,1,1,596,4096
88,267888,639,1,1,933,1916
97,268086,56,1,1,356,2240
91,268101,545,1,1,934,2981
89,268125,370,1,1,691,2451
86,268159,375,1,1,690,2649
88,268311,471,1,1,827,2785
88,268511,716,1,1,1142,4096
87,268516,472,1,1,793,2296
87,268550,352,1,1,700,3114
93,268607,441,1,1,799,3128
96,268613,368,1,1,691,1853
91,268704,1011,1,1,1325,3270
87,268833,1023,1,1,1411,4096
87,269420,64,1,1,362,1261
90,269432,595,1,1,931,2228
89,269670,21,1,1,322,1782
92,270339,649,1,1,941,2238
89,270496,605,1,1,918,2185
89,270532,316,1,1,681,2021
88,270570,56,1,1,355,1737
90,270646,336,1,1,662,3374
92,270696,65,1,1,360,1992
98,270916,489,1,1,826,2830
90,271264,552,1,1,941,3646
90,271584,307,1,1,642,1914
88,271619,418,1,1,773,3069
93,272181,644,1,1,938,1842
89,272194,8,1,1,307,1624
90,272221,176,1,1,496,4096
88,272254,331,1,1,669,3738
97,272346,367,1,1,691,3733
91,272643,564,1,1,939,3211
94,272703,395,1,1,757,4096
88,272903,71,1,1,366,3483
91,273175,393,1,1,704,1591
90,273311,599,1,1,939,2815
91,273406,550,1,1,934,2760
93,273444,346,1,1,691,2748
90,274333,537,1,1,918,3801
91,274435,629,1,1,936,2214
91,274548,381,1,1,691,1237
99,274633,489,1,1,913,3717
92,274732,451,1,1,786,1557
89,274816,629,1,1,933,2562
91,274847,613,1,1,913,3583
94,275104,748,1,1,1059,2923
98,275327,442,1,1,806,2981
89,275715,261,1,1,603,4096
92,275722,363,1,1,691,2316
90,275758,421,1,1,767,3564
92,276126,815,1,1,1115,3483
93,276251,-29,1,1,275,1519
95,276380,444,1,1,786,3677
90,276782,633,1,1,926,1966
100,276879,61,1,1,360,2246
89,276999,390,1,1,739,4096
94,277072,45,1,1,343,821
92,277321,991,1,1,1328,2773
94,277540,1043,1,1,1374,4096
99,277563,58,1,1,357,2236
93,277687,372,1,1,691,1561
90,278118,9,1,1,311,2403
91,278368,295,1,1,693,4035
95,278431,386,1,1,703,3327
92,278531,486,1,1,854,4096
91,278607,379,1,1,691,2849
91,278920,359,1,1,700,2138
92,278943,340,1,1,691,4096
101,278978,1023,1,1,1331,2099
93,279090,466,1,1,819,3368
100,279271,649,1,1,941,1708
95,279675,64,1,1,359,2603
93,280124,492,1,1,827,2803
96,280151,380,1,1,691,1720
95,280382,1006,1,1,1331,2842
96,280476,364,1,1,691,4096
93,280850,371,1,1,691,2319
90,280926,988,1,1,1310,3927
91,281096,450,1,1,801,2978
92,281390,437,1,1,803,2783
92,281752,365,1,1,691,2832
94,281783,1117,1,1,1569,4096
92,282078,488,1,1,938,3710
97,282428,383,1,1,691,1952
91,282580,32,1,1,329,1654
102,282583,327,1,1,709,3605
93,282772,1353,1,1,1651,3829
93,282876,60,1,1,357,1486
94,283186,189,1,1,610,4096
96,283203,649,1,1,941,3528
94,283244,505,1,1,827,2394
101,283367,227,1,1,598,4096
96,283631,489,1,1,827,3249
92,283956,761,1,1,1073,2860
94,284220,390,1,1,720,4096
97,284247,469,1,1,829,4096
102,284782,371,1,1,692,1415
94,284838,644,1,1,937,2066
98,284895,492,1,1,823,2467
103,285042,313,1,1,691,2459
95,285569,60,1,1,361,2325
93,285572,808,1,1,1110,3494
93,285848,492,1,1,827,4096
92,285870,992,1,1,1314,3290
95,285879,245,1,1,605,4096
97,286033,53,1,1,366,2830
95,286748,362,1,1,691,3562
94,286971,70,1,1,365,1123
94,286972,221,1,1,560,4096
95,287385,794,1,1,1105,3165
104,287477,385,1,1,709,2435
99,287491,576,1,1,937,2596
97,287727,66,1,1,391,4096
93,287857,574,1,1,941,3901
95,288277,815,1,1,1115,3439
98,288343,478,1,1,824,4096
96,288484,372,1,1,759,2605
100,288758,56,1,1,353,1267
103,288878,422,1,1,746,4096
96,288918,367,1,1,691,2170
94,289421,633,1,1,927,3849
96,289574,67,1,1,362,2189
96,289665,258,1,1,569,4096
98,289807,501,1,1,827,2080
105,289847,553,1,1,913,2370
95,289868,997,1,1,1316,2896
93,289914,1216,1,1,1651,4044
98,290129,326,1,1,683,4096
95,290446,69,1,1,365,1025
95,290536,639,1,1,931,3565
96,290747,628,1,1,924,2470
104,290752,492,1,1,825,1874
101,290799,376,1,1,691,2041
94,291086,47,1,1,348,3229
97,291152,642,1,1,934,2234
96,291342,647,1,1,939,1474
94,291913,808,1,1,1114,1999
99,292328,589,1,1,931,2521
97,292420,63,1,1,358,2846
99,292439,134,1,1,545,4096
106,292531,331,1,1,691,2684
97,292580,956,1,1,1411,4096
95,292725,597,1,1,932,1639
97,292821,74,1,1,371,1479
100,293179,75,1,1,373,740
96,293436,59,1,1,361,2990
95,293506,649,1,1,941,1593
105,293586,347,1,1,666,2834
97,293761,648,1,1,940,4096
96,294101,369,1,1,691,1376
99,294225,256,1,1,619,4096
96,294255,460,1,1,800,3719
102,294302,531,1,1,938,3503
98,294516,54,1,1,350,3364
97,294843,937,1,1,1279,4096
98,294869,485,1,1,827,2449
100,294893,634,1,1,931,2565
107,295364,488,1,1,827,2833
98,295386,486,1,1,827,2565
97,295759,380,1,1,691,2323
96,296307,637,1,1,943,2801
98,296317,349,1,1,692,3737
97,296458,372,1,1,694,2357
103,296611,313,1,1,670,2309
100,296687,363,1,1,690,2462
98,297127,479,1,1,827,3366
101,297250,634,1,1,926,2357
101,297275,341,1,1,691,4096
97,297430,554,1,1,942,3175
108,297542,483,1,1,827,2178
101,297610,-13,1,1,290,923
106,297682,633,1,1,932,4096
99,297917,489,1,1,827,1600
98,298187,45,1,1,345,1729
98,298266,338,1,1,665,3423
97,298589,316,1,1,688,2282
99,298612,874,1,1,1309,4096
99,298852,650,1,1,942,3983
99,299482,432,1,1,849,4096
104,299498,-3,1,1,300,2887
102,299506,14,1,1,312,2231
98,299572,644,1,1,936,2142
102,299807,625,1,1,932,2557
107,299820,483,1,1,827,2138
98,299855,232,1,1,584,4096
99,300163,772,1,1,1083,3036
102,300426,373,1,1,691,2816
100,300671,500,1,1,827,1819
100,300968,492,1,1,827,3051
109,301003,801,1,1,1105,3461
103,301094,344,1,1,672,1588
99,301465,450,1,1,792,3199
99,301514,52,1,1,348,1942
108,301518,443,1,1,790,1698
100,302123,637,1,1,931,3511
103,302250,480,1,1,827,2443
99,302283,441,1,1,827,4096
99,302491,503,1,1,827,2636
100,302604,476,1,1,827,3122
98,302685,283,1,1,585,4096
103,302809,483,1,1,827,2383
105,303594,280,1,1,609,4096
101,303658,77,1,1,373,1535
100,303746,23,1,1,321,1463
109,303748,639,1,1,938,2230
101,303819,70,1,1,365,1215
100,303935,637,1,1,938,2421
101,303936,481,1,1,827,3265
100,304168,64,1,1,361,1677
100,304259,1105,1,1,1499,4096
104,304323,1018,1,1,1324,3229
104,304543,632,1,1,939,1734
101,305064,521,1,1,956,4096
110,305099,209,1,1,570,4096
100,305207,464,1,1,822,3742
101,305320,1,1,1,307,1385
99,305467,586,1,1,937,2782
102,305679,642,1,1,934,1860
101,305703,370,1,1,691,1535
102,305781,632,1,1,928,2123
102,306226,375,1,1,706,2290
104,306346,180,1,1,488,4096
106,307037,639,1,1,931,3443
102,307457,78,1,1,373,2137
101,307695,287,1,1,675,3949
105,307834,338,1,1,691,3511
110,307844,883,1,1,1202,4096
111,307909,604,1,1,902,2810
103,307940,1378,1,1,1687,2261
105,308044,502,1,1,827,3501
101,308355,-54,1,1,257,4096
102,308569,447,1,1,827,3505
101,309303,122,1,1,421,4096
103,309459,20,1,1,318,2002
100,309563,731,1,1,1047,4096
106,309750,470,1,1,796,1916
105,309760,980,1,1,1327,3414
102,309799,1009,1,1,1411,4096
103,309877,565,1,1,858,4096
103,309979,431,1,1,827,3753
102,310300,418,1,1,760,2605
106,310880,390,1,1,709,2836
107,311028,544,1,1,941,3991
111,311336,787,1,1,1088,3492
103,311491,505,1,1,827,1692
103,311565,515,1,1,827,2996
104,311571,577,1,1,936,3631
112,312005,267,1,1,602,4096
101,312105,51,1,1,348,2542
104,312113,513,1,1,827,2236
107,312179,61,1,1,356,2429
104,312324,370,1,1,691,2865
102,312451,206,1,1,583,4096
102,312611,509,1,1,829,3308
103,312978,492,1,1,827,2678
105,313603,649,1,1,941,1490
104,313739,456,1,1,827,3760
105,313811,77,1,1,372,2240
106,313856,915,1,1,1313,4096
104,314122,368,1,1,691,2557
113,314235,57,1,1,355,2230
103,314339,72,1,1,371,1888
103,314527,350,1,1,690,1916
104,314542,68,1,1,365,1564
104,314881,649,1,1,941,3390
107,314976,1013,1,1,1405,4096
108,315049,-52,1,1,251,2870
108,315124,986,1,1,1411,4096
112,315296,620,1,1,913,3960
106,316183,-49,1,1,256,2372
102,316201,159,1,1,464,4096
105,316420,344,1,1,694,4096
106,316465,487,1,1,818,2862
107,316667,579,1,1,935,2811
105,316721,491,1,1,827,2982
104,316895,354,1,1,691,2556
114,317131,470,1,1,827,2896
105,317163,344,1,1,692,2621
104,317258,336,1,1,696,2731
109,317346,79,1,1,373,2297
108,317410,512,1,1,827,2434
105,318218,486,1,1,930,4096
106,318328,67,1,1,364,1908
105,318405,438,1,1,801,3524
109,318461,328,1,1,691,3337
109,318483,649,1,1,941,1073
105,318564,461,1,1,795,1669
113,319392,-6,1,1,300,4096
105,319453,377,1,1,694,2195
107,319649,1006,1,1,1324,3184
106,319819,637,1,1,939,1414
106,320047,366,1,1,691,1829
108,320061,394,1,1,788,3394
107,320225,276,1,1,642,4042
106,320249,319,1,1,647,3086
106,320292,640,1,1,932,1728
103,320297,163,1,1,500,4096
115,320454,468,1,1,813,3323
107,320646,369,1,1,691,2318
110,320655,476,1,1,826,2172
106,320817,545,1,1,963,4096
107,321016,35,1,1,338,767
110,321101,376,1,1,701,2640
110,321442,869,1,1,1186,4096
107,321452,79,1,1,373,1633
116,321524,611,1,1,913,1070
106,322011,774,1,1,1086,2558
109,322255,497,1,1,827,2194
104,322338,1008,1,1,1324,2041
108,322381,25,1,1,322,2732
108,322429,506,1,1,827,1783
111,322463,69,1,1,367,1021
111,322751,631,1,1,923,1650
111,323027,380,1,1,704,2372
114,323410,642,1,1,937,4018
107,323441,989,1,1,1324,2624
109,323639,69,1,1,364,1258
117,323734,593,1,1,943,2210
108,323739,646,1,1,940,2723
107,323791,1317,1,1,1626,3499
110,323882,484,1,1,827,1627
108,323961,635,1,1,931,3736
105,324133,1121,1,1,1438,1795
107,324143,1019,1,1,1411,4096
112,324147,78,1,1,373,1396
108,324488,374,1,1,691,3036
108,324866,78,1,1,372,1425
107,324878,508,1,1,827,2867
109,325088,360,1,1,691,2659
115,325197,334,1,1,680,1787
109,325446,647,1,1,939,1707
109,325455,41,1,1,337,589
113,325605,505,1,1,827,1458
112,325920,377,1,1,691,2893
109,326128,41,1,1,339,1640
106,326138,370,1,1,691,2005
111,326215,358,1,1,691,2333
112,326232,352,1,1,691,3769
109,326448,764,1,1,1077,2487
108,326765,625,1,1,923,1887
118,326771,583,1,1,943,3037
110,326926,-22,1,1,283,1480
110,327403,460,1,1,786,3764
108,327487,342,1,1,671,3696
108,328239,172,1,1,543,4096
113,328346,642,1,1,934,2426
110,328377,316,1,1,634,2922
110,328747,620,1,1,924,2619
110,328810,631,1,1,924,2362
116,328814,590,1,1,940,3617
110,329023,467,1,1,827,3935
114,329131,464,1,1,822,3526
107,329327,424,1,1,747,3189
113,329344,376,1,1,691,3112
119,329498,413,1,1,778,2727
109,329545,649,1,1,941,2780
111,329646,468,1,1,827,2720
112,329834,642,1,1,934,3619
111,329922,343,1,1,691,2519
109,330227,605,1,1,939,2740
111,330375,646,1,1,939,1998
111,330489,500,1,1,832,1679
111,330598,75,1,1,373,1575
120,330901,487,1,1,810,1403
114,331190,388,1,1,709,1846
113,331595,474,1,1,827,1761
114,331614,686,1,1,1075,3268
109,331661,1018,1,1,1331,3422
112,331744,-6,1,1,294,1146
110,331776,59,1,1,354,1549
110,331986,78,1,1,372,2441
112,332021,441,1,1,760,1646
112,332059,19,1,1,335,2413
117,332131,484,1,1,827,3317
112,332148,48,1,1,346,2226
111,332843,945,1,1,1338,4096
118,333100,31,1,1,331,969
115,333227,265,1,1,618,4096
108,333416,553,1,1,938,4089
115,333484,-25,1,1,284,2294
113,333611,360,1,1,694,1867
115,333700,987,1,1,1325,2086
113,333936,77,1,1,372,1877
121,334193,499,1,1,827,3292
112,334232,331,1,1,691,3743
113,334387,46,1,1,342,2239
113,334553,466,1,1,827,2532
110,334710,-10,1,1,306,3049
114,334713,67,1,1,365,1102
114,334754,473,1,1,827,3159
111,335131,379,1,1,691,3145
114,335146,507,1,1,827,1210
116,335169,472,1,1,811,1469
112,335324,51,1,1,348,2481
111,335493,974,1,1,1331,3717
113,335642,54,1,1,350,1410
115,335998,-6,1,1,297,1285
114,336070,493,1,1,827,1517
114,336126,490,1,1,827,1739
109,336288,493,1,1,827,2872
116,336347,543,1,1,931,2863
111,336398,638,1,1,936,1688
113,336414,374,1,1,691,1090
112,336889,810,1,1,1118,1758
114,337183,63,1,1,367,769
119,337196,322,1,1,675,4096
116,337316,383,1,1,691,1318
116,337323,175,1,1,563,4096
115,337592,79,1,1,373,1522
114,337675,450,1,1,798,2033
122,337789,370,1,1,691,3596
115,337866,353,1,1,711,2720
115,338119,482,1,1,827,1993
115,338211,247,1,1,618,3457
112,338250,982,1,1,1313,2757
117,338425,490,1,1,827,2078
112,338504,42,1,1,338,2106
117,338626,396,1,1,708,1303
120,338736,824,1,1,1125,1540
116,339212,645,1,1,937,1620
117,339265,334,1,1,674,4096
116,339471,78,1,1,372,1260
113,339474,1176,1,1,1488,2585
123,339527,1000,1,1,1323,1738
117,339637,591,1,1,936,2321
118,339844,380,1,1,691,1218
110,340384,825,1,1,1209,4096
116,340614,470,1,1,810,2495
114,340820,364,1,1,691,1346
115,340882,347,1,1,691,3699
115,340883,372,1,1,691,3208
118,340894,472,1,1,827,2469
113,341236,510,1,1,826,2986
116,341288,752,1,1,1111,3422
124,341472,632,1,1,939,1945
121,341481,74,1,1,371,2745
118,341541,392,1,1,709,1904
117,341765,968,1,1,1324,2553
119,341894,388,1,1,704,1000
119,342075,800,1,1,1114,2231
111,342199,457,1,1,805,1815
115,342573,354,1,1,691,1753
113,342600,942,1,1,1341,4096
117,342685,738,1,1,1072,2071
117,342719,378,1,1,735,3248
116,342762,475,1,1,827,1879
122,342807,495,1,1,827,1326
118,342918,644,1,1,936,3653
120,343176,364,1,1,690,1282
119,343830,-10,1,1,289,2289
118,344030,78,1,1,373,1311
120,344527,468,1,1,802,2452
117,344685,1260,1,1,1595,3397
121,344725,59,1,1,354,1549
114,344904,486,1,1,811,2304
116,344978,500,1,1,936,4096
112,345046,364,1,1,691,2847
114,345106,1015,1,1,1331,3870
120,345335,63,1,1,359,1505
118,345445,469,1,1,827,3680
119,345470,347,1,1,709,2552
116,345530,568,1,1,938,2957
125,345568,914,1,1,1287,4096
119,345639,42,1,1,339,1609
118,345738,371,1,1,694,3053
123,345797,421,1,1,760,2990
117,346011,382,1,1,691,3249
121,346099,78,1,1,372,1572
115,346346,633,1,1,932,1442
117,346577,365,1,1,691,1599
119,346749,342,1,1,669,1304
120,347285,722,1,1,1044,1815
116,347493,386,1,1,693,1147
119,347522,634,1,1,937,1784
115,347637,483,1,1,810,2531
121,347642,316,1,1,665,2307
120,347816,379,1,1,691,1067
124,348170,369,1,1,691,2373
118,348185,647,1,1,939,3500
117,348311,299,1,1,627,2781
122,348336,498,1,1,827,3611
113,348480,370,1,1,691,3434
126,348498,346,1,1,691,2930
116,348521,73,1,1,367,884
120,348594,824,1,1,1125,2955
122,348983,334,1,1,691,2884
118,349016,649,1,1,941,3005
121,349492,517,1,1,832,2207
121,349541,383,1,1,691,1725
120,349609,321,1,1,673,2087
117,349666,505,1,1,827,1145
118,349761,466,1,1,827,3184
117,349869,495,1,1,827,2376
125,350180,351,1,1,691,2010
122,350273,461,1,1,827,2631
127,350552,486,1,1,831,2054
119,350611,-7,1,1,299,1595
121,350781,68,1,1,363,2187
119,350829,344,1,1,691,2644
122,351097,641,1,1,936,1556
118,351216,59,1,1,355,1550
118,351738,353,1,1,691,3427
118,351957,480,1,1,810,2088
121,352280,265,1,1,607,2671
123,352432,955,1,1,1278,4096
114,352467,530,1,1,944,3987
123,352750,539,1,1,939,3767
126,352872,302,1,1,665,2692
119,353041,376,1,1,691,3280
119,353225,53,1,1,350,1268
123,353245,626,1,1,932,2972
120,353330,51,1,1,347,2501
122,353400,1017,1,1,1328,3908
128,353409,339,1,1,691,2857
119,353635,646,1,1,938,2419
124,353658,49,1,1,345,908
124,353926,79,1,1,373,1494
122,353930,474,1,1,835,3149
120,354707,956,1,1,1411,4096
120,354708,79,1,1,373,1073
127,354786,355,1,1,691,1914
122,354823,385,1,1,709,2543
123,355193,808,1,1,1190,4096
119,355348,473,1,1,827,3610
120,355536,363,1,1,691,2311
115,355551,499,1,1,837,3084
120,355588,500,1,1,827,2547
124,355784,372,1,1,691,2539
123,355862,512,1,1,827,1932
129,355940,632,1,1,925,2531
123,356014,372,1,1,691,2614
125,356073,629,1,1,932,2415
124,356527,370,1,1,691,1334
123,356800,371,1,1,691,1977
121,356831,60,1,1,356,1295
121,357014,944,1,1,1331,3684
128,357145,331,1,1,691,2359
116,357387,-13,1,1,288,1836
121,357398,505,1,1,827,2691
125,357510,1126,1,1,1473,3584
121,357864,447,1,1,784,2276
124,357879,574,1,1,941,2017
124,357994,1001,1,1,1325,1980
121,358074,382,1,1,691,3366
126,358193,369,1,1,691,2120
125,358473,637,1,1,932,1946
124,358644,598,1,1,941,1844
130,358865,936,1,1,1327,2925
117,358991,369,1,1,691,1604
120,359076,578,1,1,934,3728
122,359085,641,1,1,934,2254
122,359318,26,1,1,327,1920
125,359488,538,1,1,941,3704
126,359593,638,1,1,930,2083
122,359606,500,1,1,827,2592
129,359845,649,1,1,941,2700
122,359904,646,1,1,939,2040
125,360169,504,1,1,827,2290
125,360224,73,1,1,368,2230
118,360671,371,1,1,691,1680
123,360777,381,1,1,691,1692
131,360950,510,1,1,827,2085
122,361007,347,1,1,691,2933
127,361176,76,1,1,370,2983
130,361384,370,1,1,693,1539
126,361794,385,1,1,709,3321
121,361935,1023,1,1,1326,2859
126,362039,73,1,1,367,1815
123,362275,357,1,1,709,2957
123,362404,60,1,1,354,1397
125,362740,938,1,1,1393,4096
123,362760,293,1,1,653,3154
123,362785,645,1,1,943,2881
128,363195,376,1,1,693,2019
126,363298,766,1,1,1074,3810
119,363353,358,1,1,691,2682
127,363636,317,1,1,691,4043
132,363777,646,1,1,940,2827
126,364265,1005,1,1,1411,4096
124,364378,637,1,1,939,1593
124,364404,64,1,1,359,1644
122,364405,65,1,1,360,2470
124,364428,367,1,1,691,2153
127,364529,271,1,1,591,2490
124,364724,479,1,1,798,2320
124,364873,151,1,1,475,4096
127,365326,825,1,1,1124,3532
131,365480,710,1,1,1011,4096
128,365745,499,1,1,816,2109
127,365955,392,1,1,700,2657
133,366156,978,1,1,1322,2379
120,366283,513,1,1,827,2930
125,366484,626,1,1,938,2080
128,366606,58,1,1,353,2077
125,366670,408,1,1,753,1797
125,366806,639,1,1,934,2378
126,366836,248,1,1,573,4096
129,367062,695,1,1,1066,3867
128,367649,372,1,1,717,2323
125,367689,581,1,1,939,3311
129,367782,611,1,1,936,1176
134,367908,604,1,1,939,1752
127,368361,1194,1,1,1607,4096
126,368366,645,1,1,939,1882
128,368427,638,1,1,931,2472
123,368501,645,1,1,976,4096
132,368550,597,1,1,937,3070
126,368738,634,1,1,934,1932
125,368820,924,1,1,1308,4096
121,369132,790,1,1,1103,2849
129,369169,386,1,1,704,3424
126,369175,69,1,1,364,1486
129,369323,506,1,1,827,1674
126,369387,341,1,1,688,2717
130,369887,369,1,1,691,2105
128,369894,378,1,1,691,1533
135,370618,549,1,1,914,2710
127,370737,348,1,1,691,2371
129,370737,644,1,1,939,2310
127,370932,511,1,1,872,4096
130,370950,565,1,1,939,3888
130,370960,649,1,1,941,1637
126,371099,591,1,1,935,2279
122,371125,67,1,1,362,1993
127,371180,647,1,1,939,1793
127,371186,345,1,1,691,2448
124,371215,803,1,1,1102,2714
133,371623,311,1,1,691,3073
123,371855,54,1,1,350,730
129,372074,308,1,1,645,2180
127,372117,649,1,1,941,2942
128,372118,27,1,1,327,932
131,372132,62,1,1,357,1182
131,372392,647,1,1,940,1432
130,372701,497,1,1,827,1964
136,372979,79,1,1,373,2361
128,373061,644,1,1,941,2324
130,373265,507,1,1,914,4096
127,373278,755,1,1,1060,2179
128,373591,336,1,1,691,2411
125,373668,380,1,1,701,2453
134,373825,384,1,1,691,2202
131,373852,638,1,1,939,3965
132,373924,11,1,1,310,1532
130,374056,386,1,1,695,1982
137,374441,376,1,1,691,1462
128,375028,1407,1,1,1859,4096
135,375074,78,1,1,373,1249
124,375096,585,1,1,939,3241
132,375261,586,1,1,936,3129
129,375472,75,1,1,372,2411
129,375571,313,1,1,699,3453
133,375941,67,1,1,362,680
131,376023,506,1,1,827,3322
128,376180,579,1,1,940,4063
131,376201,456,1,1,810,2936
132,376318,1024,1,1,1334,2466
126,376477,326,1,1,691,2809
133,376600,560,1,1,933,2676
128,376604,530,1,1,925,3326
129,376713,1008,1,1,1326,3122
136,377231,330,1,1,661,2157
129,377274,76,1,1,373,2246
131,377654,349,1,1,691,3598
130,377784,65,1,1,367,2213
130,377830,381,1,1,691,1117
127,377959,510,1,1,827,1482
132,378109,24,1,1,323,2086
125,378215,987,1,1,1307,3119
138,378537,943,1,1,1392,4096
133,378771,272,1,1,610,2453
129,378946,367,1,1,693,2342
132,379011,484,1,1,827,2810
130,379294,272,1,1,622,3822
129,379484,478,1,1,827,3304
126,379609,352,1,1,666,1394
131,379634,76,1,1,371,1804
130,379806,499,1,1,827,2532
134,380037,766,1,1,1198,4096
131,380107,493,1,1,827,2323
134,380221,1013,1,1,1324,3621
133,380249,374,1,1,691,2140
137,380518,914,1,1,1313,3287
132,380708,376,1,1,691,3054
128,380787,758,1,1,1125,2828
130,380945,486,1,1,827,1999
133,380994,466,1,1,797,1983
127,381058,649,1,1,941,1449
130,381169,385,1,1,695,1685
135,381564,632,1,1,928,1343
131,381720,556,1,1,914,1914
133,381727,46,1,1,343,1019
139,381740,357,1,1,691,3203
138,382185,377,1,1,691,1667
131,382323,377,1,1,691,3029
134,382472,429,1,1,767,2223
128,382771,61,1,1,356,1713
134,382867,423,1,1,790,4096
136,383459,583,1,1,940,1895
132,383730,325,1,1,704,4096
131,383839,450,1,1,811,2894
132,384054,374,1,1,691,2334
135,384133,1556,1,1,2008,4096
140,384183,66,1,1,365,2443
132,384203,297,1,1,691,4096
131,384343,485,1,1,827,3174
135,384734,369,1,1,691,1867
129,384797,467,1,1,827,4010
135,384884,574,1,1,932,2412
134,385090,829,1,1,1243,4096
134,385252,1019,1,1,1328,3525
133,385396,57,1,1,357,1342
129,385674,372,1,1,709,2903
137,385681,486,1,1,827,2222
132,385741,1334,1,1,1644,3418
132,386119,385,1,1,691,1776
132,386207,401,1,1,709,2368
139,386281,231,1,1,571,4096
141,386439,354,1,1,691,2256
136,386454,353,1,1,691,2321
130,387256,500,1,1,827,2459
133,387350,313,1,1,691,3620
136,387426,556,1,1,936,2692
133,387675,375,1,1,691,1934
133,387685,548,1,1,927,3482
135,387973,357,1,1,691,2721
134,388099,79,1,1,373,2703
138,388385,353,1,1,690,2704
133,388533,384,1,1,692,2414
135,388692,418,1,1,780,3602
142,388849,378,1,1,691,2410
136,388980,877,1,1,1296,4096
133,389002,383,1,1,703,2795
134,389028,509,1,1,832,1343
134,389092,380,1,1,695,1742
137,389344,377,1,1,709,2890
134,389355,349,1,1,691,1680
139,389654,15,1,1,318,1269
130,389770,946,1,1,1401,4096
140,390377,422,1,1,777,4096
131,390382,380,1,1,691,3126
135,391143,351,1,1,691,1788
137,391180,639,1,1,936,3754
136,391393,517,1,1,931,3420
135,391407,420,1,1,790,3308
135,391451,479,1,1,827,2359
137,391495,46,1,1,342,2515
136,391516,12,1,1,310,2824
134,391650,70,1,1,368,2648
135,391753,492,1,1,827,2725
134,391775,-9,1,1,295,3242
141,392090,646,1,1,938,1713
143,392945,315,1,1,691,4096
136,393333,352,1,1,685,2190
135,393432,502,1,1,827,1657
138,393440,1009,1,1,1411,4096
138,393458,28,1,1,325,1963
137,393556,483,1,1,827,2163
140,393576,79,1,1,373,3922
131,393866,866,1,1,1285,4096
142,394171,493,1,1,827,2081
135,394342,503,1,1,827,2692
132,394478,396,1,1,827,4096
136,394490,994,1,1,1330,3039
136,394557,513,1,1,826,2804
138,394860,332,1,1,692,3680
137,395246,364,1,1,730,3730
137,395377,381,1,1,691,2044
136,395503,595,1,1,978,4096
136,395680,576,1,1,928,2248
144,395861,385,1,1,697,2916
139,396048,369,1,1,691,2590
139,396050,372,1,1,691,2610
141,396302,631,1,1,942,2726
132,396360,651,1,1,944,2494
137,396795,648,1,1,942,2238
136,397248,368,1,1,691,2906
143,397415,375,1,1,691,3244
138,397652,960,1,1,1397,4096
138,397734,78,1,1,373,2488
139,397781,648,1,1,940,2921
137,397781,586,1,1,939,2101
140,397798,501,1,1,821,1748
145,397995,379,1,1,691,2134
133,398113,503,1,1,814,3635
137,398126,993,1,1,1331,3636
137,398370,600,1,1,941,2867
138,398548,448,1,1,790,3171
140,399196,360,1,1,709,3148
141,399410,505,1,1,827,1612
139,399738,378,1,1,692,2086
142,399946,63,1,1,366,3644
140,400035,802,1,1,1119,2254
133,400057,484,1,1,827,3697
137,400133,381,1,1,691,2885
139,400157,499,1,1,827,2423
144,400578,376,1,1,690,3163
138,400674,471,1,1,827,2893
146,400719,649,1,1,941,2724
138,400891,956,1,1,1411,4096
138,400936,491,1,1,827,2566
142,401359,367,1,1,691,1949
138,401433,574,1,1,939,3307
140,401626,382,1,1,689,1888
141,401905,375,1,1,694,2709
140,402039,60,1,1,357,1882
134,402209,356,1,1,700,4096
139,402213,381,1,1,691,1277
141,402223,59,1,1,354,2188
138,402445,366,1,1,696,2312
143,402599,466,1,1,827,2653
139,402610,796,1,1,1125,4062
141,403025,356,1,1,691,1399
139,403167,76,1,1,371,722
139,403317,375,1,1,697,1884
135,403374,649,1,1,943,1165
141,403390,379,1,1,691,1351
139,403399,811,1,1,1116,2725
139,403523,386,1,1,693,2632
143,403614,1014,1,1,1333,2255
142,403647,649,1,1,941,1424
134,403821,943,1,1,1328,3764
142,404477,76,1,1,373,1452
142,404525,362,1,1,682,2620
140,404565,484,1,1,809,1166
145,404674,211,1,1,572,4096
147,404746,1020,1,1,1332,4027
140,404783,648,1,1,941,2173
140,404862,378,1,1,691,1695
143,405014,386,1,1,695,1367
142,405247,380,1,1,691,1857
144,405456,360,1,1,691,2857
136,405480,371,1,1,691,2106
140,405634,632,1,1,924,2317
144,405709,794,1,1,1099,2095
143,405869,79,1,1,373,1392
140,406041,56,1,1,351,3828
137,406503,504,1,1,819,1023
141,406554,359,1,1,691,1989
141,406924,413,1,1,744,2141
146,406931,639,1,1,931,2257
144,407425,638,1,1,930,1556
140,407619,270,1,1,606,4096
143,407636,620,1,1,918,2389
144,407759,310,1,1,663,2745
142,407813,649,1,1,941,1259
141,407823,597,1,1,939,2961
145,407869,66,1,1,367,2160
141,407901,639,1,1,937,1860
135,407917,441,1,1,834,4096
148,407923,437,1,1,772,3177
138,408057,641,1,1,935,1554
143,408621,970,1,1,1331,4096
144,409192,1169,1,1,1483,1556
145,409374,648,1,1,941,1949
143,409409,518,1,1,826,1596
147,409434,648,1,1,941,2503
145,409527,459,1,1,827,4071
