0,940,51,1,1,350,941
0,3732,69,1,1,371,3733
0,3833,261,1,1,656,3834
0,3905,632,1,1,931,3906
0,4095,179,1,1,499,4096
0,4095,53,1,1,362,4096
0,4095,411,1,1,806,4096
0,4095,578,1,1,879,4096
0,4095,611,1,1,1066,4096
0,4095,258,1,1,607,4096
0,4095,106,1,1,420,4096
0,4095,173,1,1,584,4096
0,4095,228,1,1,645,4096
0,4095,290,1,1,668,4096
0,4095,238,1,1,690,4096
0,4095,235,1,1,643,4096
1,5036,472,1,1,931,4096
1,6646,4,1,1,306,2813
1,6857,645,1,1,940,2762
1,7223,631,1,1,930,3491
1,7444,644,1,1,941,3349
1,7692,639,1,1,940,3787
1,8191,630,1,1,904,4096
1,8191,411,1,1,866,4096
1,8191,340,1,1,718,4096
1,8191,25,1,1,332,4096
1,8191,326,1,1,691,4096
1,8191,118,1,1,463,4096
1,8191,478,1,1,930,4096
1,8191,484,1,1,934,4096
1,8191,207,1,1,587,4096
1,8191,212,1,1,601,4096
2,9072,646,1,1,939,4036
2,9551,48,1,1,350,2694
2,10742,127,1,1,468,4096
2,11099,654,1,1,1082,3876
2,11110,627,1,1,921,2919
2,11207,645,1,1,939,3016
2,11540,150,1,1,501,4096
2,11596,24,1,1,327,3405
2,11788,261,1,1,604,4096
2,11916,295,1,1,668,3725
2,12287,128,1,1,457,4096
2,12287,400,1,1,852,4096
2,12287,334,1,1,711,4096
2,12287,157,1,1,475,4096
2,12287,671,1,1,968,4096
2,12287,380,1,1,752,4096
3,12999,38,1,1,346,1083
3,13168,335,1,1,761,4096
3,13647,457,1,1,912,4096
3,13716,649,1,1,943,2617
3,13869,41,1,1,346,1582
3,14199,547,1,1,941,2992
4,14275,11,1,1,314,1107
4,14469,54,1,1,350,822
3,14838,710,1,1,988,4096
3,15195,39,1,1,343,2908
3,15206,623,1,1,1075,4096
3,15253,648,1,1,940,3713
3,15692,210,1,1,528,4096
3,15884,465,1,1,789,4096
3,16002,633,1,1,927,3715
3,16383,647,1,1,941,4096
3,16383,430,1,1,824,4096
3,16383,954,1,1,1278,4096
4,16730,8,1,1,313,1038
5,16783,634,1,1,930,2508
4,17095,328,1,1,685,4096
4,17812,621,1,1,898,4096
4,17965,171,1,1,494,4096
5,18173,643,1,1,938,3704
4,18295,811,1,1,1270,4096
4,18663,806,1,1,1110,3468
4,18840,40,1,1,339,2956
4,18934,245,1,1,567,4096
4,19302,130,1,1,519,4096
4,19349,298,1,1,619,4096
4,19398,416,1,1,802,3015
6,19633,240,1,1,640,2850
5,19785,1,1,1,307,2690
4,20056,27,1,1,341,4054
5,20065,-39,1,1,268,2253
5,20152,70,1,1,364,2187
4,20255,633,1,1,928,3872
4,20479,-78,1,1,227,4096
5,20826,255,1,1,652,4096
5,21678,647,1,1,944,2838
5,21682,435,1,1,800,2284
6,22086,640,1,1,939,3913
5,22146,28,1,1,344,3212
5,22274,48,1,1,359,1795
6,22300,471,1,1,827,2235
5,22312,630,1,1,928,2963
7,22334,642,1,1,940,2701
5,22354,448,1,1,812,2298
5,22391,140,1,1,443,4096
5,22759,330,1,1,690,4096
7,23169,50,1,1,347,869
6,23303,37,1,1,344,991
6,23327,640,1,1,939,3542
5,23398,861,1,1,1160,4096
5,24212,73,1,1,368,3957
6,24248,56,1,1,393,4096
7,24441,491,1,1,827,2355
6,24471,639,1,1,931,3645
8,24701,47,1,1,346,2367
6,24714,643,1,1,939,3032
6,24888,72,1,1,367,3210
7,24950,64,1,1,359,702
6,25006,366,1,1,688,2860
6,25297,414,1,1,805,3023
8,25388,61,1,1,361,947
7,25735,553,1,1,935,2432
6,25871,34,1,1,331,3517
7,26009,49,1,1,361,1003
6,26036,452,1,1,812,3277
6,26487,608,1,1,901,4096
8,26646,68,1,1,366,3477
6,26816,622,1,1,923,3418
7,27311,57,1,1,353,2423
7,27423,151,1,1,545,4096
9,27483,78,1,1,372,837
7,27559,59,1,1,355,2262
8,27654,339,1,1,691,1919
6,27727,409,1,1,802,3515
7,27828,-9,1,1,291,1792
7,27916,26,1,1,341,3202
7,28008,635,1,1,929,3537
9,28410,51,1,1,349,756
9,28683,460,1,1,782,3982
7,28913,63,1,1,359,3042
8,29046,365,1,1,775,4096
7,29056,569,1,1,937,2240
10,29360,26,1,1,324,677
9,29484,-46,1,1,247,4096
8,29685,78,1,1,373,2374
8,29822,54,1,1,349,766
8,30105,355,1,1,765,4096
8,30114,31,1,1,333,2286
7,30305,966,1,1,1319,3818
10,30416,356,1,1,690,2933
10,30488,64,1,1,373,1004
9,30624,25,1,1,321,802
10,30765,-27,1,1,274,2355
8,30772,514,1,1,931,3213
11,30880,28,1,1,325,1520
8,30886,630,1,1,924,2970
7,31464,646,1,1,939,3737
8,31519,770,1,1,1225,4096
9,31537,68,1,1,366,1852
8,31662,43,1,1,339,1357
8,32104,281,1,1,691,4096
9,32442,15,1,1,322,1556
11,32473,77,1,1,373,2057
8,33009,793,1,1,1097,4096
9,33142,183,1,1,531,4096
9,33162,370,1,1,729,3057
10,33276,69,1,1,373,834
9,33277,12,1,1,314,3163
11,34002,708,1,1,1105,3237
10,34199,76,1,1,373,2662
9,34281,11,1,1,310,1272
9,34298,64,1,1,360,2636
11,34346,641,1,1,936,3858
12,34455,73,1,1,373,1982
10,34510,647,1,1,939,3886
10,34719,-6,1,1,293,1557
9,34868,290,1,1,649,4096
9,34912,733,1,1,1065,2808
12,34976,174,1,1,489,4096
11,35108,12,1,1,320,909
9,35220,13,1,1,316,3701
12,35241,61,1,1,356,895
8,35277,646,1,1,939,3813
10,35353,347,1,1,690,2076
10,36008,472,1,1,827,2866
11,36021,66,1,1,361,1511
13,36281,22,1,1,330,1305
9,36282,53,1,1,366,1005
10,36677,336,1,1,691,1809
11,36908,464,1,1,827,3632
10,37086,485,1,1,827,2805
12,37112,475,1,1,816,3110
10,37126,485,1,1,825,2214
11,37537,-7,1,1,295,1529
12,37601,334,1,1,690,2493
10,38394,157,1,1,475,4096
13,38459,325,1,1,691,4004
10,38527,353,1,1,691,3307
13,38670,78,1,1,373,1558
11,38815,596,1,1,997,4096
11,38859,71,1,1,372,3506
13,39125,412,1,1,772,3884
11,39403,79,1,1,373,2277
11,39527,318,1,1,691,2441
12,39646,300,1,1,691,3625
12,39878,75,1,1,373,1019
12,39886,74,1,1,372,2349
14,40377,215,1,1,531,4096
10,40378,273,1,1,664,4096
13,40430,79,1,1,373,2829
11,40527,457,1,1,827,3850
14,40702,79,1,1,373,1577
11,40883,5,1,1,304,2489
12,40886,358,1,1,693,1483
12,41004,72,1,1,446,4096
13,41462,79,1,1,373,576
14,41707,79,1,1,373,1277
15,41748,78,1,1,372,1046
14,41885,347,1,1,691,3215
13,41885,78,1,1,373,881
12,41902,-13,1,1,287,1375
14,41912,79,1,1,373,3453
15,42568,54,1,1,357,861
11,42623,84,1,1,432,4096
15,42666,450,1,1,827,2289
12,42911,146,1,1,473,4096
16,43158,63,1,1,358,590
12,43623,97,1,1,419,4096
16,43666,69,1,1,368,1000
13,43742,156,1,1,531,4096
13,43969,47,1,1,373,4091
13,43982,99,1,1,373,4096
11,44474,128,1,1,465,4096
12,44979,185,1,1,533,4096
16,45322,341,1,1,691,3574
15,45360,906,1,1,1331,3448
14,45380,79,1,1,373,3918
17,45868,369,1,1,691,2202
15,45981,129,1,1,531,4096
14,45981,104,1,1,419,4096
13,45998,44,1,1,499,4096
17,46221,79,1,1,373,3063
14,46646,320,1,1,688,2664
12,46660,346,1,1,680,4037
14,46871,13,1,1,320,873
13,47007,339,1,1,691,4096
14,47569,299,1,1,679,3600
13,47719,-61,1,1,238,4096
14,47746,79,1,1,373,739
14,47838,87,1,1,475,4096
15,47951,372,1,1,690,1970
15,48193,78,1,1,373,624
12,48323,16,1,1,327,3849
15,49005,73,1,1,367,1259
13,49022,78,1,1,373,699
13,49075,151,1,1,475,4096
13,49159,79,1,1,373,2499
17,49418,85,1,1,373,4096
16,49456,-9,1,1,446,4096
15,49476,51,1,1,446,4096
16,49512,376,1,1,691,1319
16,49718,255,1,1,599,3737
14,49782,77,1,1,373,2063
16,49942,78,1,1,373,1991
18,49964,66,1,1,521,4096
15,50103,271,1,1,663,3457
18,50317,-22,1,1,433,4096
15,50446,497,1,1,823,3575
14,51742,439,1,1,827,2720
16,51762,354,1,1,691,2757
15,51934,465,1,1,939,4096
18,51975,298,1,1,691,2557
19,52137,342,1,1,691,1820
17,52766,328,1,1,656,3254
17,52841,77,1,1,373,3123
19,53124,74,1,1,373,1149
14,53171,299,1,1,691,4096
14,53255,108,1,1,520,4096
17,53338,66,1,1,373,3396
17,53552,177,1,1,473,4096
16,53558,-5,1,1,295,3455
16,53572,218,1,1,690,4096
15,53720,59,1,1,354,549
16,53837,78,1,1,373,1903
15,53878,216,1,1,608,4096
19,54060,99,1,1,373,4096
18,54072,79,1,1,373,520
15,54118,76,1,1,373,2376
17,54176,79,1,1,373,2414
16,54542,280,1,1,654,4096
20,55198,79,1,1,373,2074
20,55904,79,1,1,373,1844
18,55909,78,1,1,373,2571
15,55925,356,1,1,691,2670
20,56233,-31,1,1,265,4096
17,56245,79,1,1,373,2687
16,56276,70,1,1,373,2398
18,56341,42,1,1,338,3575
19,56496,376,1,1,691,2424
18,56667,79,1,1,373,2491
18,56850,77,1,1,371,4009
16,56885,79,1,1,373,960
21,56885,79,1,1,373,652
21,56898,69,1,1,373,994
19,56929,70,1,1,373,1020
17,57170,25,1,1,331,2628
19,57338,58,1,1,355,671
16,57385,77,1,1,372,3267
21,57422,314,1,1,691,2224
17,57668,328,1,1,795,4096
16,57816,27,1,1,473,4096
20,57816,79,1,1,373,1320
18,57865,79,1,1,373,695
17,57933,118,1,1,446,4096
22,58180,75,1,1,373,758
19,58192,338,1,1,691,1851
18,58725,315,1,1,691,2480
19,59594,50,1,1,364,2744
17,59840,73,1,1,373,3564
19,60342,61,1,1,373,2477
20,60523,317,1,1,677,3185
17,60722,773,1,1,1090,3837
22,60934,79,1,1,373,4036
19,60964,75,1,1,373,2239
17,60965,75,1,1,373,3580
22,60981,99,1,1,473,4096
20,61025,56,1,1,351,4096
23,61178,77,1,1,373,2998
18,61764,26,1,1,502,4096
24,61876,74,1,1,373,698
17,61912,64,1,1,531,4096
21,61912,-16,1,1,451,4096
18,62029,70,1,1,407,4096
20,62288,76,1,1,531,4096
23,62326,41,1,1,337,1345
23,62371,70,1,1,364,1437
25,62400,79,1,1,373,524
20,62477,647,1,1,939,2135
19,62773,73,1,1,373,1009
20,63197,79,1,1,373,2233
21,63260,75,1,1,373,783
24,63676,-78,1,1,240,1305
20,63690,829,1,1,1188,4096
18,63803,407,1,1,827,3081
18,63936,65,1,1,531,4096
21,64619,147,1,1,475,4096
18,64631,66,1,1,362,2719
21,64703,77,1,1,373,1506
21,64726,53,1,1,373,3701
19,64817,79,1,1,373,881
18,65061,193,1,1,531,4096
25,65229,-51,1,1,262,1553
21,65923,79,1,1,373,2233
20,65927,313,1,1,637,1110
22,66008,127,1,1,518,4096
19,66125,98,1,1,553,4096
21,66384,136,1,1,530,4096
24,66422,168,1,1,475,4096
26,66496,263,1,1,691,4096
22,66758,74,1,1,368,3498
26,66793,360,1,1,691,1564
20,66798,307,1,1,691,4025
20,67013,75,1,1,373,888
19,67329,298,1,1,691,3526
21,68050,18,1,1,316,2123
19,68105,393,1,1,827,3474
22,68243,75,1,1,373,3624
23,68316,366,1,1,695,1558
25,68441,71,1,1,373,2019
22,68799,233,1,1,694,4096
22,68822,97,1,1,416,4096
21,68969,79,1,1,373,2171
19,69157,174,1,1,575,4096
22,69228,286,1,1,691,2844
22,69660,60,1,1,373,3737
27,70020,78,1,1,373,3227
27,70078,280,1,1,691,3582
23,70104,214,1,1,531,4096
20,70356,75,1,1,373,3027
22,70603,-30,1,1,272,1634
23,70926,497,1,1,827,1698
26,71052,78,1,1,373,2611
23,71103,69,1,1,366,2304
21,71109,153,1,1,531,4096
24,71529,78,1,1,373,603
28,71540,79,1,1,373,1520
23,71878,292,1,1,691,3635
24,72134,72,1,1,373,1031
22,72146,357,1,1,680,4096
20,72201,205,1,1,531,4096
24,72412,18,1,1,473,4096
21,72587,76,1,1,373,2231
24,72700,71,1,1,373,822
23,72918,103,1,1,576,4096
23,72931,-5,1,1,295,785
20,73253,122,1,1,474,4096
23,73398,349,1,1,691,2795
21,73412,368,1,1,691,1211
22,73476,79,1,1,373,889
24,73492,60,1,1,365,3388
24,73525,79,1,1,373,607
23,73756,18,1,1,478,4096
25,74044,79,1,1,373,1632
21,74052,70,1,1,373,799
25,74149,77,1,1,373,624
28,74174,20,1,1,475,4096
22,74401,375,1,1,688,989
27,75148,33,1,1,446,4096
22,75205,147,1,1,475,4096
25,75547,320,1,1,693,3413
25,75625,12,1,1,475,4096
29,75636,59,1,1,516,4096
25,75798,308,1,1,691,2306
24,76027,79,1,1,373,2271
23,76072,311,1,1,691,2596
30,76337,75,1,1,373,701
24,76339,74,1,1,373,3408
26,76477,79,1,1,373,852
25,76496,79,1,1,373,3796
24,76527,69,1,1,373,3129
22,76551,40,1,1,337,2499
25,76653,79,1,1,373,626
29,77082,79,1,1,373,2908
30,77600,77,1,1,371,518
26,77865,341,1,1,690,3821
26,77947,76,1,1,373,1294
25,78145,416,1,1,773,1806
23,78207,75,1,1,373,3002
26,78245,170,1,1,530,4096
27,78346,79,1,1,373,1869
26,78436,280,1,1,691,2889
26,78475,375,1,1,771,2677
23,78497,303,1,1,689,4096
31,78597,66,1,1,362,997
27,78684,53,1,1,354,737
23,79004,320,1,1,694,2453
27,79079,78,1,1,373,834
28,79244,109,1,1,564,4096
27,79302,70,1,1,365,827
25,79480,-21,1,1,282,2953
26,79794,67,1,1,373,3298
29,79877,79,1,1,373,633
28,79889,76,1,1,373,810
24,80168,360,1,1,827,4096
28,80188,76,1,1,373,1504
31,80433,25,1,1,503,4096
28,80470,374,1,1,691,1168
27,80552,79,1,1,373,758
28,81114,49,1,1,351,2768
24,81194,340,1,1,681,2987
27,81455,79,1,1,373,3019
29,81640,44,1,1,345,1452
26,81699,269,1,1,691,3554
25,81775,79,1,1,373,581
27,81961,-1,1,1,474,4096
30,82541,321,1,1,666,2664
24,82593,139,1,1,474,4096
24,82627,306,1,1,691,3623
32,82693,40,1,1,378,4096
26,83576,57,1,1,530,4096
26,83670,352,1,1,691,1895
29,83985,67,1,1,522,4096
30,84068,78,1,1,373,2428
27,84147,78,1,1,373,571
25,84264,156,1,1,475,4096
32,84529,-17,1,1,256,4096
29,84543,639,1,1,939,4073
27,84575,75,1,1,373,905
28,84648,234,1,1,531,4096
27,84839,25,1,1,321,3140
28,84947,75,1,1,373,2986
28,85096,57,1,1,356,3641
29,85210,7,1,1,475,4096
25,85322,79,1,1,373,2729
26,85380,371,1,1,691,1116
28,85532,76,1,1,373,693
25,85553,79,1,1,373,2926
33,85705,79,1,1,373,3012
29,85719,77,1,1,373,772
28,85788,79,1,1,373,1641
31,85823,79,1,1,373,1755
29,86198,69,1,1,373,1102
26,86263,60,1,1,356,710
33,86431,408,1,1,761,1902
29,86462,69,1,1,364,674
31,86637,81,1,1,356,4096
27,86834,288,1,1,629,1454
30,86954,77,1,1,373,2411
32,87644,344,1,1,702,1821
34,87647,56,1,1,359,1942
34,87819,42,1,1,337,1388
31,88078,60,1,1,356,1124
30,88081,224,1,1,531,4096
32,88538,79,1,1,373,1901
28,88671,145,1,1,523,4096
29,88744,43,1,1,478,4096
30,89087,376,1,1,691,2625
30,89306,125,1,1,531,4096
26,89418,215,1,1,522,4096
29,89628,103,1,1,531,4096
27,89814,399,1,1,797,3551
30,89815,160,1,1,463,4096
28,89966,371,1,1,691,3132
30,90010,79,1,1,373,1266
30,90031,318,1,1,691,3833
35,90136,79,1,1,373,2317
31,90397,79,1,1,373,582
31,90442,67,1,1,361,2361
31,90876,365,1,1,676,866
29,91483,645,1,1,939,2812
32,91525,79,1,1,373,649
27,91576,647,1,1,939,2158
33,91740,-140,1,1,251,4096
35,91743,254,1,1,653,4096
31,91844,79,1,1,373,1813
28,91901,79,1,1,373,2087
33,92159,79,1,1,373,634
32,92174,357,1,1,688,4096
33,92393,79,1,1,373,3855
29,92643,410,1,1,805,2677
31,92788,79,1,1,373,3482
32,93164,339,1,1,691,2767
31,93183,106,1,1,531,4096
34,93442,79,1,1,373,1049
30,93724,6,1,1,289,4096
30,93745,53,1,1,373,1102
36,94232,236,1,1,691,4096
32,94538,44,1,1,419,4096
32,94623,78,1,1,373,1440
32,94929,376,1,1,691,2141
33,94963,358,1,1,691,2789
32,94969,58,1,1,353,3125
36,95293,643,1,1,939,3550
33,95485,74,1,1,373,947
34,95519,59,1,1,353,556
30,95533,74,1,1,370,4050
28,95604,336,1,1,691,4028
34,95836,119,1,1,418,4096
29,95997,354,1,1,691,4096
31,96059,75,1,1,373,2314
34,96255,122,1,1,475,4096
30,96699,79,1,1,373,702
37,96846,481,1,1,827,2614
33,96899,329,1,1,691,1930
33,97136,343,1,1,709,2513
33,97260,529,1,1,870,4096
35,97384,77,1,1,373,1865
35,97447,267,1,1,691,4005
37,97478,317,1,1,691,2185
29,97628,79,1,1,373,2024
31,97721,78,1,1,373,2188
31,97820,188,1,1,529,4096
35,97857,79,1,1,373,1602
34,97920,38,1,1,338,784
32,98008,79,1,1,373,1949
38,98780,79,1,1,373,1934
33,99025,293,1,1,691,4096
34,99107,647,1,1,939,3622
31,99245,79,1,1,373,2546
38,99530,327,1,1,691,2052
34,99530,78,1,1,373,2270
35,99932,130,1,1,531,4096
36,100225,449,1,1,827,2778
35,100306,349,1,1,672,2386
30,100366,371,1,1,691,2738
34,100733,78,1,1,373,3834
36,100772,343,1,1,685,3388
35,100784,79,1,1,373,1254
37,100801,79,1,1,373,576
39,100919,462,1,1,827,2139
32,101122,323,1,1,691,3302
33,101162,550,1,1,939,3154
32,101352,50,1,1,346,2107
36,101365,376,1,1,695,1059
36,101466,473,1,1,827,3609
36,101555,71,1,1,373,771
31,101606,74,1,1,373,1240
32,101665,301,1,1,690,3944
35,101682,346,1,1,691,2575
34,101760,79,1,1,373,598
37,102063,73,1,1,373,698
36,102274,79,1,1,373,592
34,102355,326,1,1,691,3330
32,102362,68,1,1,373,756
38,102708,35,1,1,332,645
37,103288,344,1,1,691,1733
33,103443,476,1,1,826,1778
39,103626,361,1,1,691,4096
36,103656,371,1,1,691,3724
33,103691,367,1,1,686,2569
37,103864,14,1,1,313,2398
35,104078,346,1,1,691,3345
38,104280,275,1,1,653,3479
40,104359,444,1,1,823,3440
35,104706,343,1,1,687,2946
37,104868,184,1,1,530,4096
33,105448,90,1,1,417,4096
39,105544,80,1,1,375,2836
34,105616,67,1,1,373,2173
38,105803,9,1,1,311,2515
37,105806,318,1,1,691,2150
33,106014,44,1,1,343,3652
35,106038,470,1,1,827,3683
34,106065,79,1,1,373,617
35,106158,79,1,1,373,542
37,106370,40,1,1,419,4096
38,106381,407,1,1,800,2517
36,106753,76,1,1,371,2047
37,107262,79,1,1,373,509
36,107366,357,1,1,691,3288
39,107402,346,1,1,691,1599
38,107510,56,1,1,353,2642
40,107722,20,1,1,475,4096
34,107735,69,1,1,373,1721
34,107787,99,1,1,373,4096
40,107877,454,1,1,827,2333
35,107881,74,1,1,373,1816
41,107932,31,1,1,333,3573
38,108012,74,1,1,371,750
38,108032,71,1,1,373,2226
39,108364,417,1,1,827,4084
36,108426,79,1,1,373,545
38,108463,362,1,1,688,2093
40,108942,78,1,1,373,1540
36,108958,342,1,1,691,2920
36,109011,399,1,1,749,2853
39,109139,78,1,1,373,1107
39,109189,78,1,1,373,2808
42,109301,67,1,1,362,1369
35,109316,79,1,1,373,1529
35,110255,359,1,1,691,2520
40,110631,75,1,1,372,1442
41,110735,351,1,1,709,2858
41,110800,79,1,1,373,1858
37,110903,34,1,1,331,2477
36,110914,22,1,1,321,1598
37,110921,62,1,1,358,1963
40,111057,79,1,1,373,1918
41,111290,79,1,1,373,659
41,111401,364,1,1,691,3679
37,111462,140,1,1,475,4096
39,111606,149,1,1,473,4096
39,111652,350,1,1,691,3189
42,112092,55,1,1,351,691
39,112108,480,1,1,827,4096
37,112165,453,1,1,827,3154
40,112460,135,1,1,530,4096
41,112707,79,1,1,373,1650
38,112714,42,1,1,338,549
42,112784,325,1,1,691,1984
43,112846,287,1,1,655,3545
42,112884,10,1,1,310,1594
38,113126,68,1,1,362,2223
40,113215,363,1,1,709,1563
39,113240,79,1,1,373,526
40,113298,475,1,1,827,1692
42,113327,346,1,1,691,2592
43,113418,38,1,1,335,634
41,113698,363,1,1,691,1238
40,113872,66,1,1,362,632
44,114005,78,1,1,373,587
38,114045,58,1,1,353,2583
36,114351,196,1,1,531,4096
42,114383,71,1,1,373,685
39,114472,45,1,1,341,1346
43,114727,469,1,1,827,1843
37,115010,13,1,1,437,4096
38,115017,104,1,1,473,4096
43,115046,490,1,1,827,2954
45,115394,78,1,1,373,1389
41,116074,345,1,1,691,2202
39,116164,76,1,1,373,2119
40,116204,127,1,1,475,4096
42,116270,333,1,1,691,3563
38,116309,77,1,1,373,1299
44,116334,79,1,1,373,3488
43,116496,63,1,1,358,3169
40,116709,78,1,1,373,545
45,116893,79,1,1,373,559
39,116952,74,1,1,373,1935
39,116979,43,1,1,342,670
43,117132,61,1,1,356,2749
44,117137,76,1,1,373,641
44,117196,76,1,1,373,2150
41,117311,-32,1,1,419,4096
44,117363,294,1,1,690,2636
41,117374,79,1,1,373,665
41,117394,92,1,1,415,4096
40,117539,60,1,1,354,587
40,117565,79,1,1,373,586
46,117580,79,1,1,373,2186
45,117673,79,1,1,373,536
45,117795,79,1,1,373,599
44,117834,68,1,1,365,702
42,117965,68,1,1,362,654
45,117973,77,1,1,373,610
42,118024,73,1,1,373,630
43,118031,337,1,1,689,1761
42,118095,11,1,1,309,721
47,118100,79,1,1,373,520
37,118110,645,1,1,939,3759
41,118191,79,1,1,373,652
46,118198,79,1,1,373,1305
41,118279,79,1,1,373,714
46,118336,57,1,1,352,663
45,118401,79,1,1,373,567
46,118453,78,1,1,373,658
40,118568,280,1,1,690,4096
41,118660,307,1,1,691,2456
47,118756,79,1,1,373,558
46,118944,79,1,1,373,543
47,119039,65,1,1,362,586
44,119215,77,1,1,373,1184
48,119318,52,1,1,346,562
47,119461,79,1,1,373,517
42,119498,77,1,1,373,1219
46,119506,371,1,1,707,1533
48,119558,79,1,1,373,519
41,119561,46,1,1,342,993
45,119820,17,1,1,315,605
42,120005,60,1,1,364,3931
48,120066,77,1,1,373,605
47,120073,79,1,1,373,567
43,120125,319,1,1,691,2160
48,120243,321,1,1,691,2143
47,120282,79,1,1,373,1946
43,120369,51,1,1,347,2274
42,120531,70,1,1,364,2340
43,120599,24,1,1,322,594
44,121305,66,1,1,362,1180
42,121342,477,1,1,827,1781
43,121781,339,1,1,688,2283
49,121840,375,1,1,691,1774
48,121851,472,1,1,827,1778
38,121922,295,1,1,661,3812
43,122020,58,1,1,361,1489
44,122049,427,1,1,777,1680
43,122120,463,1,1,827,4096
42,122149,79,1,1,373,3489
49,122312,18,1,1,317,2994
49,122336,79,1,1,373,2093
50,122362,79,1,1,373,522
49,122364,79,1,1,373,513
39,122507,63,1,1,358,585
44,122749,79,1,1,373,2150
45,123059,73,1,1,367,1754
49,123079,365,1,1,691,3521
44,123090,61,1,1,356,1070
46,123154,67,1,1,363,3334
44,123453,61,1,1,357,1672
44,123860,333,1,1,684,1740
40,123892,60,1,1,354,1385
45,124121,79,1,1,373,1372
48,124217,644,1,1,939,3935
50,124225,356,1,1,691,1913
50,124267,72,1,1,368,1931
43,124736,60,1,1,357,2587
49,125326,79,1,1,373,1109
45,125437,77,1,1,373,2347
43,125438,89,1,1,419,4096
45,125618,61,1,1,357,3569
46,125742,353,1,1,691,1621
44,125771,25,1,1,322,1035
46,125792,288,1,1,691,2733
47,125825,79,1,1,373,2671
51,125913,349,1,1,691,1688
51,126458,74,1,1,470,4096
50,126460,121,1,1,456,4096
45,126471,79,1,1,373,700
50,126837,351,1,1,691,1511
48,127030,63,1,1,358,1205
46,127107,61,1,1,356,636
50,127175,73,1,1,475,4096
45,127549,111,1,1,417,4096
41,127630,439,1,1,827,3738
45,127956,120,1,1,446,4096
52,128016,351,1,1,691,2103
51,128053,387,1,1,709,1593
52,128159,73,1,1,367,1701
51,128363,122,1,1,530,4096
47,128447,361,1,1,691,2655
52,128678,79,1,1,373,625
47,128750,366,1,1,691,1643
51,128861,371,1,1,691,1686
53,129090,371,1,1,691,1074
46,129438,79,1,1,373,1482
46,129533,75,1,1,507,4096
44,129534,445,1,1,827,4096
46,129714,153,1,1,531,4096
47,129838,309,1,1,691,4096
49,130180,350,1,1,691,3150
54,130579,79,1,1,373,1489
52,130768,77,1,1,373,2405
53,130782,10,1,1,309,2623
53,130839,332,1,1,674,2161
51,130933,858,1,1,1331,4096
46,130993,35,1,1,332,3444
45,131082,486,1,1,827,1548
52,131100,74,1,1,373,2239
48,131370,79,1,1,373,2620
42,131726,67,1,1,459,4096
53,131729,79,1,1,373,629
50,132360,301,1,1,662,2180
48,132543,351,1,1,683,4096
47,132754,78,1,1,373,1761
54,132839,79,1,1,373,1110
51,132963,75,1,1,373,603
48,132998,79,1,1,373,3160
55,133035,66,1,1,366,2456
52,133336,62,1,1,360,2403
47,133534,181,1,1,494,4096
47,133629,96,1,1,419,4096
47,133810,138,1,1,520,4096
49,134031,370,1,1,769,2661
53,134454,411,1,1,827,3686
46,134692,462,1,1,827,3610
55,134842,348,1,1,673,2003
43,134844,423,1,1,803,3118
48,134865,78,1,1,373,2111
54,134878,488,1,1,827,4096
54,134907,270,1,1,691,4068
48,135095,359,1,1,691,1285
52,135121,354,1,1,673,2158
49,135887,79,1,1,373,2889
50,135999,61,1,1,367,1968
56,136045,467,1,1,827,3010
49,136051,51,1,1,347,3508
56,136199,361,1,1,691,1357
53,136347,333,1,1,691,3011
48,136616,332,1,1,702,3082
48,136617,79,1,1,373,2988
53,136693,77,1,1,372,1572
57,137426,360,1,1,686,1227
47,137857,340,1,1,691,3165
50,137873,325,1,1,691,1986
55,137904,79,1,1,373,2997
49,138043,37,1,1,334,2948
54,138550,104,1,1,418,4096
49,138834,79,1,1,373,3969
48,138835,78,1,1,373,978
44,138940,75,1,1,417,4096
55,138974,69,1,1,373,4096
56,139074,79,1,1,373,1170
55,139078,79,1,1,373,528
51,139986,288,1,1,691,3987
50,139999,70,1,1,373,1956
57,140141,218,1,1,553,4096
50,140147,16,1,1,308,4096
56,140227,43,1,1,341,1149
54,140443,114,1,1,530,4096
58,140493,79,1,1,373,3067
49,140712,84,1,1,445,4096
49,140713,87,1,1,543,4096
57,140758,61,1,1,356,531
54,140789,177,1,1,531,4096
49,141036,279,1,1,657,2201
50,141051,79,1,1,373,2217
57,141781,318,1,1,691,2707
51,141969,350,1,1,691,4096
56,142776,292,1,1,691,3802
50,142811,79,1,1,373,1775
58,142856,79,1,1,373,1075
59,142883,79,1,1,373,2390
45,143036,72,1,1,368,4096
50,143190,303,1,1,691,2478
55,143215,362,1,1,691,2772
51,143282,264,1,1,691,3283
58,143427,346,1,1,691,2669
52,144082,323,1,1,691,4096
58,144237,-6,1,1,419,4096
51,144243,200,1,1,666,4096
50,144384,79,1,1,373,3671
51,144613,375,1,1,691,3562
57,144845,79,1,1,373,2069
55,144885,59,1,1,524,4096
46,145143,77,1,1,373,2107
52,145268,328,1,1,691,1986
60,146008,465,1,1,827,3125
52,146065,95,1,1,415,4096
51,146907,86,1,1,416,4096
59,146952,93,1,1,543,4096
51,147286,139,1,1,499,4096
56,147311,69,1,1,419,4096
52,147439,324,1,1,691,3196
59,147523,134,1,1,429,4096
53,148178,120,1,1,419,4096
59,148333,91,1,1,527,4096
58,148382,328,1,1,691,3537
51,148480,-7,1,1,271,4096
52,148709,20,1,1,475,4096
47,148925,76,1,1,373,3782
56,148981,-32,1,1,260,4096
53,149175,60,1,1,354,3907
52,149185,79,1,1,373,1899
48,149494,79,1,1,373,569
57,149582,79,1,1,373,601
61,150104,53,1,1,531,4096
53,150161,127,1,1,419,4096
60,150378,45,1,1,355,2045
52,150781,312,1,1,691,3874
52,150898,311,1,1,691,2418
60,151048,227,1,1,682,4096
57,151407,53,1,1,419,4096
53,151535,148,1,1,475,4096
60,151619,235,1,1,690,4096
54,151799,295,1,1,689,3621
54,152050,322,1,1,691,2875
59,152478,190,1,1,645,4096
53,152805,136,1,1,419,4096
53,153281,130,1,1,475,4096
61,153526,331,1,1,691,1907
49,153590,154,1,1,529,4096
58,153678,43,1,1,475,4096
55,153789,335,1,1,689,1739
62,154200,4,1,1,481,4096
54,154257,130,1,1,531,4096
61,154474,-9,1,1,446,4096
58,154807,647,1,1,939,3400
53,154877,217,1,1,603,4096
53,154994,86,1,1,475,4096
61,155144,234,1,1,689,4096
50,155194,348,1,1,691,1604
54,155631,157,1,1,474,4096
55,155895,104,1,1,417,4096
54,155920,267,1,1,691,3115
60,156574,-35,1,1,238,4096
55,156641,49,1,1,346,721
51,156676,377,1,1,691,1482
62,157269,79,1,1,373,2795
54,157377,109,1,1,473,4096
62,157622,231,1,1,691,4096
59,157774,94,1,1,475,4096
56,157885,339,1,1,691,4096
63,158296,124,1,1,475,4096
55,158353,10,1,1,465,4096
59,158903,448,1,1,815,4096
54,158973,200,1,1,531,4096
54,159090,207,1,1,517,4096
62,159240,118,1,1,413,4096
61,159523,359,1,1,684,2949
55,159727,77,1,1,414,4096
56,159946,370,1,1,690,3305
56,159991,153,1,1,475,4096
57,160397,79,1,1,373,2512
60,160520,287,1,1,691,2746
52,160772,118,1,1,472,4096
63,161365,112,1,1,475,4096
55,161473,197,1,1,523,4096
63,161616,79,1,1,373,2376
63,161718,74,1,1,529,4096
55,161794,337,1,1,690,2704
60,161871,334,1,1,709,2968
64,162265,313,1,1,691,3969
56,162449,134,1,1,531,4096
55,163069,12,1,1,478,4096
62,163619,90,1,1,475,4096
57,163794,78,1,1,373,3803
56,163823,139,1,1,603,4096
57,164042,112,1,1,446,4096
64,164083,56,1,1,352,2718
56,164247,-3,1,1,298,2774
58,164493,324,1,1,691,4096
61,164616,129,1,1,527,4096
53,164662,316,1,1,690,3890
64,164884,333,1,1,691,3268
63,165598,328,1,1,666,1979
56,165644,298,1,1,691,2575
64,165814,162,1,1,475,4096
61,165881,358,1,1,695,4010
56,165890,174,1,1,475,4096
65,166361,27,1,1,419,4096
57,166545,78,1,1,373,4096
65,166652,326,1,1,690,2569
62,166949,377,1,1,691,1068
57,167114,349,1,1,717,2867
58,167890,-2,1,1,464,4096
57,167919,274,1,1,691,4096
58,168138,164,1,1,469,4096
65,168243,362,1,1,691,2429
66,168251,377,1,1,691,1599
65,168252,298,1,1,691,3368
54,168574,78,1,1,373,3912
59,168589,-27,1,1,267,4096
64,168650,77,1,1,373,3052
62,168712,103,1,1,419,4096
58,168996,328,1,1,686,1882
57,169326,346,1,1,691,3436
57,169740,116,1,1,419,4096
66,169780,79,1,1,373,1528
59,170256,79,1,1,373,2366
66,170457,169,1,1,488,4096
58,170641,156,1,1,480,4096
66,170676,336,1,1,689,2433
59,171008,313,1,1,683,2870
67,171012,75,1,1,373,2761
63,171045,148,1,1,474,4096
58,171190,68,1,1,362,1450
67,171328,74,1,1,373,1548
65,171672,470,1,1,801,3022
58,172015,146,1,1,478,4096
63,172311,456,1,1,827,3599
58,172454,468,1,1,826,3128
68,172542,365,1,1,691,1530
67,172598,471,1,1,827,2141
59,172651,70,1,1,371,2010
55,172670,263,1,1,565,4096
60,172685,-23,1,1,248,4096
67,173068,76,1,1,373,2392
59,173092,135,1,1,472,4096
59,173653,341,1,1,691,1638
60,173688,445,1,1,827,3432
66,173751,373,1,1,690,2079
61,174363,74,1,1,373,1678
59,174367,19,1,1,323,1913
64,174412,79,1,1,373,3367
56,174499,342,1,1,686,1829
68,174595,49,1,1,345,1527
68,174764,370,1,1,691,3436
60,175104,238,1,1,638,4096
64,175126,446,1,1,827,2815
59,175286,137,1,1,470,4096
67,175517,53,1,1,356,1766
65,175567,28,1,1,327,1155
69,175789,54,1,1,373,1025
69,176320,390,1,1,709,1725
69,176351,312,1,1,691,3809
68,176694,136,1,1,529,4096
60,176747,-37,1,1,254,4096
68,176781,79,1,1,373,1264
60,176828,68,1,1,366,3736
60,176832,78,1,1,373,1546
57,176915,79,1,1,373,2416
60,177749,314,1,1,691,4096
61,177784,214,1,1,669,4096
70,178315,346,1,1,691,1995
69,178353,344,1,1,691,1659
62,178379,334,1,1,691,4016
60,178463,132,1,1,469,4096
69,178590,361,1,1,691,1809
66,178728,323,1,1,694,3161
62,178897,57,1,1,357,1113
65,179171,277,1,1,681,4045
61,179200,118,1,1,531,4096
70,179339,482,1,1,827,3550
63,179419,79,1,1,373,1040
70,179586,77,1,1,373,3235
61,180325,297,1,1,679,3497
61,180352,355,1,1,691,3520
61,180367,442,1,1,827,3620
63,180623,372,1,1,709,1726
71,180641,326,1,1,684,2326
58,181011,142,1,1,531,4096
66,181299,374,1,1,690,2128
61,181845,149,1,1,475,4096
61,182376,231,1,1,691,3913
70,182449,134,1,1,410,4096
62,182455,79,1,1,373,610
64,182494,348,1,1,691,3075
70,182686,-14,1,1,278,4096
67,182692,286,1,1,691,3964
62,183148,358,1,1,685,3948
64,183337,331,1,1,691,2714
71,183354,79,1,1,373,668
62,183420,495,1,1,826,3068
71,183435,119,1,1,419,4096
71,183682,182,1,1,560,4096
62,184033,342,1,1,690,3666
72,184102,379,1,1,690,3461
63,184201,69,1,1,363,1746
62,184421,216,1,1,603,4096
59,185107,352,1,1,663,4096
63,185161,78,1,1,373,1741
72,185275,51,1,1,348,1593
67,185395,181,1,1,466,4096
65,186027,320,1,1,669,3533
62,186101,319,1,1,683,3725
71,186545,225,1,1,530,4096
63,186557,493,1,1,827,3409
64,186617,79,1,1,373,1456
68,186788,333,1,1,650,4096
72,187064,385,1,1,693,3710
65,187433,87,1,1,532,4096
72,187531,24,1,1,318,4096
60,187798,356,1,1,691,2691
64,187826,48,1,1,345,1269
63,188129,189,1,1,530,4096
73,188198,131,1,1,475,4096
64,188297,207,1,1,569,4096
63,188517,19,1,1,409,4096
73,189350,369,1,1,691,1819
73,189371,976,1,1,1331,4096
68,189491,155,1,1,557,4096
65,189763,366,1,1,685,3146
66,189994,270,1,1,690,3967
63,190197,202,1,1,545,4096
69,190346,365,1,1,691,3558
72,190527,257,1,1,691,3982
65,190532,501,1,1,819,2706
61,191000,380,1,1,691,3202
65,191112,78,1,1,373,2815
73,191160,418,1,1,735,4096
66,191529,45,1,1,475,4096
66,191558,38,1,1,337,1795
64,191929,312,1,1,685,3800
67,192031,372,1,1,688,2037
69,192046,326,1,1,669,2555
74,192213,319,1,1,691,2863
62,192224,362,1,1,691,1224
74,192294,288,1,1,611,4096
64,192537,291,1,1,701,4020
73,192574,79,1,1,373,2047
66,192971,504,1,1,827,1859
70,193242,325,1,1,686,2896
66,193356,365,1,1,691,2824
74,193467,375,1,1,709,4096
64,193505,340,1,1,691,3308
68,193711,382,1,1,691,1680
75,194183,479,1,1,801,1889
67,194413,448,1,1,827,2855
74,195256,187,1,1,546,4096
67,195436,516,1,1,827,2080
65,195458,78,1,1,373,2921
65,195606,364,1,1,690,2101
67,195625,193,1,1,531,4096
65,195703,349,1,1,691,3774
71,195828,352,1,1,667,2586
70,195907,23,1,1,322,3861
63,196030,446,1,1,827,3806
75,196309,111,1,1,413,4096
74,196547,346,1,1,689,3973
75,196784,327,1,1,691,3317
67,197067,30,1,1,418,4096
75,197071,79,1,1,373,524
68,197786,645,1,1,939,2350
69,197807,216,1,1,546,4096
76,198279,102,1,1,475,4096
68,198509,485,1,1,827,4096
72,199283,332,1,1,687,3455
75,199352,215,1,1,632,4096
66,199433,318,1,1,691,3730
76,199435,363,1,1,691,2651
66,199554,107,1,1,475,4096
66,199702,224,1,1,679,4096
68,199721,108,1,1,418,4096
76,199853,557,1,1,939,3544
64,199956,74,1,1,373,3926
71,200003,600,1,1,892,4096
68,200521,332,1,1,691,3454
77,200824,78,1,1,373,971
73,200942,77,1,1,373,1659
76,201167,36,1,1,408,4096
69,201201,331,1,1,674,3415
70,201202,298,1,1,690,3395
67,201891,79,1,1,373,2337
69,202098,343,1,1,686,3589
76,202248,79,1,1,373,2896
67,202310,329,1,1,691,2608
77,202375,357,1,1,688,4096
72,202378,379,1,1,691,2375
71,203161,79,1,1,373,1959
73,203459,78,1,1,373,1081
67,203529,285,1,1,616,4096
77,203531,168,1,1,478,4096
69,203817,-41,1,1,250,4096
70,203837,79,1,1,373,1739
65,203889,394,1,1,827,3933
69,204617,230,1,1,691,4096
78,204920,101,1,1,474,4096
74,205038,362,1,1,707,4096
72,205242,298,1,1,668,2081
77,205263,42,1,1,472,4096
70,205297,294,1,1,691,4096
66,205779,79,1,1,373,1890
68,205946,489,1,1,827,4055
77,206344,-128,1,1,251,4096
68,206406,480,1,1,824,4096
78,206471,164,1,1,531,4096
78,206498,79,1,1,373,2967
74,207426,263,1,1,690,3967
68,207508,301,1,1,689,3979
75,207654,647,1,1,939,2616
70,207721,490,1,1,827,3104
70,207913,40,1,1,335,4096
71,207933,119,1,1,425,4096
79,208149,79,1,1,373,3229
73,209338,167,1,1,529,4096
78,209359,292,1,1,691,4096
69,209392,73,1,1,373,2986
71,209393,307,1,1,691,4096
69,209853,287,1,1,691,3907
67,209875,102,1,1,475,4096
79,210415,373,1,1,693,1056
78,210440,95,1,1,501,4096
79,210567,432,1,1,827,4096
79,210594,22,1,1,334,4096
72,211170,324,1,1,694,3237
71,211499,55,1,1,351,3778
68,211522,72,1,1,373,1647
75,211522,298,1,1,691,4096
74,211532,79,1,1,373,2194
69,211604,200,1,1,531,4096
76,211750,149,1,1,473,4096
71,212009,-37,1,1,254,4096
70,212150,358,1,1,690,2758
80,212245,847,1,1,1125,4096
79,212386,45,1,1,341,1946
80,212587,79,1,1,373,1993
80,212923,71,1,1,373,2508
70,213251,370,1,1,690,1647
72,213489,78,1,1,472,4096
80,213559,649,1,1,941,1173
73,213825,359,1,1,689,2655
70,213949,218,1,1,531,4096
71,214612,385,1,1,691,1361
80,214663,172,1,1,475,4096
72,214906,78,1,1,373,3407
75,214950,445,1,1,827,3418
76,214989,79,1,1,373,3467
72,215063,55,1,1,351,3054
69,215618,226,1,1,531,4096
77,215846,179,1,1,530,4096
81,215978,361,1,1,690,3733
71,216246,175,1,1,474,4096
73,216473,389,1,1,709,2984
81,216476,464,1,1,827,3889
77,216569,79,1,1,373,1580
76,216610,78,1,1,373,1660
74,216702,375,1,1,691,2877
73,216778,65,1,1,361,1715
81,217019,96,1,1,419,4096
82,217366,9,1,1,307,890
72,217551,70,1,1,373,2939
81,217655,214,1,1,560,4096
75,217723,79,1,1,373,1021
73,218000,511,1,1,827,3094
71,218045,182,1,1,531,4096
74,218397,485,1,1,827,1924
81,218759,86,1,1,405,4096
72,219042,3,1,1,303,2796
78,219213,631,1,1,939,2644
78,219352,71,1,1,373,3506
70,219714,225,1,1,546,4096
82,220074,139,1,1,472,4096
82,220273,364,1,1,691,2618
76,220342,-30,1,1,275,2619
82,220370,288,1,1,691,3351
77,220706,178,1,1,500,4096
74,220874,113,1,1,419,4096
83,221462,44,1,1,418,4096
82,221476,79,1,1,373,2717
79,221607,77,1,1,373,2255
73,221647,198,1,1,558,4096
74,221667,617,1,1,939,3667
71,221871,359,1,1,691,2157
72,222141,28,1,1,412,4096
74,222199,79,1,1,373,552
75,222493,267,1,1,647,4096
83,222649,366,1,1,690,2279
78,223069,30,1,1,328,2363
73,223138,100,1,1,478,4096
79,223309,656,1,1,1125,4096
75,223589,394,1,1,709,2715
83,224170,-44,1,1,247,4096
83,224369,196,1,1,531,4096
77,224438,111,1,1,475,4096
76,224765,60,1,1,356,1176
84,225189,292,1,1,690,3727
73,225462,299,1,1,691,3321
83,225572,134,1,1,419,4096
80,225703,353,1,1,670,4096
75,225763,262,1,1,648,4096
72,225967,168,1,1,526,4096
75,226295,241,1,1,667,4096
84,226533,320,1,1,691,2164
84,226541,310,1,1,691,3892
76,226589,57,1,1,475,4096
78,227133,289,1,1,691,2695
79,227165,-36,1,1,419,4096
74,227234,-38,1,1,417,4096
80,227405,482,1,1,827,4096
76,227734,51,1,1,350,1971
84,228266,76,1,1,475,4096
77,228276,340,1,1,691,1687
77,228514,376,1,1,687,3749
81,228810,355,1,1,690,3107
84,228859,450,1,1,827,3287
73,228942,462,1,1,821,2975
81,229267,61,1,1,364,1862
85,229285,48,1,1,419,4096
74,229558,19,1,1,315,4096
79,229803,505,1,1,827,2670
76,230276,507,1,1,826,3981
85,230629,89,1,1,416,4096
85,230637,284,1,1,604,4096
78,230906,359,1,1,688,2630
80,231261,69,1,1,419,4096
75,231330,145,1,1,475,4096
85,231416,460,1,1,827,3150
78,231421,360,1,1,691,2907
85,231725,318,1,1,691,2866
80,231793,44,1,1,340,1990
77,231830,119,1,1,418,4096
82,232906,160,1,1,510,4096
74,232965,79,1,1,373,4023
79,233236,503,1,1,827,1815
82,233267,365,1,1,709,4000
86,233381,155,1,1,502,4096
78,233590,476,1,1,827,1760
75,233654,120,1,1,419,4096
76,233942,331,1,1,709,2612
86,233965,501,1,1,827,3336
86,234077,373,1,1,691,3440
81,234156,362,1,1,709,2363
77,234161,371,1,1,709,3885
83,234951,376,1,1,691,2045
79,235002,159,1,1,487,4096
86,235215,362,1,1,691,3490
81,235357,109,1,1,417,4096
86,235512,253,1,1,691,4096
87,236299,363,1,1,709,2222
78,236551,472,1,1,827,2390
87,236723,73,1,1,373,3342
75,237061,279,1,1,691,4096
80,237332,92,1,1,412,4096
83,237363,252,1,1,592,4096
79,237686,108,1,1,399,4096
76,237750,-46,1,1,256,4096
82,237845,79,1,1,373,2488
77,238038,284,1,1,690,4096
87,238061,372,1,1,691,4096
87,238230,79,1,1,373,2718
82,238252,196,1,1,550,4096
88,238863,330,1,1,691,2140
84,239047,111,1,1,417,4096
80,239098,128,1,1,437,4096
76,239251,513,1,1,827,2190
87,239311,597,1,1,890,4096
88,239417,76,1,1,373,1356
81,239529,796,1,1,1104,2197
83,240348,418,1,1,765,2503
88,240389,456,1,1,792,4090
89,240483,482,1,1,820,1620
79,240647,192,1,1,509,4096
81,240871,370,1,1,688,1773
84,241459,162,1,1,535,4096
88,241559,79,1,1,373,2248
80,241782,368,1,1,802,4096
77,241846,311,1,1,687,4096
83,241973,285,1,1,691,3721
78,242134,220,1,1,561,4096
88,242326,124,1,1,419,4096
82,242357,309,1,1,691,2828
89,242778,395,1,1,709,3361
82,243120,77,1,1,373,2249
85,243143,11,1,1,305,4096
78,243157,37,1,1,334,1311
77,243292,78,1,1,373,4041
84,244444,340,1,1,664,4096
89,244485,51,1,1,419,4096
81,244540,350,1,1,691,2758
90,244579,-30,1,1,265,4096
80,244743,172,1,1,543,4096
84,245379,79,1,1,373,3406
82,245393,79,1,1,373,853
79,245479,369,1,1,685,3345
83,245490,466,1,1,827,2370
85,245555,317,1,1,690,4096
91,245578,76,1,1,373,999
89,245655,76,1,1,401,4096
83,245757,76,1,1,373,3400
78,245879,647,1,1,939,2587
81,245972,79,1,1,373,1229
90,246183,78,1,1,373,528
89,246193,373,1,1,691,3867
90,246209,486,1,1,827,3431
86,246972,43,1,1,346,3829
79,247253,115,1,1,419,4096
84,247672,356,1,1,691,2182
90,247721,453,1,1,826,3236
83,248094,446,1,1,827,2701
79,248190,79,1,1,373,2311
85,248201,79,1,1,373,2822
85,248540,412,1,1,867,4096
87,249390,509,1,1,827,2418
84,249431,53,1,1,348,3674
80,249575,327,1,1,788,4096
86,249651,97,1,1,499,4096
82,249667,469,1,1,827,3695
92,249674,29,1,1,419,4096
91,250097,364,1,1,823,3914
91,250272,367,1,1,691,4063
90,250289,59,1,1,419,4096
80,251349,638,1,1,931,4096
84,251421,321,1,1,691,3327
85,251768,50,1,1,419,4096
91,251817,97,1,1,419,4096
80,252286,169,1,1,592,4096
86,252297,-52,1,1,403,4096
86,252396,77,1,1,373,628
86,252636,235,1,1,603,4096
91,252726,489,1,1,827,2437
88,253486,133,1,1,531,4096
85,253527,108,1,1,412,4096
81,253671,355,1,1,689,4096
87,253747,87,1,1,417,4096
83,253763,421,1,1,827,4096
93,253770,190,1,1,527,4096
92,254193,94,1,1,417,4096
92,254368,280,1,1,624,4096
85,255069,356,1,1,673,3648
81,255148,1011,1,1,1320,3799
81,255375,349,1,1,687,3089
84,255703,376,1,1,691,1940
86,255802,370,1,1,691,2275
82,255831,-37,1,1,266,2160
92,255913,20,1,1,475,4096
93,256077,375,1,1,691,1884
88,256270,518,1,1,827,2523
87,256288,454,1,1,829,3892
92,256334,74,1,1,373,3608
87,256393,161,1,1,473,4096
87,256732,276,1,1,644,4096
89,257582,8,1,1,474,4096
94,257866,60,1,1,446,4096
93,258292,467,1,1,827,3924
86,258477,646,1,1,939,3408
82,259244,201,1,1,546,4096
93,259389,470,1,1,827,3055
82,259471,374,1,1,826,4096
87,259491,350,1,1,694,3689
85,259799,433,1,1,827,4096
83,259927,288,1,1,691,4096
93,260009,154,1,1,475,4096
94,260173,88,1,1,419,4096
88,260275,309,1,1,688,3543
89,260366,-43,1,1,250,4096
88,260384,129,1,1,584,4096
88,260489,101,1,1,473,4096
94,261185,79,1,1,373,2893
95,261297,472,1,1,827,3431
90,261614,307,1,1,690,4032
89,261798,13,1,1,318,1414
94,262204,431,1,1,827,2815
87,262248,79,1,1,373,3771
88,262533,497,1,1,827,3042
95,262930,349,1,1,691,2757
83,263340,0,1,1,464,4096
83,263567,340,1,1,691,4096
86,263895,186,1,1,525,4096
94,264016,63,1,1,373,4007
84,264023,201,1,1,555,4096
89,264051,456,1,1,827,3562
89,264371,424,1,1,827,4096
90,264445,77,1,1,373,2647
90,264462,84,1,1,471,4096
91,264748,450,1,1,827,3134
95,265052,360,1,1,691,3867
96,265393,430,1,1,885,4096
84,265527,480,1,1,827,2187
85,265720,645,1,1,940,1697
88,265921,356,1,1,691,3673
89,266295,314,1,1,691,3762
95,266300,395,1,1,738,4096
84,266664,463,1,1,827,3097
96,266732,337,1,1,691,3802
95,267017,328,1,1,691,3001
91,267149,74,1,1,373,2687
90,267220,293,1,1,691,3169
91,267250,347,1,1,691,2805
96,267542,347,1,1,691,2490
87,267737,327,1,1,691,3842
90,267828,67,1,1,362,3457
91,267852,79,1,1,373,632
96,268345,79,1,1,373,1328
86,268540,79,1,1,373,2820
92,268844,593,1,1,1060,4096
89,268880,366,1,1,691,2959
97,269035,368,1,1,709,3642
85,269623,197,1,1,531,4096
96,270071,301,1,1,691,3771
97,270121,343,1,1,691,3389
92,270142,301,1,1,686,2993
90,270391,390,1,1,711,4096
85,270477,331,1,1,685,3813
93,270907,79,1,1,373,2063
97,271095,328,1,1,688,3553
92,271169,79,1,1,373,3919
92,271591,826,1,1,1125,3739
86,271666,470,1,1,827,2043
87,271759,500,1,1,829,3219
88,271833,-35,1,1,420,4096
91,271924,143,1,1,565,4096
90,271947,-45,1,1,270,3067
93,271967,-1,1,1,300,798
91,272066,809,1,1,1106,1675
97,272122,360,1,1,694,3777
87,272242,79,1,1,373,576
98,272463,357,1,1,690,2342
88,272502,34,1,1,333,743
98,273131,-43,1,1,412,4096
93,273219,74,1,1,373,1628
94,273674,486,1,1,827,2767
98,273788,320,1,1,691,2693
97,273853,437,1,1,826,3782
93,273945,330,1,1,691,3803
92,274018,346,1,1,691,2094
86,274137,373,1,1,691,3660
89,275112,321,1,1,691,3279
98,275390,401,1,1,709,3268
94,275737,335,1,1,687,3770
93,276037,29,1,1,326,2019
91,276043,62,1,1,417,4096
92,276162,308,1,1,655,4096
99,276164,377,1,1,694,3033
88,276338,111,1,1,416,4096
99,276559,209,1,1,523,4096
89,276598,385,1,1,691,4096
94,277315,304,1,1,691,4096
95,277770,235,1,1,644,4096
99,277884,333,1,1,687,4096
98,277949,450,1,1,826,4096
94,278041,1209,1,1,1528,4096
100,278219,359,1,1,673,1660
87,278233,160,1,1,469,4096
100,278342,350,1,1,691,2178
95,278827,426,1,1,827,3090
89,278882,386,1,1,762,2544
92,278902,506,1,1,827,2859
93,279121,365,1,1,692,2959
88,279133,54,1,1,358,900
90,279208,325,1,1,690,4096
99,279486,210,1,1,623,4096
94,279571,400,1,1,728,3534
95,279849,497,1,1,826,1808
101,280144,514,1,1,824,1802
96,280278,443,1,1,759,2508
100,280636,79,1,1,373,1150
90,280694,191,1,1,595,4096
101,280764,77,1,1,373,2545
93,281197,353,1,1,691,2295
95,281411,112,1,1,412,4096
91,281412,345,1,1,691,2204
97,281523,47,1,1,343,1245
94,281619,472,1,1,826,2498
100,281980,110,1,1,474,4096
91,282027,61,1,1,359,1333
99,282045,144,1,1,471,4096
89,282101,356,1,1,693,2968
95,282148,368,1,1,691,2577
92,282635,358,1,1,683,1223
96,282923,123,1,1,494,4096
90,282978,596,1,1,946,4096
102,283546,359,1,1,691,2782
100,283587,54,1,1,350,1542
96,283945,25,1,1,418,4096
96,284155,347,1,1,690,2744
94,284203,72,1,1,373,3006
102,284240,375,1,1,827,4096
103,284641,79,1,1,373,1095
101,284732,244,1,1,623,4096
101,285121,482,1,1,827,3141
91,285168,313,1,1,660,2190
98,285619,86,1,1,531,4096
95,285715,20,1,1,475,4096
97,285814,75,1,1,373,1869
97,285825,74,1,1,373,1670
102,285852,79,1,1,373,1120
90,285961,78,1,1,373,3860
92,286123,380,1,1,740,4096
96,286244,148,1,1,475,4096
93,286731,-14,1,1,451,4096
97,287019,162,1,1,461,4096
99,287492,79,1,1,373,1873
92,287604,333,1,1,691,2436
101,287683,115,1,1,499,4096
93,288238,79,1,1,373,634
102,288251,54,1,1,350,568
95,288299,12,1,1,471,4096
103,288336,74,1,1,369,4096
94,288459,79,1,1,373,1728
98,288607,79,1,1,373,2782
104,288737,139,1,1,475,4096
98,288813,334,1,1,691,2999
91,288829,346,1,1,691,2868
103,288985,580,1,1,939,3133
102,289217,357,1,1,686,4096
93,289278,77,1,1,373,3155
96,289314,385,1,1,827,3599
95,289650,384,1,1,691,1191
103,289738,488,1,1,827,1487
97,290340,432,1,1,826,4096
96,290353,368,1,1,690,2054
96,290719,33,1,1,349,1069
104,290948,79,1,1,373,2612
98,291115,115,1,1,475,4096
100,291332,79,1,1,373,3840
94,291349,276,1,1,682,3111
97,291881,372,1,1,691,1528
104,292001,63,1,1,359,2263
95,292005,63,1,1,359,656
92,292379,469,1,1,827,3550
99,292703,94,1,1,474,4096
104,292734,220,1,1,673,3749
105,292833,217,1,1,581,4096
99,292909,584,1,1,1039,4096
97,292923,450,1,1,827,2204
103,293313,356,1,1,754,4096
94,293374,377,1,1,690,4096
97,293410,79,1,1,373,4096
101,293605,79,1,1,373,2273
106,293681,79,1,1,373,848
98,293693,72,1,1,373,1812
96,293797,79,1,1,373,1792
105,293890,79,1,1,373,2942
100,293954,362,1,1,691,1251
95,294056,76,1,1,373,682
102,294158,68,1,1,363,553
98,294436,235,1,1,690,4096
105,294575,356,1,1,691,2574
100,294864,79,1,1,373,1955
98,295044,61,1,1,359,2121
99,295211,-39,1,1,253,4096
93,296475,204,1,1,626,4096
101,296746,79,1,1,373,1882
100,296799,41,1,1,337,1588
105,296830,219,1,1,691,4096
101,297297,79,1,1,373,3343
104,297409,412,1,1,823,4096
98,297506,175,1,1,540,4096
107,297610,59,1,1,353,3929
99,297789,132,1,1,475,4096
97,297893,5,1,1,418,4096
106,297986,385,1,1,691,4096
96,298152,47,1,1,502,4096
103,298254,65,1,1,408,4096
99,298532,92,1,1,387,4096
106,298671,96,1,1,472,4096
99,299140,20,1,1,475,4096
104,299203,65,1,1,360,949
94,299473,368,1,1,691,2998
102,299877,356,1,1,691,2580
97,299954,78,1,1,373,1802
107,300680,376,1,1,702,2694
102,300842,411,1,1,863,4096
98,300882,77,1,1,373,2989
95,300885,51,1,1,348,1412
101,300895,79,1,1,373,4096
106,300926,94,1,1,467,4096
105,300973,79,1,1,373,3564
100,301178,78,1,1,373,2038
99,301602,127,1,1,419,4096
108,301706,-37,1,1,255,4096
103,301852,366,1,1,684,1975
103,301884,77,1,1,373,1042
100,301885,57,1,1,356,4096
107,301914,64,1,1,359,3243
100,302628,167,1,1,469,4096
108,302741,373,1,1,693,2061
98,302776,343,1,1,675,2822
96,302856,79,1,1,373,1971
105,302956,77,1,1,373,3753
101,303102,386,1,1,709,1217
102,303153,17,1,1,315,2258
104,303304,379,1,1,688,1452
104,303382,79,1,1,373,1498
100,303521,504,1,1,823,1919
106,303595,361,1,1,691,2622
101,304201,360,1,1,691,1573
106,304220,51,1,1,350,1264
109,304438,387,1,1,709,1697
101,304628,77,1,1,373,3450
107,304743,430,1,1,827,3817
99,304978,239,1,1,691,4096
103,305249,337,1,1,665,2096
109,305377,474,1,1,789,3671
99,305538,484,1,1,827,2762
108,306010,394,1,1,784,4096
102,306050,342,1,1,691,2948
102,306156,79,1,1,373,1528
107,306241,381,1,1,690,2646
102,306373,371,1,1,691,2172
101,306643,355,1,1,691,3122
105,306653,486,1,1,827,3349
97,306952,187,1,1,558,4096
104,307132,503,1,1,827,1883
110,307155,77,1,1,373,1778
107,307285,79,1,1,373,3065
108,307380,78,1,1,373,2637
100,307458,482,1,1,827,2480
105,307478,107,1,1,475,4096
103,307644,78,1,1,373,1271
111,307840,79,1,1,373,685
102,307900,79,1,1,373,1257
109,307908,78,1,1,373,528
101,308136,58,1,1,353,678
110,308164,78,1,1,373,3726
104,308170,79,1,1,373,526
109,308184,77,1,1,373,2174
108,308247,78,1,1,373,2006
106,309097,343,1,1,690,1619
108,309214,387,1,1,691,1929
100,309634,-34,1,1,417,4096
102,309820,54,1,1,351,1684
109,310048,54,1,1,350,834
98,310085,78,1,1,373,3133
103,310136,647,1,1,939,3980
103,310146,45,1,1,420,4096
106,310446,79,1,1,373,3793
103,310587,78,1,1,373,2687
110,310601,77,1,1,373,2417
99,310868,79,1,1,373,783
105,310897,357,1,1,701,3765
110,311033,361,1,1,691,3125
111,311220,74,1,1,373,3056
101,311407,343,1,1,691,1773
105,311886,509,1,1,827,3716
112,311936,86,1,1,419,4096
107,312213,59,1,1,354,3116
109,312343,-3,1,1,464,4096
107,312464,460,1,1,827,2018
110,312718,380,1,1,691,2670
106,312723,322,1,1,681,1826
104,313509,450,1,1,827,3363
104,313552,504,1,1,827,3416
108,313576,384,1,1,691,1363
103,313916,142,1,1,475,4096
107,313938,62,1,1,358,1215
104,314046,77,1,1,373,3459
106,314296,363,1,1,688,2410
104,314500,69,1,1,363,584
111,314599,565,1,1,941,3566
110,314619,490,1,1,827,2276
100,314657,462,1,1,827,3789
111,314697,511,1,1,827,4096
108,314824,343,1,1,691,2360
111,315185,42,1,1,344,2467
109,315207,645,1,1,939,1631
108,315300,65,1,1,360,1362
112,315316,2,1,1,296,4096
111,315425,78,1,1,373,806
102,315503,32,1,1,367,4096
107,315789,74,1,1,373,1493
112,316001,78,1,1,373,576
113,316014,79,1,1,373,698
113,316032,458,1,1,827,4096
109,316053,79,1,1,373,753
109,316183,79,1,1,373,1359
112,316551,73,1,1,373,1854
105,316775,381,1,1,691,3266
105,316857,334,1,1,689,3305
110,316978,514,1,1,827,1771
101,317320,368,1,1,691,2663
114,317506,350,1,1,691,1474
112,317600,479,1,1,826,2415
103,317741,337,1,1,691,2238
110,317853,484,1,1,827,1800
108,317882,457,1,1,827,2093
112,317973,453,1,1,827,3374
105,318142,271,1,1,634,4096
110,318457,642,1,1,939,2274
113,318499,369,1,1,691,2498
114,318531,354,1,1,697,2517
105,318596,809,1,1,1195,4096
111,319173,79,1,1,373,2195
113,319216,500,1,1,827,2665
111,319384,483,1,1,827,1531
113,319396,381,1,1,691,1796
109,320120,447,1,1,825,2238
102,320196,343,1,1,691,2876
113,320360,457,1,1,827,2387
106,320364,364,1,1,691,1768
114,320623,56,1,1,351,1227
106,320662,468,1,1,827,3805
114,320730,480,1,1,821,1514
115,320821,373,1,1,691,3315
106,320871,135,1,1,590,4096
111,320904,-20,1,1,284,2447
114,321015,66,1,1,363,2516
112,321391,378,1,1,691,2218
106,321600,497,1,1,827,3458
104,321837,345,1,1,691,4096
115,322627,22,1,1,448,4096
115,322711,493,1,1,827,2088
107,322720,359,1,1,691,2356
103,322755,367,1,1,695,2559
107,322990,71,1,1,373,2119
112,323480,278,1,1,691,4096
114,323859,503,1,1,827,3499
115,323924,327,1,1,684,2909
110,323957,559,1,1,939,3837
107,324012,384,1,1,709,3350
116,324171,79,1,1,373,1460
113,324409,79,1,1,373,3018
116,324568,349,1,1,691,3747
112,324590,454,1,1,825,3686
115,324609,333,1,1,690,3879
104,325327,79,1,1,373,2572
107,325642,378,1,1,689,4042
105,325933,83,1,1,475,4096
116,326044,362,1,1,689,2120
113,326624,512,1,1,827,2034
116,326723,153,1,1,500,4096
111,326778,318,1,1,690,2821
108,326816,228,1,1,545,4096
108,327034,313,1,1,691,4044
116,327279,483,1,1,827,2670
113,327576,370,1,1,691,4096
117,327599,365,1,1,691,3428
108,327790,319,1,1,709,3778
114,327902,510,1,1,827,1278
115,327955,467,1,1,826,4096
114,328244,377,1,1,691,3835
117,328448,640,1,1,939,1725
117,328664,-40,1,1,411,4096
105,329423,64,1,1,475,4096
118,329661,339,1,1,690,2062
108,329738,190,1,1,572,4096
115,329971,56,1,1,353,2069
106,330019,350,1,1,709,4086
117,330140,20,1,1,475,4096
109,330720,312,1,1,690,3904
112,330874,94,1,1,418,4096
109,331130,632,1,1,971,4096
117,331324,78,1,1,373,4045
118,331353,362,1,1,689,2689
116,331360,473,1,1,827,3405
114,331672,411,1,1,748,4096
118,331780,321,1,1,691,3332
116,331876,358,1,1,691,1905
109,331886,-29,1,1,265,4096
106,332019,372,1,1,690,2596
109,332049,647,1,1,939,2311
115,332340,110,1,1,499,4096
107,332560,360,1,1,687,2541
110,333087,375,1,1,690,1957
118,333355,373,1,1,690,3215
119,333404,461,1,1,826,3743
108,333492,52,1,1,348,932
110,333584,358,1,1,704,2864
116,333614,28,1,1,326,1274
119,333629,372,1,1,691,2276
115,333702,381,1,1,691,2030
118,333820,78,1,1,373,2496
117,334167,362,1,1,691,2291
117,334535,358,1,1,691,3175
113,334713,339,1,1,691,3839
116,335630,498,1,1,827,1928
119,335876,291,1,1,691,4096
110,335982,317,1,1,691,4096
111,336085,459,1,1,821,2998
107,336115,104,1,1,416,4096
110,336145,37,1,1,474,4096
120,336433,333,1,1,691,2804
120,336516,336,1,1,690,3112
118,336698,376,1,1,691,2531
109,337094,335,1,1,693,3602
119,337317,362,1,1,690,3962
117,337580,379,1,1,691,3966
118,337590,292,1,1,638,3055
111,337680,445,1,1,823,4096
121,337913,366,1,1,688,1480
119,337916,275,1,1,691,4096
120,338118,397,1,1,709,2242
117,338501,365,1,1,691,2871
114,338809,98,1,1,421,4096
111,339004,363,1,1,691,2859
121,339641,387,1,1,691,1523
108,339659,371,1,1,691,3544
110,339737,369,1,1,691,2643
111,340078,272,1,1,691,4096
112,340181,114,1,1,413,4096
121,340487,386,1,1,691,3971
118,340522,345,1,1,691,2942
120,340775,501,1,1,827,3458
119,340794,224,1,1,518,4096
122,340906,40,1,1,337,1265
120,341524,79,1,1,373,3608
119,341686,229,1,1,684,4096
112,341776,137,1,1,484,4096
122,342009,188,1,1,531,4096
119,342225,72,1,1,370,1703
122,342372,42,1,1,338,1885
115,342452,354,1,1,691,3643
118,342597,334,1,1,722,4096
112,343100,125,1,1,475,4096
113,343249,493,1,1,827,3068
109,343311,348,1,1,691,3652
111,343361,368,1,1,690,3624
113,343688,647,1,1,939,1912
112,344174,135,1,1,470,4096
113,344239,393,1,1,709,1139
123,344434,329,1,1,690,2425
120,344483,336,1,1,691,2258
121,344871,137,1,1,471,4096
120,344890,198,1,1,574,4096
120,344962,19,1,1,317,3276
123,345002,340,1,1,686,4096
121,345620,146,1,1,475,4096
114,346076,379,1,1,691,2388
121,346106,362,1,1,688,1623
116,346417,314,1,1,691,3965
123,346468,-52,1,1,248,4096
114,346526,442,1,1,827,3277
119,346614,519,1,1,829,4017
121,346658,40,1,1,345,1768
110,347407,216,1,1,528,4096
112,347457,120,1,1,471,4096
122,347460,454,1,1,827,2589
121,348166,465,1,1,827,3204
113,348248,336,1,1,691,4074
114,348335,499,1,1,827,4096
124,348530,167,1,1,502,4096
124,348618,376,1,1,691,3616
120,349279,-17,1,1,285,2665
115,349629,63,1,1,358,3553
122,349657,489,1,1,827,1491
122,349716,423,1,1,826,4096
124,350022,363,1,1,691,3554
122,350202,128,1,1,475,4096
117,350274,30,1,1,332,3857
113,350321,377,1,1,691,2864
121,350512,77,1,1,371,1233
115,350622,297,1,1,687,4096
122,350754,85,1,1,475,4096
125,350803,394,1,1,709,2273
123,350899,368,1,1,690,3439
111,351503,1038,1,1,1401,4096
125,351604,647,1,1,939,1582
114,351873,315,1,1,675,3625
114,351989,79,1,1,373,1668
115,352431,73,1,1,472,4096
125,352714,117,1,1,419,4096
118,352856,336,1,1,691,2582
122,353254,506,1,1,827,2742
116,353725,387,1,1,827,4096
123,353753,121,1,1,418,4096
123,353812,97,1,1,489,4096
126,354006,498,1,1,827,3203
123,354105,353,1,1,691,3903
124,354196,476,1,1,827,3297
116,354718,34,1,1,419,4096
116,354836,79,1,1,373,2405
123,354850,339,1,1,691,4096
123,354857,374,1,1,688,1603
115,354966,367,1,1,691,3093
126,355445,337,1,1,691,2731
112,355599,596,1,1,1011,4096
115,355614,54,1,1,350,3625
126,355700,174,1,1,531,4096
125,356205,335,1,1,691,2009
124,356457,377,1,1,691,2704
119,356643,469,1,1,827,3787
127,356998,372,1,1,687,1553
124,357055,373,1,1,687,3243
117,357449,313,1,1,691,3724
124,357481,511,1,1,827,2624
124,357707,37,1,1,335,3602
116,357804,355,1,1,691,2838
124,357967,456,1,1,827,3117
127,358102,317,1,1,691,4096
117,358814,383,1,1,691,4096
117,358932,151,1,1,463,4096
128,359442,329,1,1,692,2444
118,359686,79,1,1,373,2237
113,359695,83,1,1,417,4096
116,359710,294,1,1,691,4096
125,359721,518,1,1,827,2014
126,359772,412,1,1,827,3567
127,359796,60,1,1,419,4096
125,359919,79,1,1,373,1952
125,360119,71,1,1,365,3064
128,360412,456,1,1,804,2310
125,360483,298,1,1,691,4026
117,360489,384,1,1,691,2685
120,360739,275,1,1,691,4096
118,360977,363,1,1,687,2163
114,361567,79,1,1,373,1872
125,361577,380,1,1,700,4096
129,361698,77,1,1,373,2256
126,361705,364,1,1,689,1586
117,361843,355,1,1,691,2133
126,362400,375,1,1,689,2679
118,363028,179,1,1,493,4096
128,363091,466,1,1,827,3295
126,363120,358,1,1,690,3201
118,363246,373,1,1,691,2757
127,363343,468,1,1,838,3571
115,363643,67,1,1,364,2076
129,363755,361,1,1,691,3343
119,363782,491,1,1,825,4096
130,363883,503,1,1,827,2185
126,364543,495,1,1,826,2966
126,364579,400,1,1,825,4096
119,364827,383,1,1,694,1799
121,364835,353,1,1,673,4096
129,364855,439,1,1,762,1764
128,364916,57,1,1,352,1573
127,364955,385,1,1,709,3250
119,365073,99,1,1,419,4096
127,365321,447,1,1,798,2201
131,365626,379,1,1,690,1743
118,365939,396,1,1,826,4096
120,366071,319,1,1,693,2289
119,366454,77,1,1,373,3208
127,366496,68,1,1,418,4096
129,366917,378,1,1,690,2001
130,367020,345,1,1,690,2165
127,367139,79,1,1,373,2560
116,367739,253,1,1,691,4096
130,367851,403,1,1,691,4096
128,367948,502,1,1,827,2627
128,368020,479,1,1,827,3065
127,368117,384,1,1,690,3574
131,368392,79,1,1,373,1372
132,368493,384,1,1,691,2867
120,368662,313,1,1,648,3589
120,368923,169,1,1,531,4096
122,368931,580,1,1,855,4096
119,369233,362,1,1,691,3294
121,369545,77,1,1,371,883
128,369607,47,1,1,343,3111
130,369676,333,1,1,691,2759
132,369998,79,1,1,373,1606
121,370167,946,1,1,1264,4096
129,370276,1111,1,1,1445,2256
120,370332,289,1,1,687,3878
117,370532,352,1,1,691,2793
129,370817,329,1,1,691,2869
133,371167,481,1,1,827,2674
128,371235,111,1,1,459,4096
131,371877,33,1,1,337,2201
131,371947,99,1,1,531,4096
121,372101,337,1,1,691,3178
128,372213,297,1,1,646,4096
121,372319,78,1,1,373,1987
123,372636,435,1,1,827,3705
130,373218,498,1,1,829,2401
133,373272,351,1,1,664,3274
120,373329,160,1,1,474,4096
129,373445,4,1,1,303,3838
122,373641,122,1,1,419,4096
134,373773,297,1,1,630,2606
122,374056,367,1,1,691,3889
130,374112,375,1,1,691,3836
122,374280,79,1,1,373,1961
132,374324,376,1,1,691,2447
118,374628,283,1,1,691,4096
129,374748,391,1,1,709,2535
119,375171,79,1,1,373,543
129,375331,173,1,1,625,4096
122,375356,570,1,1,944,3255
123,376003,360,1,1,691,2362
132,376043,357,1,1,827,4096
121,376512,373,1,1,691,3183
124,376732,802,1,1,1246,4096
123,376911,79,1,1,373,2855
123,377087,26,1,1,325,2807
131,377314,120,1,1,419,4096
134,377368,236,1,1,688,4096
135,377535,357,1,1,688,3762
130,377541,150,1,1,603,4096
130,377844,334,1,1,691,2513
124,378093,36,1,1,333,2090
133,378149,484,1,1,827,3825
131,378208,174,1,1,499,4096
120,378224,639,1,1,939,3053
123,378466,387,1,1,775,3110
122,378580,366,1,1,691,2068
130,378844,-25,1,1,430,4096
125,379191,353,1,1,691,2459
132,379314,369,1,1,691,2000
133,379354,367,1,1,691,3311
135,379437,75,1,1,373,2069
124,379733,573,1,1,939,2646
131,379893,483,1,1,825,2352
124,379901,314,1,1,674,2990
121,380134,55,1,1,350,1910
132,380230,647,1,1,939,2022
136,380545,428,1,1,823,3010
131,380673,376,1,1,689,2829
126,380805,78,1,1,373,1614
125,381390,353,1,1,691,1657
124,381446,465,1,1,816,2980
131,381503,484,1,1,827,2659
136,381516,364,1,1,691,2079
132,381545,28,1,1,326,872
125,381616,475,1,1,815,3523
123,381751,27,1,1,326,3171
134,382245,49,1,1,473,4096
134,382683,295,1,1,655,3329
127,383143,492,1,1,827,2338
125,383308,77,1,1,373,1862
133,383322,405,1,1,827,4008
133,383482,351,1,1,691,3252
125,383764,33,1,1,330,3863
126,383828,352,1,1,691,2438
137,383857,48,1,1,344,2341
124,383901,359,1,1,691,2150
135,383950,78,1,1,373,1267
137,383952,30,1,1,327,3407
132,383989,413,1,1,744,4096
122,384230,79,1,1,478,4096
126,384925,514,1,1,827,3309
132,385082,358,1,1,691,3579
134,385392,369,1,1,692,2070
133,385552,79,1,1,373,1563
126,385623,374,1,1,691,1859
133,385641,139,1,1,531,4096
138,385882,519,1,1,827,2025
135,386148,61,1,1,357,3903
136,386298,649,1,1,941,2348
128,386300,427,1,1,827,3157
125,386314,308,1,1,657,2413
134,386793,495,1,1,827,3311
126,387404,123,1,1,531,4096
127,387592,51,1,1,373,3764
135,387722,359,1,1,689,2330
136,387735,372,1,1,686,1587
133,387903,368,1,1,691,2821
138,388048,99,1,1,405,4096
134,388121,79,1,1,373,2480
126,388170,383,1,1,691,1856
123,388326,217,1,1,531,4096
135,388743,54,1,1,352,1950
127,388801,61,1,1,356,3178
129,388847,505,1,1,826,2547
127,389021,626,1,1,1011,4096
128,389142,359,1,1,691,1550
139,389609,331,1,1,691,3727
134,389648,360,1,1,815,4096
127,390268,373,1,1,693,2098
128,390303,353,1,1,667,1502
137,390394,370,1,1,700,4096
135,390586,491,1,1,827,2465
137,390704,289,1,1,691,2969
127,390846,468,1,1,827,3442
136,391510,328,1,1,689,3788
136,391755,469,1,1,827,3012
128,391944,352,1,1,690,2923
134,391977,373,1,1,690,4074
139,392144,496,1,1,827,4096
124,392422,41,1,1,375,4096
128,392758,366,1,1,691,2490
129,392843,647,1,1,939,3701
130,392943,20,1,1,320,4096
138,393090,488,1,1,827,2386
135,393221,356,1,1,691,3573
136,393248,358,1,1,691,2662
138,393431,494,1,1,823,3037
129,393445,371,1,1,691,3142
129,393684,78,1,1,373,926
140,393705,372,1,1,827,4096
137,393962,363,1,1,691,2207
129,394651,498,1,1,827,2707
140,394804,307,1,1,690,2660
130,394905,79,1,1,373,1460
131,394908,79,1,1,373,1965
125,394913,79,1,1,373,2491
128,394942,271,1,1,691,4096
136,395035,646,1,1,939,1814
139,395440,372,1,1,691,2009
137,395606,368,1,1,827,4096
135,395711,297,1,1,686,3734
141,395766,497,1,1,827,2061
139,396538,54,1,1,355,3448
130,396587,365,1,1,691,3744
130,396886,35,1,1,335,3202
130,397089,495,1,1,826,2438
131,397315,498,1,1,824,2410
137,397344,24,1,1,317,4096
141,397613,502,1,1,827,2809
132,397761,52,1,1,348,2853
129,397780,351,1,1,691,2838
140,397848,363,1,1,691,2408
138,398058,169,1,1,531,4096
140,398511,487,1,1,826,1973
137,398572,429,1,1,789,3537
126,399009,145,1,1,440,4096
131,399125,79,1,1,373,2036
136,399294,458,1,1,827,3583
138,399325,342,1,1,700,3719
142,399354,337,1,1,664,3588
130,399616,51,1,1,358,1836
133,399837,508,1,1,827,2076
138,399870,502,1,1,827,2526
141,400129,366,1,1,691,2281
131,400424,369,1,1,709,3837
142,400642,369,1,1,691,3029
138,400668,79,1,1,373,2096
131,400769,491,1,1,827,3883
127,400942,78,1,1,373,1933
141,400983,328,1,1,676,2472
137,401242,77,1,1,373,1948
132,401411,183,1,1,610,4096
143,401744,366,1,1,681,2390
132,401773,38,1,1,335,1349
128,401796,36,1,1,336,854
132,401850,376,1,1,691,2725
142,402073,368,1,1,691,1944
132,402137,374,1,1,691,1368
139,402154,182,1,1,468,4096
139,402495,54,1,1,349,2625
139,402715,472,1,1,827,3390
131,402735,34,1,1,331,3119
142,402892,302,1,1,630,1909
134,403314,345,1,1,691,3477
139,403498,469,1,1,827,2830
133,403632,510,1,1,827,2221
133,403934,30,1,1,328,1797
138,404069,61,1,1,356,2827
132,404150,42,1,1,337,1415
140,404232,60,1,1,355,734
129,404259,365,1,1,691,2463
140,404402,383,1,1,697,1907
144,404480,496,1,1,827,2736
143,404711,371,1,1,691,2638
143,404738,18,1,1,290,4096
134,405070,511,1,1,827,1438
133,405127,377,1,1,691,3354
135,405335,46,1,1,342,2021
143,405711,352,1,1,691,2819
134,405751,364,1,1,691,1817
133,405946,58,1,1,474,4096
140,406147,322,1,1,691,3432
144,406157,79,1,1,373,1446
140,406250,57,1,1,475,4096
144,406346,79,1,1,373,635
141,406593,350,1,1,691,2361
135,406790,394,1,1,709,1039
130,406961,350,1,1,691,2702
134,406979,374,1,1,691,1033
141,407299,443,1,1,775,2897
134,407478,472,1,1,827,2351
133,407706,378,1,1,690,3556
145,407719,643,1,1,939,3239
144,407729,457,1,1,827,2991
139,407760,287,1,1,690,3691
145,407857,354,1,1,691,1700
145,407915,383,1,1,689,1569
141,408057,369,1,1,691,1910
141,408164,362,1,1,687,1914
135,408183,376,1,1,691,3113
131,408361,506,1,1,819,1400
142,409043,352,1,1,683,1744
136,409431,319,1,1,652,4096
142,409566,332,1,1,665,2973
